S1,S2,S3,S4,S5,S6,S7,S8,Pos,Target
22,23,19,18,24,20,19,22,0,Relax
21,22,21,20,24,19,19,20,0,Relax
19,21,19,21,25,19,19,19,0,Relax
18,23,19,25,24,19,19,19,0,Relax
17,21,23,24,22,21,19,21,0,Relax
19,21,22,25,21,20,20,21,0,Relax
19,21,21,25,22,20,20,21,0,Relax
23,23,20,22,20,22,18,23,0,Relax
21,23,19,19,21,23,19,24,0,Relax
21,21,21,20,20,23,20,24,0,Relax
19,20,20,20,22,23,20,22,0,Relax
18,20,22,20,19,23,20,22,0,Relax
19,19,22,21,20,23,20,21,0,Relax
19,20,22,22,20,22,19,20,0,Relax
20,19,21,21,21,22,19,20,0,Relax
20,20,21,22,21,23,19,21,0,Relax
20,20,21,22,22,24,19,23,0,Relax
21,21,22,24,20,24,19,22,0,Relax
21,21,22,24,20,23,20,23,0,Relax
23,22,23,22,21,26,21,21,0,Relax
22,22,25,22,21,24,21,18,0,Relax
22,22,24,22,21,23,19,18,0,Relax
21,21,22,20,21,21,21,18,0,Relax
20,21,23,21,21,23,20,18,0,Relax
19,19,22,20,20,21,19,19,0,Relax
18,19,21,20,21,22,19,20,0,Relax
20,23,19,23,23,22,22,23,0,Relax
21,23,20,20,23,22,21,22,0,Relax
20,21,21,22,22,22,21,21,0,Relax
20,19,20,20,22,22,20,20,0,Relax
21,19,21,20,23,22,20,20,0,Relax
21,20,22,22,24,22,20,21,0,Relax
21,19,21,23,23,22,23,23,0,Relax
20,18,21,22,24,22,22,24,0,Relax
23,20,22,23,24,20,23,23,0,Relax
21,21,20,22,21,20,19,19,0,Relax
22,21,21,23,20,21,18,19,0,Relax
22,21,21,21,21,22,18,21,0,Relax
22,20,20,22,21,24,19,22,0,Relax
22,21,20,22,21,26,19,22,0,Relax
20,20,22,22,21,25,21,23,0,Relax
21,20,21,20,21,24,21,22,0,Relax
21,19,21,22,20,24,22,23,0,Relax
19,23,19,21,21,19,19,20,0,Relax
18,23,20,20,23,20,18,20,0,Relax
19,22,21,23,23,19,18,19,0,Relax
19,23,22,23,22,20,18,22,0,Relax
19,21,21,23,22,21,18,24,0,Relax
20,19,21,23,22,23,19,23,0,Relax
21,19,20,25,23,22,21,22,0,Relax
23,18,20,22,23,24,20,22,0,Relax
24,16,22,24,24,23,19,20,0,Relax
20,20,22,20,22,23,20,21,0,Relax
20,21,21,18,22,21,21,22,0,Relax
20,21,21,17,23,21,22,21,0,Relax
18,20,21,21,24,22,21,20,0,Relax
21,20,21,22,22,21,21,20,0,Relax
22,20,22,23,22,23,21,21,0,Relax
22,19,23,25,22,23,20,21,0,Relax
21,20,23,25,21,23,18,21,0,Relax
19,20,20,21,23,22,23,21,0,Relax
19,22,21,20,19,21,22,20,0,Relax
18,23,21,20,20,22,22,21,0,Relax
19,24,21,20,19,21,20,21,0,Relax
19,22,19,22,19,24,20,21,0,Relax
20,22,20,20,18,23,21,20,0,Relax
19,20,19,21,17,23,20,22,0,Relax
20,19,20,21,19,21,21,22,0,Relax
20,20,21,21,19,22,23,21,0,Relax
23,20,23,18,20,20,23,21,0,Relax
17,20,24,21,23,25,19,21,0,Relax
18,22,22,21,22,22,20,20,0,Relax
18,21,24,20,23,24,19,19,0,Relax
17,22,22,22,21,24,19,19,0,Relax
20,21,23,21,21,25,19,20,0,Relax
21,22,20,20,22,23,18,20,0,Relax
21,19,22,18,22,23,18,21,0,Relax
21,20,21,19,19,21,18,20,0,Relax
17,24,17,22,19,23,19,17,0,Relax
18,23,18,22,21,21,18,19,0,Relax
18,22,18,21,22,22,19,18,0,Relax
19,23,21,21,22,23,19,18,0,Relax
19,23,22,23,24,23,19,19,0,Relax
20,22,25,21,24,23,21,22,0,Relax
20,22,24,22,23,24,22,19,0,Relax
20,23,19,21,20,24,20,21,0,Relax
19,22,20,21,22,24,23,19,0,Relax
20,22,20,22,23,25,24,18,0,Relax
21,23,21,21,22,22,24,19,0,Relax
21,21,22,21,22,23,23,20,0,Relax
20,20,22,22,22,21,25,20,0,Relax
22,20,22,22,19,20,21,21,0,Relax
22,23,21,20,20,23,23,27,0,Relax
22,22,20,20,19,23,23,26,0,Relax
21,23,23,19,17,21,24,25,0,Relax
22,22,21,19,20,23,23,21,0,Relax
21,20,23,18,20,22,25,20,0,Relax
21,18,24,18,21,22,22,18,0,Relax
20,18,24,17,21,21,21,17,0,Relax
20,26,24,21,20,22,20,22,0,Relax
23,25,23,20,19,20,19,22,0,Relax
22,23,23,19,19,22,21,20,0,Relax
21,23,21,21,19,21,21,21,0,Relax
20,19,22,22,19,23,21,21,0,Relax
21,21,22,20,20,24,20,19,0,Relax
18,22,20,20,21,22,22,20,0,Relax
19,22,20,20,22,20,21,20,0,Relax
21,21,21,20,20,20,20,23,0,Relax
20,19,21,19,22,19,20,24,0,Relax
20,20,22,18,22,22,17,26,0,Relax
21,21,23,18,21,21,17,25,0,Relax
20,21,25,18,22,20,20,25,0,Relax
21,20,25,19,21,22,20,23,0,Relax
20,21,24,18,20,21,22,23,0,Relax
20,21,23,20,19,20,24,21,0,Relax
21,21,23,26,21,20,20,22,0,Relax
19,21,20,23,20,20,19,21,0,Relax
18,20,20,22,20,21,20,21,0,Relax
19,20,21,21,22,22,22,23,0,Relax
19,21,20,20,21,21,22,21,0,Relax
21,22,22,20,19,23,20,21,0,Relax
22,21,22,21,22,27,20,19,0,Relax
22,20,21,20,20,26,21,19,0,Relax
23,21,19,22,21,26,20,19,0,Relax
22,21,19,21,22,25,20,21,0,Relax
22,21,19,20,22,24,19,22,0,Relax
20,21,18,23,21,20,19,21,0,Relax
25,23,21,22,25,24,18,21,0,Relax
21,22,22,21,25,21,18,22,0,Relax
23,22,21,22,24,23,20,21,0,Relax
24,22,21,22,23,23,21,22,0,Relax
23,21,22,23,21,21,21,20,0,Relax
19,22,23,19,23,24,22,23,0,Relax
21,22,23,18,22,24,20,22,0,Relax
19,23,23,17,20,24,19,23,0,Relax
19,23,20,19,22,20,20,23,0,Relax
22,22,21,17,20,20,20,24,0,Relax
21,21,21,20,20,22,18,22,0,Relax
22,21,23,20,20,21,20,22,0,Relax
19,20,21,19,19,20,22,20,0,Relax
18,20,19,20,21,21,21,20,0,Relax
18,21,21,21,20,20,23,18,0,Relax
20,21,20,20,20,21,23,19,0,Relax
18,20,20,21,22,22,22,20,0,Relax
20,22,18,22,23,21,23,22,0,Relax
22,22,18,21,24,23,23,21,0,Relax
21,22,20,23,22,24,22,22,0,Relax
22,19,22,20,23,24,21,21,0,Relax
22,18,24,20,23,24,20,22,0,Relax
22,19,24,20,23,25,21,21,0,Relax
20,22,20,24,20,22,19,19,0,Relax
20,24,19,23,20,22,16,18,0,Relax
20,24,19,21,18,23,17,18,0,Relax
20,22,19,18,18,21,17,18,0,Relax
19,23,19,18,20,21,18,20,0,Relax
21,19,21,21,21,21,16,19,0,Relax
21,19,20,23,21,22,17,20,0,Relax
20,19,19,22,22,22,20,20,0,Relax
19,21,21,23,21,20,22,18,0,Relax
18,22,21,22,22,20,20,17,0,Relax
19,20,19,24,20,20,20,16,0,Relax
19,21,19,26,19,20,20,20,0,Relax
20,22,19,21,21,20,21,22,0,Relax
22,21,19,21,22,21,22,22,0,Relax
23,20,21,21,22,22,22,21,0,Relax
21,20,21,20,22,20,22,26,0,Relax
20,19,19,21,24,20,23,27,0,Relax
21,20,20,21,24,21,22,27,0,Relax
19,20,21,22,22,21,20,25,0,Relax
18,23,23,22,24,23,33,20,0,Relax
19,22,22,21,24,22,32,23,0,Relax
20,23,23,20,23,23,32,22,0,Relax
21,24,23,18,24,22,29,24,0,Relax
20,24,22,18,21,21,28,21,0,Relax
19,24,22,18,20,20,29,23,0,Relax
19,19,27,20,22,23,24,22,0,Relax
22,20,25,22,23,23,24,22,0,Relax
23,19,26,24,23,24,25,22,0,Relax
21,20,26,24,24,23,24,23,0,Relax
23,21,24,25,20,23,22,21,0,Relax
24,20,21,24,20,24,24,19,0,Relax
23,21,22,22,19,25,25,19,0,Relax
19,23,21,20,21,22,20,21,0,Relax
20,23,21,21,19,21,23,21,0,Relax
18,23,20,22,21,19,22,22,0,Relax
20,23,19,22,22,21,23,21,0,Relax
18,23,17,19,22,22,22,20,0,Relax
19,22,17,19,20,21,22,19,0,Relax
19,24,16,17,22,23,22,18,0,Relax
21,22,22,20,22,21,19,21,0,Relax
23,23,21,23,22,22,20,23,0,Relax
21,24,21,22,21,23,20,21,0,Relax
20,25,22,21,21,24,23,23,0,Relax
20,25,23,21,20,23,22,24,0,Relax
21,26,22,19,21,25,21,26,0,Relax
20,25,23,19,22,24,19,24,0,Relax
21,19,22,20,20,21,23,20,0,Relax
20,21,20,19,23,22,22,19,0,Relax
21,21,19,20,22,20,20,21,0,Relax
21,21,19,20,22,19,22,22,0,Relax
20,21,19,20,22,20,21,21,0,Relax
22,22,19,21,22,20,19,21,0,Relax
22,19,21,18,22,22,22,20,0,Relax
22,20,23,18,23,20,24,21,0,Relax
22,21,21,19,24,20,24,21,0,Relax
21,22,21,19,23,19,23,22,0,Relax
19,23,20,19,23,22,22,21,0,Relax
18,23,21,19,24,22,22,23,0,Relax
23,23,23,20,23,21,20,22,0,Relax
23,21,24,21,22,21,19,22,0,Relax
22,22,24,20,22,21,20,22,0,Relax
20,21,24,19,22,22,21,21,0,Relax
20,20,24,21,23,22,21,21,0,Relax
19,21,23,22,21,23,22,20,0,Relax
20,21,21,23,22,22,23,23,0,Relax
19,21,22,22,21,23,21,23,0,Relax
19,21,23,22,20,22,21,22,0,Relax
18,20,23,22,21,23,18,18,0,Relax
21,19,23,22,20,24,19,21,0,Relax
21,20,21,21,21,24,19,19,0,Relax
20,20,21,19,23,25,19,18,0,Relax
18,24,24,23,22,23,19,19,0,Relax
20,22,22,23,21,23,19,19,0,Relax
20,23,22,22,22,22,19,18,0,Relax
20,21,21,23,20,20,18,19,0,Relax
21,22,22,22,23,22,18,19,0,Relax
21,19,21,19,22,22,18,18,0,Relax
19,20,20,20,25,23,19,20,0,Relax
20,22,22,22,20,20,19,19,0,Relax
19,22,23,23,20,20,19,18,0,Relax
17,22,23,24,21,21,21,20,0,Relax
20,23,23,23,23,21,24,21,0,Relax
20,25,21,21,22,20,25,20,0,Relax
20,22,21,22,22,20,25,21,0,Relax
20,19,25,23,21,20,23,20,0,Relax
21,20,25,23,22,20,23,21,0,Relax
21,20,22,24,21,21,21,19,0,Relax
20,22,24,22,21,20,21,20,0,Relax
20,23,21,21,21,21,21,21,0,Relax
19,23,21,19,24,19,23,20,0,Relax
18,23,21,19,22,21,22,21,0,Relax
18,19,21,23,19,22,22,18,0,Relax
18,19,20,24,18,20,21,18,0,Relax
19,20,21,24,20,19,22,18,0,Relax
19,21,24,25,21,19,22,19,0,Relax
18,20,23,24,20,22,22,19,0,Relax
17,21,22,24,20,22,23,19,0,Relax
20,23,22,22,23,21,18,21,0,Relax
19,22,22,22,24,22,19,22,0,Relax
19,22,23,23,23,23,20,23,0,Relax
18,19,22,23,23,21,20,25,0,Relax
18,20,23,25,23,22,20,23,0,Relax
18,22,23,22,22,22,19,24,0,Relax
16,21,23,21,22,24,20,24,0,Relax
21,16,20,26,22,19,19,19,0,Relax
21,19,21,24,23,20,19,19,0,Relax
22,19,21,23,23,21,18,19,0,Relax
22,19,21,23,23,21,18,18,0,Relax
21,19,21,22,24,21,17,19,0,Relax
20,20,20,23,22,20,17,19,0,Relax
22,24,21,23,21,23,22,21,0,Relax
21,23,20,23,22,23,23,22,0,Relax
18,25,20,24,21,22,23,24,0,Relax
21,24,20,23,19,23,22,22,0,Relax
20,25,20,21,20,20,24,22,0,Relax
20,22,19,22,19,21,23,21,0,Relax
19,19,22,19,22,20,22,20,0,Relax
19,21,24,19,22,21,19,19,0,Relax
18,19,21,21,21,23,19,21,0,Relax
17,18,22,20,20,23,19,20,0,Relax
17,19,21,21,20,26,21,19,0,Relax
17,19,22,21,21,27,19,20,0,Relax
19,20,21,24,20,25,21,22,0,Relax
18,21,22,21,21,24,21,18,0,Relax
23,22,22,19,23,22,21,23,0,Relax
21,21,24,21,22,23,20,23,0,Relax
19,22,23,21,23,21,20,21,0,Relax
19,22,23,20,22,20,20,20,0,Relax
19,23,21,22,21,22,21,21,0,Relax
20,23,22,21,22,22,21,21,0,Relax
21,22,22,21,22,21,23,20,0,Relax
19,22,19,22,24,22,20,25,0,Relax
19,22,19,22,23,22,21,23,0,Relax
21,21,22,20,23,23,20,25,0,Relax
20,21,19,19,21,23,19,22,0,Relax
19,20,21,21,21,21,19,22,0,Relax
21,20,22,20,23,22,19,21,0,Relax
23,19,22,22,23,22,19,21,0,Relax
20,19,22,22,23,21,21,20,0,Relax
20,24,24,19,23,20,20,18,0,Relax
21,25,24,20,23,19,22,17,0,Relax
21,24,22,20,23,21,23,21,0,Relax
20,23,24,21,23,21,22,20,0,Relax
19,23,24,21,22,22,23,20,0,Relax
19,20,22,22,23,20,19,22,0,Relax
19,18,21,21,23,22,20,22,0,Relax
21,19,23,21,22,22,21,22,0,Relax
21,20,19,21,22,20,20,21,0,Relax
20,21,21,24,21,21,20,20,0,Relax
19,21,20,22,19,22,20,19,0,Relax
20,23,22,18,20,21,24,23,0,Relax
20,24,19,21,18,20,24,21,0,Relax
21,22,20,18,19,20,21,21,0,Relax
20,23,23,20,20,21,20,22,0,Relax
21,20,23,20,19,21,18,22,0,Relax
22,22,17,20,23,21,18,23,0,Relax
21,23,18,18,24,20,19,22,0,Relax
20,23,18,17,23,21,20,23,0,Relax
20,22,19,19,23,21,20,22,0,Relax
20,20,17,18,22,23,22,22,0,Relax
22,21,21,18,21,23,20,24,0,Relax
21,19,23,19,21,21,19,22,0,Relax
23,19,22,17,22,21,19,22,0,Relax
23,20,23,17,24,21,17,19,0,Relax
18,23,22,23,20,21,18,18,0,Relax
19,23,22,24,20,22,18,21,0,Relax
21,24,22,20,21,24,18,23,0,Relax
19,22,23,21,22,25,20,23,0,Relax
20,23,22,18,19,24,20,22,0,Relax
22,22,21,18,19,25,23,21,0,Relax
23,20,22,19,19,23,22,20,0,Relax
23,20,22,22,21,21,22,20,0,Relax
22,20,23,22,21,22,22,20,0,Relax
20,20,22,21,19,23,21,19,0,Relax
21,20,22,21,18,23,21,17,0,Relax
20,21,20,21,20,23,20,17,0,Relax
18,20,18,20,19,22,20,21,0,Relax
20,20,24,20,22,23,21,19,0,Relax
21,22,23,20,21,23,20,16,0,Relax
20,21,24,22,20,22,20,18,0,Relax
20,21,25,22,21,22,19,19,0,Relax
19,21,24,23,21,22,18,20,0,Relax
19,21,22,23,20,22,17,23,0,Relax
18,20,23,24,21,22,19,22,0,Relax
136,49,64,324,142,312,258,135,1,punio
133,49,58,313,131,267,257,131,1,punio
140,54,62,315,137,291,263,130,1,punio
133,52,58,281,130,237,230,119,1,punio
102,68,71,379,184,246,279,108,1,punio
111,79,74,392,235,216,265,109,1,punio
109,69,62,310,220,198,284,115,1,punio
105,66,67,340,223,212,334,113,1,punio
99,69,80,303,177,192,289,130,1,punio
86,66,83,307,170,239,275,125,1,punio
101,70,79,296,157,246,278,133,1,punio
101,66,79,347,178,247,269,133,1,punio
142,67,80,351,180,262,317,102,1,punio
145,67,76,332,181,244,305,96,1,punio
142,68,70,307,196,238,256,86,1,punio
123,67,66,318,197,239,285,103,1,punio
129,63,63,288,195,225,312,115,1,punio
110,61,51,328,203,250,287,119,1,punio
125,57,57,197,152,216,323,103,1,punio
104,52,55,220,161,219,310,105,1,punio
113,55,58,231,146,238,258,94,1,punio
114,55,54,212,135,166,285,97,1,punio
96,54,57,229,142,169,303,101,1,punio
109,53,60,258,168,180,293,103,1,punio
160,58,62,218,186,177,244,103,1,punio
126,48,59,201,162,203,253,105,1,punio
126,47,54,212,145,188,230,100,1,punio
129,45,53,209,124,187,246,101,1,punio
118,44,54,242,140,203,257,102,1,punio
120,41,66,265,147,178,285,96,1,punio
124,45,51,219,173,160,252,80,1,punio
118,35,51,216,181,188,222,81,1,punio
118,39,52,171,170,184,203,79,1,punio
106,40,43,174,164,153,188,75,1,punio
106,39,43,169,179,155,203,75,1,punio
49,37,43,172,108,52,125,57,1,punio
48,42,45,169,109,54,123,57,1,punio
51,42,50,184,145,57,130,59,1,punio
55,44,59,220,177,64,167,72,1,punio
61,48,61,223,179,68,165,81,1,punio
61,46,58,230,187,71,156,82,1,punio
35,32,40,146,138,59,151,66,1,punio
43,44,41,147,141,66,172,73,1,punio
44,45,40,169,155,63,186,77,1,punio
44,44,37,165,136,70,173,70,1,punio
45,45,37,147,125,69,164,64,1,punio
46,44,43,157,122,71,156,60,1,punio
42,40,37,101,92,55,133,67,1,punio
39,35,36,123,112,54,134,68,1,punio
41,39,35,147,122,58,140,77,1,punio
41,40,38,149,134,53,133,81,1,punio
46,46,42,155,138,58,142,83,1,punio
40,42,46,189,141,61,137,71,1,punio
36,41,48,185,145,62,134,65,1,punio
90,46,60,140,161,125,254,129,1,punio
73,46,60,113,128,111,241,119,1,punio
68,44,66,128,128,114,282,118,1,punio
80,47,65,140,129,106,276,111,1,punio
88,45,52,144,113,103,260,98,1,punio
94,52,63,153,116,98,263,102,1,punio
78,45,43,139,98,77,215,90,1,punio
79,44,47,152,92,76,231,93,1,punio
80,42,47,145,88,71,221,92,1,punio
71,44,46,159,83,80,235,98,1,punio
52,44,46,155,86,75,221,91,1,punio
54,39,44,148,92,75,225,90,1,punio
52,40,42,131,92,75,222,87,1,punio
52,42,62,206,121,82,174,112,1,punio
51,40,61,204,127,70,167,99,1,punio
46,35,53,181,118,64,175,77,1,punio
47,34,56,164,125,70,155,79,1,punio
47,35,54,144,110,68,149,75,1,punio
43,44,49,166,133,87,220,97,1,punio
40,40,44,151,116,76,191,83,1,punio
37,36,42,142,95,75,170,80,1,punio
37,33,39,154,95,81,177,81,1,punio
40,38,38,137,87,71,172,83,1,punio
44,42,40,147,83,78,157,78,1,punio
46,36,64,118,117,91,257,102,1,punio
47,36,58,107,108,90,256,96,1,punio
56,44,56,148,122,83,263,103,1,punio
52,44,49,153,110,76,231,98,1,punio
51,44,42,154,109,75,170,84,1,punio
47,40,45,176,116,67,155,88,1,punio
41,35,54,165,86,227,178,65,1,punio
42,32,52,181,101,221,186,71,1,punio
39,32,52,181,107,230,176,71,1,punio
34,33,54,182,105,166,177,74,1,punio
32,36,44,169,116,140,169,74,1,punio
34,38,49,206,146,141,153,70,1,punio
34,40,51,182,131,161,166,81,1,punio
46,41,41,148,93,103,173,100,1,punio
47,47,48,152,104,104,175,102,1,punio
54,47,47,133,104,103,167,104,1,punio
49,47,48,127,105,109,180,96,1,punio
50,48,54,151,112,113,180,98,1,punio
52,48,60,182,180,116,218,113,1,punio
48,47,68,243,203,131,247,101,1,punio
49,48,74,270,212,131,245,110,1,punio
129,64,85,379,295,148,239,118,1,punio
141,64,83,398,310,152,239,118,1,punio
159,61,82,404,296,155,256,135,1,punio
52,38,50,188,144,177,286,119,1,punio
56,44,52,153,123,206,282,120,1,punio
57,48,53,163,120,187,256,95,1,punio
64,53,53,172,121,186,210,82,1,punio
84,53,56,157,135,180,209,90,1,punio
86,38,70,190,129,113,247,122,1,punio
90,42,78,210,131,103,244,121,1,punio
81,43,74,213,123,115,273,125,1,punio
70,40,70,206,144,120,253,108,1,punio
91,41,74,231,144,136,305,111,1,punio
97,47,70,192,113,104,208,72,1,punio
87,43,66,176,99,122,227,75,1,punio
86,40,58,128,91,134,233,78,1,punio
105,46,61,148,93,137,226,86,1,punio
101,45,60,143,93,133,226,87,1,punio
91,49,59,158,118,170,286,120,1,punio
96,41,48,181,110,148,190,98,1,punio
96,46,48,175,104,126,165,75,1,punio
107,49,50,175,110,128,175,69,1,punio
83,42,47,147,94,144,231,89,1,punio
76,43,43,154,95,134,223,91,1,punio
83,49,41,146,90,136,226,92,1,punio
86,37,71,189,147,151,199,85,1,punio
91,44,71,192,147,141,169,79,1,punio
74,42,73,207,137,176,191,82,1,punio
85,42,64,201,131,168,210,76,1,punio
88,46,55,180,113,159,201,70,1,punio
74,44,54,186,111,196,194,69,1,punio
76,42,59,231,152,123,187,81,1,punio
83,49,71,246,145,119,168,83,1,punio
65,45,72,252,146,119,168,82,1,punio
72,47,75,239,142,135,154,91,1,punio
88,49,72,182,125,169,167,96,1,punio
86,48,70,190,145,153,174,91,1,punio
104,43,62,166,132,156,184,92,1,punio
115,46,62,177,136,164,189,100,1,punio
82,57,57,169,113,127,233,79,1,punio
86,55,59,174,109,115,221,74,1,punio
92,61,66,168,106,124,205,81,1,punio
89,60,65,170,110,127,211,86,1,punio
93,58,64,157,106,137,227,102,1,punio
91,46,59,167,103,140,201,97,1,punio
69,43,54,174,125,120,226,90,1,punio
111,51,53,162,144,136,225,92,1,punio
113,55,58,212,141,130,199,86,1,punio
115,51,60,216,135,129,223,84,1,punio
124,58,59,224,143,135,245,98,1,punio
123,57,58,211,140,137,238,95,1,punio
87,34,54,228,132,92,190,85,1,punio
119,43,55,211,126,97,175,91,1,punio
118,47,56,204,110,112,174,90,1,punio
127,45,55,200,140,132,169,90,1,punio
126,48,68,200,146,151,196,89,1,punio
97,44,61,174,117,130,240,98,1,punio
112,48,58,176,124,135,245,106,1,punio
87,45,55,184,118,133,231,86,1,punio
86,48,51,183,121,124,249,93,1,punio
77,38,55,160,95,131,213,83,1,punio
79,36,61,200,129,138,241,88,1,punio
91,33,64,198,135,140,254,94,1,punio
109,49,51,224,127,129,182,90,1,punio
133,52,55,214,110,123,182,85,1,punio
145,46,54,216,104,101,165,77,1,punio
482,87,77,247,224,333,446,222,1,punio
472,87,78,237,163,289,427,218,1,punio
439,80,79,291,177,262,390,215,1,punio
501,82,85,298,188,268,421,227,1,punio
120,112,121,527,364,115,497,215,1,punio
125,108,111,523,392,122,477,215,1,punio
131,101,109,484,404,127,445,217,1,punio
107,95,104,536,438,118,406,216,1,punio
103,114,116,584,522,141,433,216,1,punio
111,126,119,657,502,150,432,197,1,punio
104,101,147,573,367,134,351,163,1,punio
105,99,99,465,284,96,271,131,1,punio
89,91,101,530,314,86,228,127,1,punio
76,82,87,454,323,81,203,122,1,punio
76,66,110,515,315,87,238,142,1,punio
101,86,87,394,259,57,209,114,1,punio
101,86,86,405,252,55,234,118,1,punio
87,63,78,330,223,46,210,105,1,punio
96,65,77,315,222,50,203,91,1,punio
41,50,65,338,230,65,146,100,1,punio
47,52,66,395,232,71,190,116,1,punio
49,53,67,369,209,63,213,130,1,punio
52,45,60,407,201,64,210,131,1,punio
55,53,76,489,231,65,207,144,1,punio
50,60,70,288,258,55,184,129,1,punio
50,48,69,284,252,62,181,139,1,punio
48,49,67,303,258,62,180,134,1,punio
43,49,63,369,300,71,164,126,1,punio
45,48,65,345,307,76,183,131,1,punio
40,42,59,328,301,71,186,118,1,punio
36,49,65,359,307,66,199,113,1,punio
50,60,65,287,218,54,175,113,1,punio
59,64,62,278,214,52,185,110,1,punio
57,61,63,310,216,58,198,119,1,punio
57,60,60,305,241,60,198,115,1,punio
56,55,58,285,240,54,181,106,1,punio
50,53,57,309,237,62,188,110,1,punio
52,46,63,272,229,55,168,91,1,punio
53,54,69,265,241,55,165,94,1,punio
51,53,70,278,254,53,163,84,1,punio
51,57,71,302,237,54,161,81,1,punio
50,59,63,268,189,54,175,92,1,punio
29,50,64,326,249,40,128,61,1,punio
30,45,72,314,241,44,125,65,1,punio
31,46,82,356,237,43,131,68,1,punio
31,41,80,361,330,46,136,65,1,punio
37,50,88,360,350,49,130,67,1,punio
38,52,99,391,335,50,129,67,1,punio
36,47,94,396,359,50,124,62,1,punio
59,60,106,555,493,70,218,149,1,punio
57,57,99,509,521,61,185,127,1,punio
58,58,107,585,570,80,252,150,1,punio
58,56,105,537,506,83,263,153,1,punio
61,63,140,607,578,80,245,141,1,punio
72,73,144,592,492,83,290,154,1,punio
39,47,86,396,376,58,185,113,1,punio
50,58,83,439,325,54,178,102,1,punio
50,59,81,392,253,49,176,88,1,punio
52,57,76,410,312,49,170,87,1,punio
52,57,80,482,313,42,115,77,1,punio
50,58,80,469,324,46,151,98,1,punio
131,65,58,228,204,411,459,241,1,punio
167,71,59,261,237,415,417,240,1,punio
164,71,55,268,227,405,396,238,1,punio
158,65,51,269,226,356,286,211,1,punio
157,70,54,268,216,352,275,210,1,punio
145,66,53,260,210,292,304,211,1,punio
92,61,50,230,172,280,268,205,1,punio
86,44,42,205,144,368,331,208,1,punio
59,41,42,193,140,379,285,215,1,punio
52,39,40,180,133,383,254,185,1,punio
52,36,40,197,124,354,248,191,1,punio
54,36,41,208,143,361,240,181,1,punio
48,33,40,200,156,318,205,151,1,punio
78,34,48,175,141,279,324,215,1,punio
74,32,47,165,133,330,278,174,1,punio
75,32,45,155,120,349,269,170,1,punio
77,32,44,161,130,325,307,183,1,punio
75,32,42,137,126,332,247,154,1,punio
53,32,43,156,136,333,250,170,1,punio
53,34,44,166,149,273,224,158,1,punio
39,32,43,142,136,269,198,184,1,punio
38,31,44,160,139,262,199,186,1,punio
36,31,44,157,129,255,181,177,1,punio
38,33,45,173,124,244,187,168,1,punio
57,36,44,154,123,276,215,201,1,punio
58,32,39,152,109,295,194,184,1,punio
59,34,37,143,107,324,216,198,1,punio
60,35,34,146,105,312,214,199,1,punio
59,41,48,207,169,306,355,221,1,punio
55,39,45,191,150,300,362,202,1,punio
52,36,40,204,154,262,323,164,1,punio
50,38,39,174,135,278,411,195,1,punio
42,35,35,175,121,282,413,191,1,punio
42,34,35,170,113,257,363,164,1,punio
37,34,37,174,116,233,340,171,1,punio
78,34,40,248,162,278,200,181,1,punio
111,34,41,247,163,240,210,182,1,punio
108,33,44,237,174,247,189,152,1,punio
111,33,44,224,179,244,205,148,1,punio
124,32,43,201,180,232,219,152,1,punio
128,31,44,208,187,265,241,167,1,punio
99,34,44,189,159,273,237,174,1,punio
81,45,56,218,158,299,272,225,1,punio
70,35,54,166,160,334,251,200,1,punio
81,35,46,153,162,277,241,200,1,punio
82,35,43,189,163,247,226,198,1,punio
70,33,44,188,150,270,176,148,1,punio
72,35,40,185,146,263,196,182,1,punio
72,35,43,210,138,249,195,185,1,punio
28,23,31,78,55,174,138,88,1,punio
32,25,30,89,57,172,144,87,1,punio
34,24,32,84,57,180,143,90,1,punio
34,24,29,95,58,188,139,90,1,punio
41,27,30,139,90,212,147,106,1,punio
40,27,34,142,102,187,154,100,1,punio
41,27,34,138,102,195,190,109,1,punio
40,29,34,136,105,186,193,120,1,punio
40,23,28,93,78,196,162,115,1,punio
39,26,34,152,109,260,186,130,1,punio
34,24,39,151,101,279,168,128,1,punio
31,24,42,162,97,270,171,126,1,punio
31,26,43,203,125,307,218,138,1,punio
40,30,29,57,96,160,87,58,2,senialar
38,28,27,55,78,188,94,66,2,senialar
36,28,27,54,71,169,105,75,2,senialar
46,30,28,56,76,196,101,72,2,senialar
40,28,26,63,86,196,101,71,2,senialar
40,27,27,59,73,188,121,82,2,senialar
31,26,23,48,60,161,75,48,2,senialar
28,25,26,61,83,166,86,50,2,senialar
31,26,27,63,84,174,93,51,2,senialar
35,28,28,62,83,177,93,55,2,senialar
32,25,29,58,84,209,93,56,2,senialar
32,27,29,53,84,203,92,57,2,senialar
39,29,31,37,53,129,106,63,2,senialar
40,29,32,38,56,158,99,62,2,senialar
40,29,29,37,57,166,102,61,2,senialar
39,25,29,38,72,183,78,55,2,senialar
41,25,30,41,67,181,74,54,2,senialar
50,32,28,34,75,188,95,60,2,senialar
41,30,29,37,74,203,94,59,2,senialar
43,31,29,42,82,180,102,69,2,senialar
51,33,30,45,89,175,111,72,2,senialar
49,32,28,40,90,158,119,83,2,senialar
49,30,31,41,93,167,113,75,2,senialar
46,31,25,46,75,150,97,63,2,senialar
33,29,26,48,77,161,85,56,2,senialar
41,31,28,45,76,213,93,60,2,senialar
44,30,27,43,83,237,111,63,2,senialar
44,31,27,40,78,247,104,61,2,senialar
46,28,30,53,53,117,77,47,2,senialar
33,25,28,51,49,105,80,50,2,senialar
25,22,30,44,52,107,71,44,2,senialar
28,25,32,42,55,142,60,46,2,senialar
29,25,32,47,58,143,75,69,2,senialar
48,30,34,71,106,168,92,74,2,senialar
50,29,35,71,105,160,106,80,2,senialar
50,29,33,62,106,148,103,72,2,senialar
48,31,33,65,90,141,104,72,2,senialar
32,26,31,61,98,193,98,72,2,senialar
45,33,32,62,95,186,120,67,2,senialar
43,34,33,58,89,157,115,75,2,senialar
42,33,32,48,81,160,112,76,2,senialar
46,34,33,48,93,175,117,82,2,senialar
43,33,29,53,121,153,98,57,2,senialar
42,33,27,56,121,167,99,59,2,senialar
45,33,28,59,135,170,114,70,2,senialar
43,32,28,52,114,147,114,70,2,senialar
65,31,32,48,98,117,87,55,2,senialar
75,28,29,49,107,115,102,56,2,senialar
78,31,29,51,102,119,99,59,2,senialar
78,31,30,62,113,125,103,56,2,senialar
67,30,32,59,112,118,110,62,2,senialar
71,51,28,53,98,146,112,69,2,senialar
72,54,33,55,109,141,105,66,2,senialar
70,59,35,66,108,130,102,59,2,senialar
75,63,35,71,101,155,105,70,2,senialar
53,54,36,67,118,158,109,70,2,senialar
170,46,29,42,281,247,97,114,2,senialar
182,45,31,45,318,250,91,122,2,senialar
139,31,31,43,291,261,84,123,2,senialar
131,30,33,41,279,233,90,105,2,senialar
81,29,26,29,147,226,85,137,2,senialar
57,26,26,27,128,251,80,111,2,senialar
52,27,27,26,127,241,74,112,2,senialar
52,27,27,26,122,207,74,118,2,senialar
65,30,29,31,134,239,82,131,2,senialar
100,30,26,31,134,255,94,92,2,senialar
101,30,27,30,132,261,95,101,2,senialar
80,30,26,31,137,248,105,106,2,senialar
96,32,27,30,103,274,107,108,2,senialar
73,28,26,28,91,260,87,92,2,senialar
72,28,25,29,83,274,90,93,2,senialar
23,20,31,67,190,253,63,43,2,senialar
22,23,31,71,183,232,65,48,2,senialar
22,21,29,74,199,246,59,47,2,senialar
22,22,27,65,146,241,51,47,2,senialar
27,24,32,61,163,195,57,50,2,senialar
20,24,26,47,134,150,67,56,2,senialar
23,26,28,48,127,186,67,56,2,senialar
22,24,25,48,171,204,68,56,2,senialar
21,22,27,54,190,190,57,43,2,senialar
23,23,28,56,173,210,56,41,2,senialar
23,24,28,54,128,174,51,41,2,senialar
24,24,29,67,147,163,56,48,2,senialar
22,23,29,63,146,189,52,48,2,senialar
23,22,29,61,137,148,51,48,2,senialar
24,21,28,63,147,184,58,49,2,senialar
27,23,28,48,172,157,70,52,2,senialar
26,23,30,50,174,196,63,50,2,senialar
25,23,34,45,176,203,57,48,2,senialar
25,23,31,45,154,188,54,45,2,senialar
26,22,31,41,138,186,53,46,2,senialar
22,26,28,43,163,209,41,40,2,senialar
20,24,28,44,148,199,42,38,2,senialar
23,25,28,41,132,223,57,39,2,senialar
23,23,29,42,139,224,55,37,2,senialar
21,25,29,41,127,185,58,41,2,senialar
26,24,30,37,135,221,112,60,2,senialar
26,23,30,36,129,220,97,59,2,senialar
26,26,31,35,140,283,98,69,2,senialar
27,29,30,36,104,297,100,71,2,senialar
27,29,30,38,93,303,93,66,2,senialar
27,30,32,39,108,296,72,66,2,senialar
29,29,29,51,118,195,77,59,2,senialar
28,29,31,44,103,213,88,58,2,senialar
28,27,29,37,100,194,82,43,2,senialar
30,27,30,43,127,220,87,39,2,senialar
28,25,30,43,121,220,82,39,2,senialar
22,22,31,49,110,184,77,59,2,senialar
22,23,30,40,111,174,90,59,2,senialar
24,25,30,40,98,176,97,64,2,senialar
24,25,27,43,100,138,98,61,2,senialar
25,25,27,51,105,134,104,63,2,senialar
26,25,29,50,98,133,98,62,2,senialar
22,25,29,47,73,176,83,62,2,senialar
22,24,30,49,69,159,87,58,2,senialar
21,24,31,49,71,160,85,57,2,senialar
21,24,31,46,72,177,85,58,2,senialar
22,22,32,45,74,163,84,63,2,senialar
23,22,32,45,72,176,81,63,2,senialar
22,21,29,46,79,189,73,57,2,senialar
31,24,27,45,91,183,70,49,2,senialar
31,23,28,43,109,158,71,51,2,senialar
25,23,30,45,104,156,62,42,2,senialar
25,23,30,44,118,149,63,42,2,senialar
26,24,30,47,127,136,67,48,2,senialar
25,23,31,42,121,209,73,50,2,senialar
25,25,32,39,105,228,78,48,2,senialar
26,25,30,41,108,226,77,47,2,senialar
23,23,26,49,76,167,80,59,2,senialar
24,21,28,47,79,163,66,57,2,senialar
24,22,30,52,101,170,65,57,2,senialar
23,22,31,55,102,132,65,50,2,senialar
26,23,31,59,96,124,70,56,2,senialar
26,23,27,41,110,192,71,43,2,senialar
26,21,27,42,115,195,74,44,2,senialar
26,23,26,43,107,217,73,41,2,senialar
27,22,24,45,115,218,83,50,2,senialar
24,23,25,49,71,166,110,50,2,senialar
27,24,26,42,76,147,100,48,2,senialar
26,22,27,44,81,151,101,48,2,senialar
26,21,26,42,89,146,110,62,2,senialar
27,21,29,42,97,153,88,53,2,senialar
24,25,29,59,86,185,76,57,2,senialar
21,24,30,53,72,194,76,58,2,senialar
23,24,28,51,69,163,71,61,2,senialar
24,25,30,53,79,163,77,57,2,senialar
21,25,31,51,85,150,75,63,2,senialar
23,24,31,63,107,186,92,67,2,senialar
24,25,31,58,101,160,99,73,2,senialar
24,25,28,53,102,167,94,64,2,senialar
26,23,28,52,103,157,92,61,2,senialar
25,22,26,52,96,146,90,64,2,senialar
25,23,27,45,98,150,86,52,2,senialar
24,27,32,51,82,160,86,56,2,senialar
24,27,30,44,77,164,74,53,2,senialar
25,28,34,50,101,180,75,55,2,senialar
24,28,35,49,107,181,82,57,2,senialar
24,28,33,47,104,155,81,58,2,senialar
26,29,38,163,134,250,106,63,2,senialar
26,33,40,161,135,263,100,62,2,senialar
28,35,44,153,146,261,99,54,2,senialar
29,36,46,151,165,229,105,58,2,senialar
26,34,46,157,144,224,114,58,2,senialar
334,104,36,29,27,38,76,254,3,pinza
353,116,38,29,27,41,72,253,3,pinza
391,111,37,28,26,40,67,233,3,pinza
385,114,36,25,26,43,67,227,3,pinza
364,112,38,25,27,41,63,195,3,pinza
247,125,30,29,25,41,55,207,3,pinza
302,118,34,31,25,43,50,220,3,pinza
333,125,30,27,26,43,51,245,3,pinza
308,119,33,27,27,48,48,229,3,pinza
318,115,33,28,26,53,53,235,3,pinza
333,128,32,28,27,51,62,248,3,pinza
318,120,33,28,26,51,62,233,3,pinza
235,111,37,30,25,46,70,265,3,pinza
276,101,32,28,26,46,72,252,3,pinza
269,99,29,27,26,51,68,239,3,pinza
307,100,30,27,25,51,73,225,3,pinza
307,109,30,26,27,53,76,241,3,pinza
302,113,29,25,28,53,78,249,3,pinza
271,112,32,25,28,53,72,240,3,pinza
285,117,34,23,24,44,77,339,3,pinza
268,131,35,24,24,43,77,335,3,pinza
267,127,34,25,23,39,61,255,3,pinza
301,129,34,26,23,43,69,241,3,pinza
259,135,32,29,23,44,63,194,3,pinza
242,117,33,29,24,45,62,168,3,pinza
239,136,35,26,33,45,59,197,3,pinza
239,133,36,26,34,43,64,191,3,pinza
229,113,36,25,32,44,60,205,3,pinza
302,107,41,27,34,49,64,231,3,pinza
301,94,40,27,33,51,66,233,3,pinza
332,158,35,31,28,57,64,249,3,pinza
301,158,36,30,26,55,54,240,3,pinza
322,113,32,27,24,43,55,253,3,pinza
329,139,32,24,25,49,57,286,3,pinza
342,144,30,22,27,53,60,279,3,pinza
368,136,30,23,26,49,61,287,3,pinza
359,267,35,31,35,72,117,442,3,pinza
345,286,40,33,35,76,116,381,3,pinza
416,266,40,31,35,75,117,359,3,pinza
439,268,40,32,34,63,105,332,3,pinza
464,294,38,32,34,63,110,340,3,pinza
448,248,36,30,33,62,96,288,3,pinza
692,133,33,28,39,158,93,247,3,pinza
579,142,37,30,37,103,85,235,3,pinza
613,139,44,29,38,116,88,250,3,pinza
633,134,42,28,38,99,80,280,3,pinza
646,145,42,34,45,103,86,330,3,pinza
591,145,37,31,33,74,78,388,3,pinza
635,142,36,31,36,77,83,429,3,pinza
754,150,44,35,39,89,84,436,3,pinza
513,118,41,32,37,73,72,300,3,pinza
626,123,41,32,37,81,80,288,3,pinza
651,116,39,30,35,91,78,289,3,pinza
656,113,39,29,35,88,74,319,3,pinza
649,103,37,28,35,88,71,311,3,pinza
548,128,31,29,38,89,88,286,3,pinza
464,136,33,31,35,98,90,318,3,pinza
402,118,37,33,35,100,82,235,3,pinza
446,121,37,31,35,96,78,238,3,pinza
420,121,40,35,33,93,74,257,3,pinza
349,120,41,36,38,82,74,251,3,pinza
509,159,33,34,42,137,82,266,3,pinza
416,159,32,33,40,141,80,262,3,pinza
401,133,30,32,44,144,85,234,3,pinza
476,125,31,35,47,105,82,228,3,pinza
452,119,34,32,46,107,80,223,3,pinza
230,90,192,593,604,810,203,128,3,pinza
270,85,207,611,618,738,193,105,3,pinza
263,89,260,632,592,745,190,96,3,pinza
262,92,278,695,542,723,210,86,3,pinza
265,108,299,801,490,701,213,96,3,pinza
261,109,295,819,448,664,180,123,3,pinza
166,117,253,793,530,799,336,74,3,pinza
159,115,244,697,464,795,292,72,3,pinza
205,116,246,755,451,747,227,89,3,pinza
198,111,248,756,424,668,238,95,3,pinza
197,116,242,683,455,698,165,69,3,pinza
197,117,237,674,435,744,174,76,3,pinza
180,112,228,643,384,724,170,74,3,pinza
188,89,230,713,405,714,177,71,3,pinza
219,89,230,689,378,809,235,69,3,pinza
260,87,239,653,450,686,247,76,3,pinza
241,85,258,648,471,692,250,69,3,pinza
202,87,254,670,414,790,248,72,3,pinza
282,90,339,737,530,754,266,72,3,pinza
275,76,322,755,514,773,257,72,3,pinza
281,78,308,707,510,810,273,70,3,pinza
150,78,170,476,358,660,253,81,3,pinza
182,89,176,603,360,697,271,72,3,pinza
176,94,182,669,390,727,267,72,3,pinza
176,88,182,641,386,772,254,70,3,pinza
243,120,189,699,415,765,253,83,3,pinza
232,100,228,594,598,708,317,76,3,pinza
226,101,223,628,560,726,320,81,3,pinza
218,97,202,684,445,691,316,85,3,pinza
205,95,201,708,415,697,317,85,3,pinza
255,109,191,680,417,670,250,94,3,pinza
181,95,163,560,428,727,193,72,3,pinza
178,89,145,486,454,672,216,73,3,pinza
223,90,154,565,491,677,221,71,3,pinza
248,105,188,596,486,723,216,75,3,pinza
246,93,190,601,450,733,191,75,3,pinza
264,108,215,765,392,714,246,63,3,pinza
268,103,216,676,397,665,244,52,3,pinza
238,100,219,666,456,625,244,55,3,pinza
252,88,190,562,498,637,266,56,3,pinza
285,80,170,527,461,595,250,61,3,pinza
244,69,172,530,518,650,277,71,3,pinza
331,85,196,715,482,778,278,86,3,pinza
320,86,199,694,533,812,265,79,3,pinza
297,75,189,673,528,812,283,88,3,pinza
309,83,182,577,547,761,284,87,3,pinza
291,76,193,575,585,717,298,87,3,pinza
215,76,192,639,583,667,301,80,3,pinza
486,95,190,620,613,539,252,104,3,pinza
450,89,207,667,552,637,275,107,3,pinza
487,94,201,666,517,716,285,123,3,pinza
479,85,203,659,517,799,259,120,3,pinza
490,93,180,575,484,861,262,119,3,pinza
482,94,169,538,525,998,264,122,3,pinza
166,58,144,617,491,568,295,91,3,pinza
145,53,138,528,407,585,289,90,3,pinza
155,54,145,581,427,596,266,94,3,pinza
154,56,164,625,442,663,292,97,3,pinza
170,78,141,632,504,765,236,111,3,pinza
153,82,150,650,503,688,267,116,3,pinza
146,73,145,677,566,672,277,117,3,pinza
160,61,128,366,334,658,262,69,3,pinza
163,59,115,347,291,629,267,70,3,pinza
144,57,121,346,341,621,264,73,3,pinza
189,62,133,369,331,549,217,76,3,pinza
235,65,104,380,385,576,240,79,3,pinza
259,60,104,371,380,566,254,76,3,pinza
255,55,103,334,416,564,233,72,3,pinza
252,54,97,378,430,570,206,73,3,pinza
87,67,175,614,302,766,175,67,3,pinza
135,78,173,584,269,772,177,73,3,pinza
135,80,178,541,276,641,185,74,3,pinza
154,78,167,467,337,650,193,63,3,pinza
171,80,175,483,360,731,198,67,3,pinza
170,70,129,374,330,740,184,69,3,pinza
167,88,139,513,416,704,194,157,3,pinza
169,85,132,503,451,747,201,162,3,pinza
152,75,112,457,427,708,202,166,3,pinza
148,75,105,494,390,715,149,163,3,pinza
131,68,107,459,388,887,163,105,3,pinza
151,68,124,512,293,728,153,67,3,pinza
127,61,133,478,253,774,158,66,3,pinza
170,73,139,481,254,764,158,65,3,pinza
175,71,134,495,272,809,152,52,3,pinza
174,65,124,463,273,776,163,53,3,pinza
193,76,145,445,378,740,187,76,3,pinza
225,85,158,542,388,754,184,76,3,pinza
236,82,154,570,365,856,200,73,3,pinza
206,83,158,548,345,904,220,74,3,pinza
200,87,155,525,324,950,209,64,3,pinza
205,90,151,572,295,935,188,60,3,pinza
199,101,131,582,545,639,132,65,3,pinza
193,88,125,587,537,662,137,63,3,pinza
228,96,137,630,575,632,140,77,3,pinza
217,90,146,677,604,703,174,83,3,pinza
197,99,167,649,492,706,168,79,3,pinza
211,107,191,672,504,674,177,84,3,pinza
207,74,121,515,420,713,135,54,3,pinza
189,72,114,561,443,774,151,54,3,pinza
191,75,121,583,424,800,157,54,3,pinza
170,61,119,597,430,765,155,48,3,pinza
186,66,118,571,380,724,151,52,3,pinza
160,63,137,610,327,665,154,53,3,pinza
158,79,131,574,379,885,188,72,3,pinza
157,87,144,575,357,741,165,69,3,pinza
165,99,162,692,347,759,181,74,3,pinza
170,98,155,685,307,699,178,68,3,pinza
147,98,167,675,327,652,161,70,3,pinza
136,102,171,683,323,630,149,66,3,pinza
130,77,173,567,398,823,155,61,3,pinza
138,88,179,512,360,874,149,60,3,pinza
125,89,173,525,378,826,132,64,3,pinza
127,92,167,530,369,835,121,66,3,pinza
134,87,139,487,354,781,129,67,3,pinza
171,75,146,486,263,809,178,61,3,pinza
190,75,142,439,282,734,172,52,3,pinza
172,72,140,461,320,611,166,60,3,pinza
167,79,148,503,334,715,166,61,3,pinza
188,91,129,509,303,594,179,67,3,pinza
195,98,129,471,314,641,189,71,3,pinza
189,97,139,507,328,655,170,70,3,pinza
230,108,156,598,359,688,177,77,3,pinza
206,101,167,648,393,701,212,80,3,pinza
303,36,73,235,150,242,157,75,3,pinza
340,36,78,265,180,237,159,76,3,pinza
338,36,84,270,189,205,164,77,3,pinza
323,39,77,252,199,181,217,94,3,pinza
267,35,71,224,238,145,218,103,3,pinza
271,37,64,189,223,132,221,148,3,pinza
206,32,45,155,176,148,150,62,3,pinza
201,31,41,169,234,145,135,52,3,pinza
175,32,47,180,242,156,132,54,3,pinza
204,33,48,167,239,151,121,47,3,pinza
203,34,48,200,252,186,137,51,3,pinza
264,48,49,169,224,132,202,119,3,pinza
138,38,50,172,211,88,208,88,3,pinza
141,35,45,150,192,91,171,71,3,pinza
189,32,45,151,208,88,179,64,3,pinza
134,39,50,168,148,161,111,53,3,pinza
159,38,50,167,145,180,108,52,3,pinza
159,40,52,172,158,179,122,63,3,pinza
204,35,54,189,140,195,149,59,3,pinza
158,31,49,172,141,124,128,53,3,pinza
145,30,44,145,142,134,122,57,3,pinza
172,32,45,131,158,123,113,52,3,pinza
218,33,50,169,152,148,135,59,3,pinza
207,37,50,188,137,142,114,56,3,pinza
196,37,52,174,135,163,118,55,3,pinza
197,29,43,168,113,142,126,68,3,pinza
206,28,46,173,114,151,134,70,3,pinza
197,29,43,169,111,148,138,70,3,pinza
214,29,46,166,126,151,139,68,3,pinza
227,32,47,149,125,121,128,64,3,pinza
100,36,54,173,154,194,69,41,3,pinza
98,34,54,134,155,189,71,36,3,pinza
86,32,52,127,142,189,67,34,3,pinza
98,28,50,125,126,121,65,34,3,pinza
96,28,56,127,127,83,53,29,3,pinza
96,27,53,116,118,79,52,38,3,pinza
141,46,112,160,183,168,60,39,3,pinza
110,47,110,167,201,167,55,43,3,pinza
110,49,106,170,208,165,51,41,3,pinza
93,53,127,182,211,173,63,42,3,pinza
94,50,128,215,191,147,83,45,3,pinza
27,39,69,152,139,114,83,48,3,pinza
28,44,64,147,148,162,87,46,3,pinza
28,42,55,144,142,163,88,45,3,pinza
28,41,53,179,151,158,96,37,3,pinza
30,40,57,174,149,171,103,38,3,pinza
33,48,88,209,145,229,97,37,3,pinza
32,41,78,166,140,224,87,33,3,pinza
36,45,59,136,108,133,81,44,3,pinza
37,44,64,140,108,121,71,43,3,pinza
32,45,69,133,112,146,75,38,3,pinza
31,49,78,123,103,152,77,40,3,pinza
30,49,77,115,107,161,77,39,3,pinza
31,49,76,116,122,154,88,43,3,pinza
30,47,80,135,122,162,91,43,3,pinza
26,43,64,112,116,169,66,41,3,pinza
28,40,57,110,106,179,69,41,3,pinza
26,39,58,102,107,161,63,41,3,pinza
25,38,59,112,103,166,66,42,3,pinza
25,40,61,110,89,128,58,30,3,pinza
24,39,67,120,86,139,68,35,3,pinza
26,38,62,114,100,179,83,39,3,pinza
28,44,62,94,89,181,82,40,3,pinza
29,50,67,86,89,180,88,39,3,pinza
28,51,67,81,89,194,91,40,3,pinza
30,49,67,74,74,193,94,42,3,pinza
29,51,71,92,91,128,90,41,3,pinza
25,43,57,91,82,129,71,35,3,pinza
30,49,79,107,124,188,90,42,3,pinza
31,50,80,115,120,206,93,45,3,pinza
32,45,82,147,114,199,96,46,3,pinza
32,48,82,149,121,207,107,50,3,pinza
31,43,76,153,116,192,99,42,3,pinza
31,38,65,148,112,184,99,41,3,pinza
28,49,70,109,92,129,81,34,3,pinza
29,47,74,127,98,140,83,35,3,pinza
30,45,68,127,105,147,79,34,3,pinza
32,48,77,138,109,147,90,37,3,pinza
29,46,80,131,104,151,88,39,3,pinza
32,46,77,125,122,173,90,40,3,pinza
32,39,67,116,117,147,71,40,3,pinza
30,42,62,120,121,151,70,41,3,pinza
33,47,66,122,124,148,74,41,3,pinza
33,46,66,125,113,162,78,44,3,pinza
29,45,61,115,99,162,92,42,3,pinza
29,43,66,120,110,163,80,34,3,pinza
31,40,64,125,107,152,78,34,3,pinza
29,46,65,99,108,176,77,38,3,pinza
28,52,78,106,106,155,69,36,3,pinza
33,50,77,117,94,165,67,36,3,pinza
32,48,77,118,92,152,64,33,3,pinza
31,44,81,119,88,144,42,28,3,pinza
32,48,65,140,126,197,129,47,3,pinza
34,46,66,145,124,191,83,44,3,pinza
35,50,66,147,116,199,84,47,3,pinza
36,51,70,173,135,188,84,47,3,pinza
37,55,78,160,137,167,81,47,3,pinza
34,50,72,163,141,135,73,43,3,pinza
28,45,81,159,95,155,82,38,3,pinza
28,47,75,125,100,167,88,38,3,pinza
28,45,70,128,112,167,84,39,3,pinza
25,41,68,170,149,160,74,39,3,pinza
32,49,75,173,155,169,63,33,3,pinza
27,50,79,104,55,74,64,27,3,pinza
29,50,80,104,57,83,65,28,3,pinza
22,42,76,99,55,77,62,27,3,pinza
23,40,74,104,62,82,62,25,3,pinza
23,38,74,106,62,84,51,24,3,pinza
23,40,77,92,58,81,49,25,3,pinza
27,50,75,102,122,103,54,27,3,pinza
28,48,73,93,106,97,63,30,3,pinza
27,46,80,105,119,101,63,34,3,pinza
29,49,78,103,118,77,63,31,3,pinza
28,47,76,102,95,78,64,30,3,pinza
30,40,68,106,96,89,68,32,3,pinza
34,53,88,214,316,287,107,38,3,pinza
33,63,95,177,301,273,116,34,3,pinza
31,65,106,217,276,283,115,31,3,pinza
30,66,101,222,273,288,113,31,3,pinza
29,60,92,225,223,246,109,32,3,pinza
32,51,78,160,176,265,78,31,3,pinza
36,52,73,174,187,255,69,30,3,pinza
35,52,74,187,197,240,66,28,3,pinza
34,50,78,202,233,250,73,27,3,pinza
32,52,107,208,222,245,79,27,3,pinza
39,65,101,209,195,188,77,35,3,pinza
41,64,93,223,204,152,77,33,3,pinza
41,62,84,207,206,149,82,34,3,pinza
39,56,80,205,180,167,80,32,3,pinza
35,47,87,203,199,164,73,28,3,pinza
32,47,80,171,124,238,70,31,3,pinza
32,47,92,161,135,238,69,31,3,pinza
32,46,97,170,143,218,62,32,3,pinza
30,45,95,167,145,211,57,32,3,pinza
30,44,86,162,160,215,56,33,3,pinza
30,40,79,149,151,184,56,28,3,pinza
31,38,70,158,136,171,54,29,3,pinza
29,39,71,152,154,171,58,28,3,pinza
33,57,80,172,162,183,84,32,3,pinza
31,58,79,182,152,190,85,31,3,pinza
33,60,83,168,157,195,89,31,3,pinza
34,57,79,169,156,199,103,30,3,pinza
36,56,69,156,140,220,98,30,3,pinza
34,54,66,141,138,230,87,28,3,pinza
32,50,66,152,160,231,86,26,3,pinza
158,78,63,173,152,194,138,74,4,meniique
165,80,61,127,129,166,138,71,4,meniique
122,80,59,122,123,167,147,80,4,meniique
118,72,60,139,118,163,139,78,4,meniique
115,78,58,137,99,162,131,74,4,meniique
84,74,57,127,98,135,139,81,4,meniique
34,58,68,134,230,438,155,63,4,meniique
33,43,67,153,205,398,150,54,4,meniique
37,43,72,215,219,364,141,51,4,meniique
38,42,68,212,203,350,139,48,4,meniique
66,91,131,340,295,329,158,70,4,meniique
62,90,130,353,345,409,164,69,4,meniique
59,75,116,355,355,395,204,72,4,meniique
55,70,94,315,337,406,204,67,4,meniique
184,202,106,199,176,104,209,111,4,meniique
211,247,104,142,136,90,196,91,4,meniique
308,290,112,135,122,93,221,102,4,meniique
369,330,119,131,121,92,230,104,4,meniique
428,354,123,140,124,105,241,116,4,meniique
196,199,128,214,307,284,291,130,4,meniique
188,188,114,175,301,302,258,104,4,meniique
165,177,106,173,298,306,253,99,4,meniique
111,159,102,219,300,322,189,82,4,meniique
100,146,101,238,297,314,157,66,4,meniique
75,295,113,148,177,168,217,94,4,meniique
67,294,115,156,194,176,188,88,4,meniique
61,284,111,151,207,161,164,72,4,meniique
55,151,86,155,203,151,152,72,4,meniique
54,140,87,158,203,146,153,78,4,meniique
38,107,62,116,113,88,139,71,4,meniique
31,95,66,122,111,82,123,57,4,meniique
30,68,65,110,107,78,107,53,4,meniique
31,67,63,97,119,76,142,62,4,meniique
32,83,58,91,101,65,152,67,4,meniique
43,60,70,135,121,128,200,79,4,meniique
41,61,71,129,124,127,202,77,4,meniique
42,58,70,116,108,87,224,87,4,meniique
39,64,62,92,106,82,223,85,4,meniique
202,176,90,252,177,85,230,135,4,meniique
193,156,92,253,185,101,251,131,4,meniique
199,147,84,256,190,113,259,137,4,meniique
193,137,85,306,236,117,253,126,4,meniique
186,139,83,300,222,112,241,112,4,meniique
183,125,75,282,217,148,182,100,4,meniique
44,59,64,178,161,176,130,62,4,meniique
45,62,62,178,153,167,114,57,4,meniique
46,61,60,172,147,171,131,62,4,meniique
45,73,65,171,160,176,139,62,4,meniique
46,74,64,229,186,183,143,64,4,meniique
50,74,66,248,232,151,134,67,4,meniique
44,65,69,106,181,372,217,109,4,meniique
43,56,71,160,199,366,214,98,4,meniique
40,55,59,183,263,435,178,79,4,meniique
42,56,57,196,280,431,163,78,4,meniique
47,58,66,214,280,439,157,83,4,meniique
41,55,64,244,278,345,133,66,4,meniique
56,88,143,320,393,595,154,74,4,meniique
64,90,146,332,416,607,185,84,4,meniique
64,84,116,304,407,603,193,87,4,meniique
75,102,142,356,371,602,208,95,4,meniique
76,99,150,376,375,498,213,95,4,meniique
51,127,129,227,270,166,175,97,4,meniique
49,129,125,213,258,120,172,106,4,meniique
48,141,152,204,238,103,176,98,4,meniique
45,183,182,189,224,82,178,106,4,meniique
51,256,206,238,244,113,201,102,4,meniique
44,64,120,248,283,277,85,49,4,meniique
42,59,115,230,256,257,77,41,4,meniique
40,63,119,249,253,241,73,37,4,meniique
41,67,122,276,239,234,76,37,4,meniique
37,65,130,259,226,204,74,32,4,meniique
39,58,72,141,180,216,126,84,4,meniique
44,60,72,136,216,326,158,94,4,meniique
47,60,78,128,233,363,151,99,4,meniique
47,65,80,141,244,364,156,105,4,meniique
50,61,83,156,261,396,170,108,4,meniique
56,72,104,184,263,431,171,95,4,meniique
41,63,140,293,339,384,115,58,4,meniique
42,71,157,279,356,392,115,57,4,meniique
42,72,159,284,350,371,110,57,4,meniique
43,73,137,314,352,368,103,54,4,meniique
39,64,128,309,308,273,86,41,4,meniique
38,64,129,314,252,225,77,48,4,meniique
53,61,117,315,206,217,112,72,4,meniique
44,65,102,257,279,434,116,66,4,meniique
43,60,96,231,291,398,101,59,4,meniique
51,72,106,214,271,409,107,61,4,meniique
56,80,117,226,318,450,122,67,4,meniique
56,75,141,277,341,445,124,69,4,meniique
65,87,149,289,395,470,144,78,4,meniique
76,99,151,313,440,564,177,95,4,meniique
37,80,125,206,204,192,101,49,4,meniique
37,80,124,199,213,203,102,47,4,meniique
38,80,120,249,238,211,100,47,4,meniique
48,63,100,262,204,251,120,52,4,meniique
48,65,114,256,190,257,120,49,4,meniique
42,65,110,250,198,287,116,47,4,meniique
44,63,110,256,211,273,118,49,4,meniique
45,62,93,236,206,281,108,50,4,meniique
36,67,96,228,218,301,79,47,4,meniique
36,73,81,229,227,398,87,52,4,meniique
59,108,174,423,426,353,105,61,4,meniique
60,114,181,424,436,293,100,66,4,meniique
56,101,157,429,393,255,97,64,4,meniique
63,97,157,422,377,174,90,67,4,meniique
61,91,150,368,357,171,98,68,4,meniique
40,79,106,319,273,279,120,114,4,meniique
48,90,108,319,286,360,107,114,4,meniique
54,89,114,289,299,401,117,120,4,meniique
58,113,115,289,292,406,119,121,4,meniique
60,125,117,245,310,422,125,124,4,meniique
74,128,150,274,359,456,135,93,4,meniique
78,132,157,343,461,511,161,97,4,meniique
111,73,152,360,397,382,119,76,4,meniique
113,97,170,340,346,278,87,61,4,meniique
114,100,175,342,346,240,64,50,4,meniique
114,93,175,330,327,210,109,51,4,meniique
95,98,188,328,298,134,124,49,4,meniique
85,97,156,346,277,148,136,53,4,meniique
65,101,169,286,309,467,137,74,4,meniique
61,99,181,363,375,495,162,71,4,meniique
59,111,174,399,389,453,169,77,4,meniique
71,113,135,452,418,523,200,93,4,meniique
190,113,142,339,380,324,90,62,4,meniique
194,132,144,343,363,236,86,64,4,meniique
184,129,147,291,347,218,62,57,4,meniique
200,142,166,262,326,229,62,63,4,meniique
292,139,161,266,290,199,63,72,4,meniique
275,131,148,280,295,267,72,67,4,meniique
272,116,152,309,319,283,85,71,4,meniique
103,115,126,318,439,471,115,62,4,meniique
101,92,139,353,476,555,129,63,4,meniique
105,87,146,392,512,570,136,65,4,meniique
99,86,151,433,528,561,145,70,4,meniique
93,76,195,467,490,554,142,69,4,meniique
99,81,195,458,439,482,133,67,4,meniique
128,113,136,373,248,297,92,55,4,meniique
121,95,128,359,221,310,88,55,4,meniique
102,96,90,258,225,341,89,52,4,meniique
78,100,104,259,294,375,85,47,4,meniique
60,82,113,253,285,329,79,45,4,meniique
50,82,111,277,414,412,108,58,4,meniique
69,120,259,327,383,380,128,64,4,meniique
65,118,238,316,391,365,119,61,4,meniique
65,115,244,345,382,379,121,63,4,meniique
66,114,210,386,447,339,108,58,4,meniique
56,93,206,417,429,324,106,59,4,meniique
64,119,184,350,454,491,151,89,4,meniique
57,114,171,338,450,459,142,76,4,meniique
51,86,163,283,306,132,120,51,4,meniique
53,87,168,287,301,151,134,61,4,meniique
52,75,148,307,277,173,157,69,4,meniique
45,70,122,322,277,279,88,45,4,meniique
50,73,126,287,266,211,97,48,4,meniique
48,66,128,236,238,205,95,47,4,meniique
50,64,134,258,219,195,90,48,4,meniique
49,63,131,298,285,208,91,50,4,meniique
48,70,110,276,279,320,92,51,4,meniique
52,76,126,264,275,316,91,49,4,meniique
49,76,139,291,290,317,87,42,4,meniique
52,86,137,244,275,231,79,41,4,meniique
51,85,133,266,235,263,74,47,4,meniique
45,76,123,257,220,244,67,44,4,meniique
49,78,103,300,282,376,114,47,4,meniique
50,67,93,297,306,408,133,55,4,meniique
44,64,94,311,328,409,131,56,4,meniique
39,71,90,350,392,411,131,56,4,meniique
54,76,89,326,421,479,161,76,4,meniique
56,79,87,284,414,453,153,77,4,meniique
51,91,88,231,377,681,199,94,4,meniique
60,87,91,248,378,619,190,97,4,meniique
72,95,104,243,358,531,176,98,4,meniique
193,121,135,286,360,608,289,164,4,meniique
165,129,154,301,345,589,270,159,4,meniique
91,135,140,310,342,556,249,117,4,meniique
82,123,127,279,322,548,243,105,4,meniique
73,134,126,284,307,466,217,85,4,meniique
66,120,117,225,250,454,197,70,4,meniique
219,123,160,296,316,491,195,136,4,meniique
214,95,135,291,290,451,184,147,4,meniique
223,110,123,283,291,426,189,179,4,meniique
238,109,125,287,308,479,198,194,4,meniique
152,104,109,200,228,429,237,198,4,meniique
142,104,105,185,259,457,251,203,4,meniique
99,113,110,155,270,560,248,135,4,meniique
108,95,93,169,271,562,203,111,4,meniique
97,92,88,210,279,567,205,106,4,meniique
88,88,87,208,261,468,171,79,4,meniique
86,87,85,246,279,408,143,71,4,meniique
80,87,86,248,270,363,134,70,4,meniique
193,111,108,170,182,275,111,109,4,meniique
165,129,148,154,201,309,126,105,4,meniique
167,111,144,133,204,298,122,102,4,meniique
228,132,150,220,264,365,140,105,4,meniique
267,143,162,235,263,331,120,102,4,meniique
149,72,85,113,170,259,99,59,4,meniique
141,72,86,119,184,218,92,50,4,meniique
180,78,83,120,199,215,95,52,4,meniique
180,99,105,127,220,273,103,49,4,meniique
184,99,105,134,206,265,100,49,4,meniique
136,111,112,106,143,298,78,50,4,meniique
128,101,89,111,137,296,71,46,4,meniique
133,87,91,117,150,297,75,47,4,meniique
126,97,92,135,140,246,70,41,4,meniique
104,89,93,140,147,238,71,37,4,meniique
118,100,95,153,145,203,65,34,4,meniique
31,31,48,90,335,134,40,135,5,abrirMano
29,30,43,91,329,142,39,78,5,abrirMano
29,31,45,94,368,140,45,67,5,abrirMano
34,29,48,115,282,193,50,83,5,abrirMano
31,34,52,106,305,196,50,60,5,abrirMano
34,36,51,101,293,166,48,131,5,abrirMano
42,25,33,86,281,134,36,140,5,abrirMano
41,24,33,88,297,127,46,137,5,abrirMano
44,26,35,91,250,109,44,135,5,abrirMano
44,25,35,95,246,118,47,138,5,abrirMano
36,33,55,107,313,193,39,114,5,abrirMano
34,31,50,111,344,196,38,114,5,abrirMano
34,33,55,93,316,197,39,120,5,abrirMano
38,33,57,102,255,198,41,123,5,abrirMano
41,34,50,86,336,187,42,142,5,abrirMano
38,35,51,91,339,167,39,75,5,abrirMano
39,35,49,88,316,136,40,136,5,abrirMano
36,33,47,85,274,130,38,131,5,abrirMano
43,29,51,87,290,153,38,64,5,abrirMano
35,32,56,93,305,166,42,117,5,abrirMano
36,33,54,94,293,176,47,120,5,abrirMano
34,31,45,75,239,164,43,124,5,abrirMano
33,35,46,82,254,124,35,122,5,abrirMano
33,33,45,83,239,150,39,124,5,abrirMano
33,35,47,91,309,171,42,125,5,abrirMano
28,36,54,111,315,180,42,126,5,abrirMano
31,36,56,110,313,192,47,65,5,abrirMano
34,26,42,96,312,153,35,143,5,abrirMano
37,32,45,98,312,127,36,143,5,abrirMano
34,32,47,96,292,117,35,144,5,abrirMano
35,30,45,99,296,116,33,144,5,abrirMano
36,43,58,110,351,192,49,134,5,abrirMano
39,41,52,111,317,194,47,135,5,abrirMano
39,37,46,110,322,178,45,136,5,abrirMano
37,35,63,66,221,151,37,125,5,abrirMano
39,36,65,71,218,145,37,126,5,abrirMano
30,39,66,86,240,151,37,62,5,abrirMano
31,37,64,90,284,162,42,58,5,abrirMano
37,26,44,94,343,157,41,55,5,abrirMano
38,26,45,107,386,169,42,123,5,abrirMano
38,28,48,109,423,166,46,126,5,abrirMano
37,28,48,102,399,127,39,131,5,abrirMano
58,46,51,76,295,112,40,119,5,abrirMano
59,46,52,95,353,156,47,120,5,abrirMano
60,47,55,94,353,149,42,135,5,abrirMano
56,47,54,95,374,183,46,131,5,abrirMano
44,35,47,97,346,186,45,131,5,abrirMano
371,43,43,62,202,120,63,222,5,abrirMano
309,41,44,63,197,125,63,224,5,abrirMano
344,47,49,70,224,131,66,213,5,abrirMano
251,36,38,56,303,168,54,148,5,abrirMano
253,35,33,51,255,121,47,147,5,abrirMano
289,38,36,48,223,110,44,122,5,abrirMano
311,41,39,48,200,110,45,157,5,abrirMano
259,37,39,49,210,105,50,172,5,abrirMano
245,37,40,50,205,95,51,168,5,abrirMano
237,31,33,44,261,89,45,127,5,abrirMano
245,29,30,43,247,99,49,172,5,abrirMano
238,32,34,44,260,98,48,160,5,abrirMano
291,38,36,47,261,98,47,164,5,abrirMano
259,33,38,42,199,107,55,195,5,abrirMano
261,32,40,39,178,95,54,187,5,abrirMano
294,33,40,41,201,91,49,154,5,abrirMano
277,32,40,41,206,84,49,197,5,abrirMano
239,35,43,40,185,90,45,144,5,abrirMano
190,30,39,38,169,89,51,165,5,abrirMano
185,30,36,32,159,101,51,149,5,abrirMano
261,34,40,34,153,101,52,205,5,abrirMano
255,34,36,34,150,95,48,202,5,abrirMano
244,33,42,42,210,76,40,195,5,abrirMano
205,31,40,45,208,81,50,192,5,abrirMano
222,30,40,42,188,81,53,180,5,abrirMano
263,32,43,44,217,85,54,182,5,abrirMano
259,32,43,43,204,83,55,175,5,abrirMano
296,34,35,28,179,67,43,193,5,abrirMano
308,36,35,37,193,69,41,219,5,abrirMano
258,34,34,48,197,80,42,205,5,abrirMano
299,38,33,47,178,78,38,171,5,abrirMano
299,37,36,49,203,77,40,205,5,abrirMano
259,36,47,36,198,82,50,213,5,abrirMano
270,35,47,38,170,66,51,213,5,abrirMano
274,32,45,43,205,67,54,231,5,abrirMano
256,33,43,45,210,69,58,239,5,abrirMano
233,30,41,42,197,62,45,212,5,abrirMano
247,35,45,35,165,51,44,215,5,abrirMano
224,33,49,37,161,56,41,183,5,abrirMano
332,33,45,35,176,55,39,188,5,abrirMano
334,32,44,39,174,57,42,200,5,abrirMano
283,34,40,48,170,81,50,231,5,abrirMano
308,36,38,45,167,84,47,247,5,abrirMano
316,38,38,43,170,83,53,209,5,abrirMano
269,37,39,42,167,80,55,220,5,abrirMano
251,40,51,49,180,85,43,153,5,abrirMano
256,43,51,55,221,85,44,166,5,abrirMano
263,40,48,52,204,85,47,170,5,abrirMano
261,41,50,50,206,79,47,163,5,abrirMano
266,38,46,52,242,94,46,144,5,abrirMano
306,33,41,34,198,64,48,217,5,abrirMano
376,36,37,35,205,70,46,245,5,abrirMano
390,37,40,33,198,66,50,263,5,abrirMano
300,33,42,32,177,70,48,242,5,abrirMano
166,34,30,45,103,105,62,190,5,abrirMano
170,32,28,42,97,98,61,186,5,abrirMano
197,32,30,46,114,104,64,217,5,abrirMano
156,32,33,54,135,120,62,164,5,abrirMano
220,41,40,53,205,132,66,141,5,abrirMano
221,45,47,68,221,165,78,175,5,abrirMano
193,44,47,68,193,160,79,168,5,abrirMano
252,46,52,79,330,166,86,261,5,abrirMano
240,45,50,83,328,168,90,259,5,abrirMano
204,37,39,46,260,108,56,175,5,abrirMano
205,37,39,44,262,107,52,177,5,abrirMano
149,32,31,41,190,101,52,210,5,abrirMano
150,33,32,45,208,128,52,167,5,abrirMano
150,30,29,46,213,128,49,170,5,abrirMano
69,27,28,35,134,75,51,188,5,abrirMano
144,27,30,34,137,74,49,251,5,abrirMano
159,28,32,34,128,73,39,222,5,abrirMano
162,27,30,33,125,66,40,241,5,abrirMano
162,27,30,32,141,64,38,224,5,abrirMano
289,38,27,40,201,103,58,244,5,abrirMano
246,32,26,44,202,107,55,220,5,abrirMano
241,32,27,43,200,100,52,235,5,abrirMano
238,36,28,41,163,100,59,267,5,abrirMano
239,30,29,34,165,85,46,233,5,abrirMano
262,33,31,36,185,76,38,192,5,abrirMano
223,31,31,40,173,86,38,178,5,abrirMano
177,29,31,37,147,71,36,171,5,abrirMano
174,28,28,31,134,74,36,191,5,abrirMano
144,27,28,29,129,70,38,180,5,abrirMano
146,29,28,28,133,69,38,156,5,abrirMano
153,29,26,30,141,67,37,178,5,abrirMano
261,36,29,30,141,60,41,196,5,abrirMano
192,24,30,26,108,56,47,190,5,abrirMano
192,26,37,35,134,91,48,199,5,abrirMano
196,26,37,34,125,96,50,189,5,abrirMano
274,35,37,37,141,110,59,252,5,abrirMano
280,36,39,37,152,115,59,255,5,abrirMano
232,29,26,31,131,80,49,198,5,abrirMano
281,34,28,30,131,81,50,198,5,abrirMano
224,33,27,27,133,76,42,168,5,abrirMano
249,32,26,30,125,82,42,177,5,abrirMano
250,32,27,30,89,82,41,178,5,abrirMano
278,35,26,29,90,70,40,206,5,abrirMano
219,32,29,31,154,78,45,221,5,abrirMano
267,36,31,33,155,72,43,234,5,abrirMano
232,34,32,31,135,68,44,264,5,abrirMano
231,33,33,32,135,78,42,261,5,abrirMano
228,32,33,30,112,71,36,217,5,abrirMano
218,32,35,28,98,55,39,180,5,abrirMano
217,33,36,30,80,62,41,173,5,abrirMano
269,34,34,29,75,60,44,177,5,abrirMano
220,34,34,30,102,62,47,189,5,abrirMano
232,32,30,26,98,59,44,182,5,abrirMano
194,29,28,34,125,72,48,163,5,abrirMano
211,30,29,33,127,82,50,191,5,abrirMano
241,34,29,32,127,76,47,189,5,abrirMano
231,33,29,31,115,72,42,172,5,abrirMano
232,32,30,30,121,80,42,152,5,abrirMano
192,29,32,27,119,69,46,179,5,abrirMano
180,28,28,25,122,59,49,190,5,abrirMano
253,30,29,27,139,60,51,198,5,abrirMano
224,28,29,30,116,52,39,185,5,abrirMano
221,32,26,31,105,54,41,191,5,abrirMano
32,26,40,73,324,116,62,56,5,abrirMano
31,26,39,79,349,125,61,47,5,abrirMano
29,28,41,91,352,131,60,42,5,abrirMano
29,34,49,103,442,149,67,41,5,abrirMano
27,39,54,118,552,187,72,38,5,abrirMano
27,40,62,205,628,188,72,37,5,abrirMano
28,44,90,292,669,190,73,35,5,abrirMano
64,46,63,112,455,248,110,144,5,abrirMano
173,54,71,149,682,374,140,361,5,abrirMano
187,60,76,154,703,392,143,388,5,abrirMano
159,59,75,149,705,370,141,308,5,abrirMano
185,81,80,149,595,340,137,351,5,abrirMano
176,87,91,170,671,322,139,350,5,abrirMano
100,59,61,125,606,364,116,225,5,abrirMano
89,61,65,127,675,356,114,252,5,abrirMano
87,61,65,125,669,329,112,262,5,abrirMano
94,60,67,131,686,346,113,296,5,abrirMano
101,57,68,135,625,365,113,285,5,abrirMano
104,31,36,60,384,223,81,230,5,abrirMano
68,27,36,65,355,254,78,171,5,abrirMano
68,30,40,77,394,280,87,239,5,abrirMano
79,28,37,76,366,293,94,246,5,abrirMano
80,28,40,76,361,293,86,236,5,abrirMano
62,39,47,88,412,239,91,139,5,abrirMano
62,38,48,94,440,243,94,165,5,abrirMano
68,39,46,99,462,238,89,152,5,abrirMano
104,59,70,113,455,242,106,219,5,abrirMano
103,58,73,114,468,230,107,220,5,abrirMano
70,51,64,94,360,263,92,201,5,abrirMano
87,46,59,92,398,259,87,260,5,abrirMano
59,33,37,64,318,269,97,267,5,abrirMano
60,35,36,64,340,284,93,251,5,abrirMano
61,35,36,71,393,257,82,205,5,abrirMano
50,30,37,72,388,242,83,191,5,abrirMano
50,28,32,63,348,226,69,189,5,abrirMano
83,38,45,83,323,211,95,198,5,abrirMano
78,38,45,84,314,231,94,179,5,abrirMano
67,34,45,82,329,248,90,154,5,abrirMano
60,34,43,82,335,244,89,137,5,abrirMano
