19, 21, 22, 21, 18, 22, 20, 24, 0
19, 23, 23, 22, 22, 21, 19, 22, 0
18, 24, 24, 20, 21, 21, 18, 23, 0
21, 25, 24, 19, 24, 21, 19, 22, 0
22, 25, 23, 18, 23, 24, 19, 21, 0
21, 25, 22, 18, 25, 27, 18, 20, 0
20, 23, 22, 18, 21, 25, 19, 21, 0
19, 22, 20, 20, 21, 22, 20, 21, 0
19, 22, 22, 20, 23, 22, 20, 20, 0
20, 23, 25, 21, 21, 22, 21, 21, 0
20, 22, 23, 21, 21, 21, 21, 21, 0
19, 23, 24, 20, 20, 22, 21, 21, 0
22, 23, 20, 20, 21, 23, 18, 18, 0
21, 23, 20, 19, 21, 22, 17, 18, 0
22, 24, 22, 19, 20, 22, 17, 18, 0
22, 23, 22, 19, 20, 22, 16, 19, 0
21, 22, 23, 19, 21, 22, 17, 20, 0
22, 22, 23, 22, 22, 32, 22, 19, 0
21, 20, 23, 22, 21, 31, 22, 20, 0
23, 20, 23, 21, 22, 29, 22, 23, 0
23, 21, 23, 19, 24, 30, 22, 25, 0
19, 24, 21, 26, 21, 25, 21, 23, 0
20, 22, 23, 24, 21, 24, 20, 21, 0
20, 23, 21, 23, 25, 26, 20, 21, 0
19, 21, 21, 22, 26, 25, 19, 23, 0
18, 20, 22, 21, 26, 27, 20, 21, 0
21, 18, 24, 21, 19, 26, 20, 21, 0
21, 19, 20, 21, 22, 26, 20, 21, 0
21, 20, 20, 23, 24, 29, 20, 22, 0
22, 22, 21, 23, 24, 27, 21, 23, 0
20, 22, 23, 22, 25, 27, 23, 22, 0
20, 21, 22, 19, 27, 26, 24, 23, 0
20, 20, 23, 20, 23, 25, 23, 23, 0
20, 20, 23, 21, 23, 22, 21, 24, 0
21, 21, 23, 23, 24, 21, 23, 21, 0
17, 21, 25, 23, 21, 22, 20, 21, 0
18, 22, 25, 22, 20, 22, 21, 21, 0
19, 22, 25, 23, 22, 21, 21, 21, 0
18, 18, 23, 22, 21, 21, 23, 21, 0
19, 21, 22, 20, 24, 21, 20, 24, 0
19, 20, 21, 19, 24, 22, 21, 23, 0
19, 19, 22, 20, 21, 21, 21, 23, 0
20, 24, 21, 21, 22, 21, 22, 21, 0
19, 24, 21, 21, 22, 22, 20, 22, 0
19, 23, 22, 19, 21, 22, 20, 25, 0
20, 25, 22, 18, 21, 24, 20, 22, 0
22, 24, 22, 18, 22, 24, 20, 20, 0
21, 23, 21, 18, 21, 23, 19, 22, 0
19, 22, 21, 19, 22, 24, 18, 19, 0
18, 22, 23, 18, 23, 25, 17, 19, 0
18, 22, 22, 19, 21, 26, 16, 18, 0
17, 23, 20, 18, 21, 25, 18, 19, 0
18, 23, 22, 18, 20, 26, 19, 18, 0
21, 20, 21, 21, 25, 18, 20, 22, 0
22, 21, 21, 19, 24, 19, 22, 25, 0
20, 22, 24, 19, 24, 20, 22, 24, 0
22, 21, 24, 20, 24, 22, 19, 22, 0
18, 23, 21, 21, 25, 19, 22, 20, 0
19, 23, 21, 21, 24, 19, 22, 21, 0
20, 24, 24, 20, 25, 20, 21, 22, 0
22, 23, 22, 19, 19, 21, 21, 18, 0
22, 23, 21, 19, 21, 22, 21, 17, 0
22, 22, 22, 20, 24, 20, 20, 17, 0
22, 21, 21, 20, 24, 21, 21, 18, 0
24, 21, 23, 18, 23, 20, 17, 21, 0
25, 22, 24, 20, 23, 22, 18, 20, 0
22, 20, 23, 20, 22, 20, 17, 21, 0
20, 23, 25, 21, 24, 20, 23, 20, 0
19, 22, 23, 22, 23, 20, 23, 20, 0
18, 22, 23, 23, 22, 19, 23, 19, 0
20, 20, 22, 21, 21, 21, 22, 19, 0
17, 20, 19, 21, 22, 17, 19, 18, 0
18, 19, 20, 23, 22, 18, 20, 19, 0
19, 21, 22, 21, 20, 20, 19, 20, 0
19, 21, 25, 21, 21, 20, 19, 21, 0
20, 21, 25, 20, 21, 22, 20, 20, 0
16, 20, 22, 19, 21, 25, 21, 22, 0
17, 19, 21, 19, 21, 26, 21, 21, 0
18, 19, 22, 20, 20, 27, 21, 22, 0
18, 19, 20, 22, 21, 25, 19, 22, 0
20, 18, 20, 19, 22, 24, 23, 21, 0
20, 20, 19, 19, 20, 22, 24, 20, 0
20, 19, 20, 21, 20, 22, 24, 20, 0
18, 23, 22, 20, 24, 23, 20, 20, 0
18, 22, 22, 20, 21, 23, 21, 22, 0
18, 22, 21, 21, 20, 22, 21, 21, 0
19, 22, 22, 21, 20, 23, 22, 19, 0
19, 21, 21, 21, 18, 25, 23, 20, 0
19, 20, 20, 21, 20, 24, 22, 21, 0
19, 20, 23, 19, 21, 22, 24, 20, 0
19, 21, 24, 21, 20, 23, 23, 20, 0
20, 22, 21, 20, 20, 23, 19, 23, 0
19, 20, 22, 19, 22, 21, 20, 20, 0
19, 20, 23, 20, 20, 20, 18, 21, 0
21, 20, 25, 23, 20, 22, 20, 21, 0
21, 21, 23, 22, 21, 25, 19, 21, 0
21, 24, 26, 23, 21, 25, 20, 23, 0
22, 23, 24, 25, 22, 24, 19, 21, 0
23, 21, 21, 22, 21, 23, 21, 22, 0
21, 21, 21, 22, 19, 22, 21, 21, 0
22, 21, 19, 22, 19, 21, 21, 20, 0
22, 22, 18, 22, 19, 23, 20, 19, 0
22, 21, 21, 21, 22, 22, 18, 21, 0
22, 21, 22, 21, 22, 23, 18, 23, 0
22, 21, 23, 20, 24, 21, 21, 24, 0
22, 22, 22, 20, 23, 22, 22, 24, 0
22, 21, 23, 20, 23, 21, 23, 25, 0
19, 24, 22, 21, 21, 20, 17, 19, 0
19, 21, 22, 21, 22, 21, 18, 19, 0
19, 22, 23, 23, 22, 23, 20, 18, 0
19, 21, 21, 24, 21, 24, 19, 17, 0
20, 20, 20, 24, 20, 24, 19, 17, 0
19, 21, 20, 25, 22, 25, 21, 17, 0
20, 20, 20, 23, 21, 22, 20, 24, 0
21, 21, 21, 22, 22, 26, 18, 23, 0
21, 21, 19, 21, 20, 24, 19, 23, 0
21, 22, 24, 21, 21, 23, 20, 21, 0
22, 21, 24, 22, 23, 22, 20, 19, 0
21, 21, 22, 20, 23, 22, 20, 20, 0
22, 20, 23, 22, 27, 25, 18, 20, 0
19, 21, 24, 23, 26, 19, 19, 22, 0
19, 20, 23, 22, 24, 20, 19, 23, 0
18, 20, 23, 23, 23, 21, 19, 21, 0
20, 23, 22, 23, 22, 23, 20, 21, 0
23, 22, 18, 22, 23, 29, 22, 18, 0
21, 21, 18, 22, 23, 28, 22, 17, 0
23, 22, 18, 21, 22, 28, 23, 18, 0
21, 19, 20, 24, 23, 25, 23, 21, 0
22, 19, 22, 22, 22, 25, 22, 21, 0
22, 20, 22, 21, 22, 26, 22, 22, 0
81, 35, 82, 266, 86, 103, 193, 97, 1
96, 37, 84, 196, 74, 90, 184, 102, 1
91, 36, 87, 171, 74, 86, 189, 73, 1
86, 36, 88, 169, 67, 86, 209, 69, 1
97, 34, 79, 249, 81, 99, 183, 75, 1
73, 37, 89, 298, 99, 123, 213, 77, 1
70, 38, 88, 314, 96, 139, 226, 65, 1
64, 34, 84, 337, 86, 128, 246, 63, 1
72, 33, 81, 324, 82, 108, 211, 70, 1
73, 31, 72, 276, 70, 106, 209, 69, 1
71, 39, 86, 283, 75, 114, 214, 72, 1
84, 30, 61, 227, 106, 114, 181, 56, 1
88, 32, 62, 250, 100, 94, 144, 54, 1
85, 35, 73, 258, 97, 80, 149, 56, 1
83, 33, 74, 249, 80, 84, 180, 53, 1
80, 34, 78, 237, 76, 84, 172, 59, 1
70, 35, 80, 247, 77, 92, 177, 62, 1
85, 31, 74, 301, 83, 94, 168, 62, 1
84, 32, 68, 277, 72, 89, 173, 60, 1
84, 34, 72, 302, 81, 104, 163, 61, 1
85, 35, 76, 282, 78, 97, 155, 60, 1
87, 34, 78, 277, 89, 104, 181, 62, 1
75, 34, 81, 302, 96, 105, 184, 62, 1
87, 34, 83, 290, 96, 103, 179, 62, 1
85, 39, 76, 279, 76, 107, 182, 69, 1
83, 37, 72, 255, 60, 103, 201, 70, 1
88, 35, 68, 280, 61, 105, 185, 75, 1
77, 34, 62, 282, 71, 94, 179, 66, 1
97, 36, 74, 304, 84, 94, 177, 69, 1
99, 37, 75, 268, 79, 86, 150, 74, 1
96, 36, 79, 280, 81, 112, 133, 72, 1
70, 40, 85, 240, 86, 94, 192, 54, 1
72, 42, 99, 233, 86, 92, 177, 59, 1
66, 40, 99, 232, 80, 84, 140, 57, 1
63, 39, 96, 223, 84, 74, 129, 52, 1
62, 38, 99, 222, 82, 69, 132, 56, 1
62, 38, 87, 285, 72, 63, 118, 59, 1
83, 35, 87, 355, 83, 112, 150, 64, 1
83, 37, 85, 277, 81, 112, 194, 63, 1
81, 36, 90, 271, 76, 116, 206, 69, 1
84, 41, 100, 309, 81, 117, 203, 66, 1
93, 43, 88, 275, 75, 122, 215, 65, 1
80, 41, 95, 262, 82, 126, 244, 69, 1
85, 40, 104, 299, 94, 129, 238, 68, 1
108, 43, 101, 316, 88, 112, 203, 105, 1
99, 42, 101, 323, 81, 120, 199, 103, 1
96, 42, 100, 308, 95, 122, 210, 103, 1
96, 45, 101, 313, 95, 118, 191, 96, 1
96, 45, 101, 333, 97, 118, 227, 84, 1
82, 40, 83, 273, 98, 115, 228, 90, 1
110, 39, 97, 279, 87, 122, 209, 105, 1
115, 39, 96, 307, 96, 129, 201, 99, 1
110, 43, 103, 336, 102, 131, 210, 83, 1
105, 47, 112, 349, 101, 121, 209, 77, 1
127, 45, 109, 362, 106, 105, 160, 106, 1
141, 42, 96, 354, 91, 104, 163, 98, 1
131, 40, 94, 326, 93, 104, 158, 99, 1
76, 36, 85, 264, 86, 106, 206, 84, 1
75, 36, 95, 297, 82, 107, 188, 81, 1
79, 35, 89, 316, 99, 101, 214, 76, 1
81, 36, 89, 311, 106, 101, 202, 77, 1
73, 35, 91, 302, 108, 91, 181, 67, 1
79, 47, 101, 335, 107, 94, 178, 63, 1
84, 45, 88, 339, 109, 93, 200, 75, 1
94, 34, 81, 288, 77, 98, 213, 70, 1
103, 33, 75, 322, 73, 101, 226, 77, 1
100, 32, 87, 319, 83, 104, 225, 84, 1
106, 32, 91, 305, 77, 89, 205, 93, 1
106, 36, 92, 313, 94, 97, 201, 105, 1
95, 35, 100, 283, 105, 111, 202, 108, 1
87, 39, 101, 253, 110, 110, 186, 110, 1
89, 30, 78, 339, 100, 97, 228, 66, 1
107, 32, 87, 342, 99, 95, 228, 71, 1
108, 41, 115, 286, 95, 88, 209, 75, 1
86, 40, 109, 221, 96, 88, 207, 77, 1
88, 42, 111, 232, 91, 86, 247, 76, 1
92, 43, 109, 230, 96, 89, 201, 79, 1
77, 44, 108, 412, 85, 152, 253, 96, 1
78, 53, 122, 381, 93, 146, 207, 92, 1
84, 54, 116, 377, 87, 166, 208, 94, 1
85, 54, 108, 358, 111, 152, 158, 88, 1
89, 56, 117, 366, 110, 146, 189, 96, 1
80, 53, 108, 290, 106, 126, 194, 93, 1
99, 43, 96, 265, 98, 103, 217, 77, 1
87, 43, 99, 283, 100, 108, 223, 70, 1
79, 43, 105, 266, 101, 109, 212, 67, 1
82, 41, 103, 264, 98, 110, 195, 69, 1
95, 43, 96, 289, 95, 105, 206, 80, 1
86, 38, 89, 293, 87, 110, 178, 76, 1
90, 39, 109, 250, 103, 95, 195, 67, 1
69, 41, 106, 206, 101, 90, 198, 74, 1
78, 38, 98, 281, 86, 86, 198, 79, 1
74, 36, 99, 294, 86, 94, 247, 75, 1
79, 38, 97, 278, 74, 104, 241, 74, 1
87, 41, 111, 312, 71, 101, 246, 68, 1
85, 44, 144, 379, 89, 106, 194, 93, 1
87, 38, 118, 375, 89, 113, 199, 91, 1
104, 41, 116, 383, 89, 107, 191, 89, 1
106, 38, 95, 325, 79, 100, 194, 80, 1
107, 42, 94, 324, 81, 106, 196, 89, 1
125, 40, 85, 326, 77, 119, 210, 94, 1
154, 60, 216, 310, 163, 352, 305, 92, 1
158, 61, 218, 328, 168, 367, 402, 93, 1
137, 59, 192, 320, 115, 280, 371, 77, 1
131, 60, 179, 331, 108, 296, 396, 82, 1
122, 58, 182, 338, 111, 303, 393, 78, 1
94, 52, 146, 297, 114, 277, 387, 78, 1
104, 44, 144, 260, 73, 146, 251, 57, 1
100, 39, 146, 267, 92, 139, 231, 57, 1
117, 40, 132, 253, 97, 142, 233, 64, 1
112, 41, 121, 259, 97, 152, 259, 68, 1
115, 42, 106, 260, 97, 145, 273, 75, 1
129, 44, 91, 266, 101, 121, 244, 76, 1
111, 45, 97, 278, 91, 146, 276, 81, 1
101, 50, 133, 265, 89, 180, 296, 78, 1
135, 52, 130, 282, 105, 183, 361, 96, 1
130, 49, 126, 273, 108, 214, 339, 95, 1
122, 59, 142, 297, 108, 198, 317, 97, 1
122, 59, 138, 309, 119, 212, 340, 102, 1
97, 51, 132, 263, 86, 192, 347, 89, 1
89, 48, 152, 249, 92, 210, 358, 75, 1
94, 50, 160, 262, 98, 204, 355, 79, 1
126, 55, 145, 275, 101, 185, 316, 89, 1
147, 57, 143, 268, 103, 190, 317, 95, 1
142, 61, 157, 258, 102, 195, 276, 90, 1
116, 45, 112, 254, 88, 193, 259, 75, 1
122, 42, 112, 263, 82, 184, 235, 73, 1
114, 36, 95, 272, 75, 173, 223, 73, 1
112, 33, 110, 270, 80, 180, 204, 78, 1
112, 34, 108, 275, 75, 184, 187, 72, 1
104, 40, 106, 313, 79, 199, 239, 79, 1
92, 45, 118, 322, 84, 203, 256, 83, 1
119, 42, 106, 270, 95, 209, 242, 90, 1
123, 45, 101, 275, 95, 196, 228, 90, 1
120, 44, 100, 250, 87, 199, 241, 89, 1
96, 42, 103, 219, 87, 164, 186, 62, 1
94, 43, 102, 212, 91, 153, 167, 63, 1
77, 42, 99, 187, 79, 123, 147, 60, 1
115, 41, 90, 244, 100, 138, 240, 70, 1
116, 38, 103, 259, 85, 124, 267, 85, 1
111, 42, 116, 263, 84, 120, 272, 85, 1
98, 43, 115, 258, 64, 135, 251, 80, 1
93, 47, 119, 248, 69, 133, 274, 82, 1
78, 50, 118, 249, 73, 134, 317, 79, 1
82, 50, 108, 229, 85, 141, 283, 67, 1
88, 38, 115, 215, 71, 124, 244, 101, 1
105, 39, 101, 209, 74, 118, 265, 96, 1
90, 38, 101, 185, 67, 130, 224, 88, 1
92, 39, 98, 190, 68, 121, 208, 92, 1
93, 41, 85, 234, 75, 140, 180, 56, 1
105, 42, 91, 223, 77, 152, 204, 59, 1
96, 43, 105, 230, 70, 153, 223, 71, 1
98, 42, 109, 247, 64, 140, 215, 71, 1
78, 38, 94, 258, 96, 140, 230, 74, 1
78, 44, 97, 257, 91, 125, 212, 53, 1
79, 44, 104, 256, 77, 121, 215, 49, 1
98, 46, 108, 261, 76, 133, 216, 56, 1
81, 39, 112, 229, 82, 175, 273, 61, 1
88, 41, 105, 237, 94, 171, 244, 63, 1
88, 44, 122, 264, 84, 158, 223, 66, 1
87, 39, 108, 251, 79, 149, 272, 70, 1
89, 38, 104, 238, 76, 151, 287, 78, 1
93, 38, 103, 253, 80, 125, 249, 76, 1
122, 41, 99, 277, 97, 118, 256, 87, 1
110, 41, 97, 260, 88, 105, 248, 85, 1
110, 39, 83, 261, 84, 111, 230, 82, 1
110, 40, 84, 227, 71, 114, 257, 84, 1
87, 38, 90, 214, 67, 118, 259, 76, 1
72, 42, 107, 223, 85, 133, 241, 69, 1
87, 41, 102, 247, 77, 145, 234, 71, 1
87, 41, 104, 237, 82, 170, 252, 71, 1
85, 39, 101, 229, 81, 162, 263, 72, 1
108, 41, 95, 214, 77, 169, 285, 82, 1
84, 41, 119, 248, 73, 179, 279, 56, 1
88, 37, 105, 229, 65, 178, 243, 57, 1
79, 38, 111, 206, 70, 165, 220, 51, 1
85, 45, 119, 256, 79, 151, 229, 58, 1
83, 43, 111, 256, 76, 143, 221, 56, 1
84, 40, 92, 228, 88, 146, 176, 67, 1
82, 39, 92, 157, 81, 149, 182, 65, 1
87, 42, 99, 149, 85, 140, 175, 64, 1
100, 46, 93, 138, 87, 142, 192, 66, 1
96, 44, 95, 148, 74, 126, 172, 69, 1
95, 49, 100, 159, 73, 126, 176, 62, 1
106, 33, 81, 295, 84, 150, 242, 56, 1
103, 33, 93, 290, 86, 150, 230, 55, 1
106, 34, 104, 310, 89, 153, 253, 62, 1
107, 34, 103, 310, 92, 157, 264, 63, 1
105, 31, 99, 289, 89, 138, 216, 59, 1
100, 40, 102, 251, 84, 165, 258, 89, 1
100, 45, 103, 249, 86, 154, 251, 83, 1
91, 43, 104, 258, 79, 152, 248, 81, 1
92, 44, 119, 275, 80, 155, 246, 86, 1
80, 44, 126, 247, 69, 133, 223, 84, 1
77, 41, 118, 267, 64, 156, 222, 77, 1
89, 46, 103, 252, 79, 148, 294, 76, 1
86, 46, 118, 285, 87, 164, 295, 72, 1
93, 43, 117, 254, 84, 152, 220, 76, 1
98, 40, 117, 263, 91, 149, 207, 80, 1
93, 39, 114, 312, 100, 169, 228, 86, 1
82, 40, 111, 314, 105, 168, 201, 75, 1
91, 45, 125, 312, 84, 151, 216, 69, 1
94, 41, 123, 293, 84, 142, 236, 77, 1
97, 44, 113, 241, 81, 143, 248, 73, 1
101, 41, 96, 229, 82, 144, 229, 63, 1
79, 41, 93, 194, 87, 145, 252, 63, 1
114, 43, 112, 186, 83, 147, 221, 75, 1
123, 40, 115, 162, 88, 144, 215, 68, 1
97, 36, 90, 173, 66, 128, 197, 65, 1
103, 39, 116, 276, 67, 143, 222, 80, 1
92, 36, 99, 232, 64, 144, 236, 75, 1
95, 39, 99, 242, 69, 134, 233, 81, 1
77, 43, 109, 258, 75, 132, 231, 70, 1
96, 37, 85, 211, 79, 121, 185, 58, 1
87, 38, 82, 199, 80, 136, 209, 58, 1
86, 35, 79, 180, 82, 140, 193, 55, 1
101, 49, 121, 219, 72, 195, 320, 83, 1
102, 49, 113, 215, 74, 198, 343, 89, 1
134, 52, 111, 215, 73, 204, 348, 97, 1
113, 48, 115, 192, 69, 171, 302, 95, 1
95, 39, 96, 190, 73, 166, 184, 66, 1
91, 36, 89, 200, 72, 164, 179, 65, 1
98, 48, 109, 215, 79, 175, 227, 65, 1
173, 52, 117, 253, 101, 316, 497, 179, 1
174, 54, 132, 302, 103, 282, 416, 177, 1
172, 53, 121, 316, 85, 278, 306, 173, 1
171, 50, 112, 307, 77, 271, 247, 171, 1
120, 56, 142, 295, 94, 273, 251, 109, 1
87, 40, 119, 185, 92, 250, 366, 95, 1
85, 36, 100, 194, 89, 234, 366, 93, 1
85, 30, 81, 191, 75, 259, 321, 90, 1
89, 29, 79, 203, 62, 275, 328, 103, 1
77, 31, 69, 197, 63, 269, 256, 97, 1
80, 32, 103, 229, 96, 172, 234, 86, 1
74, 26, 84, 193, 84, 218, 211, 72, 1
65, 27, 75, 186, 75, 196, 186, 64, 1
66, 26, 65, 170, 76, 197, 196, 66, 1
78, 30, 61, 179, 98, 198, 346, 92, 1
65, 28, 60, 171, 96, 192, 337, 87, 1
40, 30, 57, 225, 63, 107, 223, 46, 1
40, 29, 56, 204, 58, 140, 213, 40, 1
54, 32, 55, 205, 59, 143, 189, 52, 1
49, 34, 54, 224, 59, 156, 190, 56, 1
49, 34, 61, 214, 58, 159, 191, 54, 1
49, 33, 57, 202, 53, 174, 222, 56, 1
63, 37, 70, 236, 73, 149, 313, 76, 1
61, 39, 73, 218, 73, 154, 322, 71, 1
62, 39, 74, 187, 61, 181, 271, 73, 1
62, 39, 71, 182, 63, 171, 258, 74, 1
61, 37, 72, 203, 69, 171, 274, 67, 1
60, 33, 64, 195, 67, 169, 237, 72, 1
62, 36, 77, 254, 86, 158, 322, 78, 1
70, 35, 70, 261, 83, 150, 308, 86, 1
76, 36, 66, 259, 83, 150, 291, 86, 1
67, 36, 66, 244, 69, 156, 268, 75, 1
68, 35, 66, 303, 72, 167, 281, 92, 1
67, 28, 54, 276, 70, 149, 195, 89, 1
78, 34, 72, 222, 60, 129, 240, 87, 1
74, 34, 68, 216, 59, 164, 243, 85, 1
81, 32, 67, 207, 55, 166, 237, 90, 1
78, 33, 63, 207, 53, 174, 213, 87, 1
81, 32, 60, 225, 68, 145, 284, 91, 1
86, 34, 65, 241, 69, 176, 293, 96, 1
70, 33, 67, 266, 66, 176, 281, 71, 1
70, 35, 68, 253, 59, 155, 269, 71, 1
75, 33, 71, 244, 54, 200, 310, 72, 1
72, 26, 62, 165, 53, 111, 187, 64, 1
70, 27, 59, 181, 55, 117, 200, 67, 1
72, 29, 61, 190, 55, 134, 206, 66, 1
78, 30, 62, 214, 50, 127, 235, 67, 1
58, 31, 55, 218, 55, 144, 248, 52, 1
55, 29, 53, 145, 60, 161, 273, 55, 1
61, 29, 58, 153, 58, 159, 255, 63, 1
60, 25, 61, 156, 56, 137, 237, 69, 1
61, 30, 74, 134, 49, 130, 208, 83, 1
56, 32, 75, 158, 52, 143, 209, 79, 1
60, 28, 54, 186, 62, 132, 226, 71, 1
63, 30, 69, 199, 66, 158, 184, 68, 1
65, 31, 72, 192, 68, 150, 193, 70, 1
60, 32, 66, 245, 53, 140, 243, 76, 1
59, 32, 74, 267, 65, 160, 242, 77, 1
59, 34, 77, 265, 69, 148, 207, 80, 1
66, 34, 70, 259, 71, 161, 204, 86, 1
66, 33, 67, 240, 72, 173, 229, 90, 1
68, 31, 55, 238, 71, 157, 325, 83, 1
70, 29, 54, 250, 75, 161, 328, 86, 1
70, 30, 57, 261, 73, 173, 337, 89, 1
71, 31, 57, 251, 67, 163, 280, 89, 1
55, 27, 52, 235, 83, 178, 310, 72, 1
54, 27, 56, 232, 75, 162, 304, 69, 1
53, 30, 62, 218, 74, 169, 287, 63, 1
81, 32, 53, 194, 54, 148, 247, 77, 1
51, 29, 48, 198, 58, 169, 243, 53, 1
53, 31, 64, 200, 51, 152, 246, 53, 1
59, 31, 62, 170, 48, 148, 253, 65, 1
78, 33, 67, 195, 50, 157, 265, 67, 1
54, 33, 61, 264, 69, 208, 176, 62, 1
61, 33, 68, 267, 71, 205, 241, 64, 1
54, 30, 72, 276, 68, 206, 306, 61, 1
56, 31, 74, 278, 63, 152, 306, 60, 1
55, 32, 79, 297, 64, 153, 322, 58, 1
86, 34, 71, 241, 59, 158, 308, 92, 1
83, 36, 71, 217, 57, 158, 276, 84, 1
81, 33, 73, 213, 54, 149, 256, 80, 1
60, 33, 76, 142, 53, 146, 251, 64, 1
81, 34, 56, 212, 62, 163, 275, 107, 1
83, 34, 56, 200, 62, 161, 244, 108, 1
81, 35, 64, 202, 68, 163, 246, 107, 1
84, 35, 65, 185, 63, 183, 280, 111, 1
63, 31, 57, 184, 67, 146, 192, 80, 1
59, 31, 60, 205, 67, 146, 188, 67, 1
49, 32, 64, 194, 61, 157, 215, 55, 1
60, 32, 59, 192, 67, 167, 266, 67, 1
59, 30, 55, 196, 57, 164, 319, 74, 1
64, 30, 60, 200, 57, 211, 271, 75, 1
62, 29, 57, 215, 67, 217, 267, 75, 1
90, 30, 57, 221, 71, 154, 231, 86, 1
61, 29, 57, 206, 67, 155, 283, 72, 1
63, 32, 59, 169, 64, 160, 267, 81, 1
202, 29, 40, 124, 125, 149, 145, 188, 2
215, 33, 43, 129, 126, 156, 135, 206, 2
209, 32, 41, 129, 140, 152, 123, 195, 2
208, 33, 36, 135, 140, 130, 125, 184, 2
156, 36, 42, 117, 128, 131, 115, 167, 2
149, 35, 44, 105, 125, 125, 120, 156, 2
132, 30, 42, 101, 123, 130, 120, 134, 2
166, 36, 43, 122, 114, 119, 122, 146, 2
165, 36, 43, 102, 122, 131, 117, 156, 2
164, 33, 35, 102, 110, 127, 130, 151, 2
100, 28, 42, 93, 89, 165, 145, 97, 2
101, 29, 42, 106, 93, 136, 130, 101, 2
103, 29, 42, 102, 90, 140, 107, 111, 2
113, 26, 45, 110, 93, 141, 104, 115, 2
124, 27, 47, 115, 105, 140, 109, 115, 2
113, 28, 49, 144, 133, 136, 110, 113, 2
118, 28, 45, 129, 127, 134, 152, 115, 2
126, 30, 46, 127, 139, 116, 152, 97, 2
170, 35, 41, 117, 115, 123, 123, 133, 2
143, 33, 41, 116, 120, 131, 115, 119, 2
138, 32, 42, 127, 115, 116, 128, 118, 2
139, 30, 37, 121, 112, 104, 121, 117, 2
144, 28, 35, 97, 110, 112, 113, 135, 2
103, 29, 34, 102, 99, 112, 146, 112, 2
123, 29, 36, 101, 97, 101, 164, 126, 2
144, 40, 45, 93, 130, 109, 157, 133, 2
143, 37, 41, 88, 127, 116, 145, 146, 2
143, 31, 36, 93, 109, 99, 149, 137, 2
144, 30, 43, 95, 99, 118, 134, 134, 2
142, 25, 47, 116, 114, 124, 170, 121, 2
141, 28, 49, 126, 111, 132, 182, 121, 2
127, 29, 51, 129, 116, 134, 203, 98, 2
121, 32, 38, 87, 108, 135, 113, 106, 2
119, 31, 37, 104, 106, 144, 121, 108, 2
93, 30, 37, 96, 96, 142, 135, 73, 2
91, 32, 38, 99, 102, 132, 149, 70, 2
116, 34, 38, 100, 92, 145, 176, 78, 2
113, 35, 39, 107, 88, 126, 165, 86, 2
148, 31, 40, 97, 111, 123, 124, 101, 2
144, 32, 37, 76, 103, 114, 128, 100, 2
147, 30, 39, 74, 95, 110, 128, 99, 2
154, 31, 42, 109, 117, 112, 121, 104, 2
131, 29, 42, 117, 112, 113, 118, 92, 2
112, 31, 39, 102, 88, 130, 168, 104, 2
102, 28, 38, 97, 96, 137, 131, 97, 2
103, 30, 36, 94, 90, 114, 111, 95, 2
94, 29, 35, 90, 92, 117, 111, 92, 2
123, 29, 31, 100, 92, 112, 90, 109, 2
127, 27, 36, 114, 120, 124, 159, 128, 2
137, 28, 35, 110, 114, 117, 150, 144, 2
135, 30, 35, 111, 127, 112, 157, 135, 2
155, 31, 39, 108, 137, 128, 136, 156, 2
163, 33, 41, 106, 123, 121, 133, 169, 2
164, 36, 43, 133, 110, 132, 110, 130, 2
147, 33, 41, 132, 109, 126, 112, 124, 2
140, 30, 40, 144, 145, 157, 115, 108, 2
124, 33, 40, 142, 138, 172, 118, 104, 2
155, 33, 36, 152, 154, 176, 135, 155, 2
203, 38, 47, 136, 149, 169, 157, 210, 2
196, 42, 47, 125, 148, 191, 166, 197, 2
192, 42, 45, 120, 152, 189, 160, 191, 2
182, 42, 44, 133, 141, 178, 171, 197, 2
187, 41, 40, 168, 131, 163, 174, 207, 2
136, 33, 39, 98, 103, 127, 153, 154, 2
179, 34, 40, 106, 104, 122, 158, 172, 2
196, 33, 40, 112, 114, 128, 148, 209, 2
194, 31, 36, 115, 107, 111, 180, 201, 2
196, 31, 37, 141, 107, 122, 166, 217, 2
207, 28, 36, 135, 107, 123, 167, 210, 2
152, 36, 41, 135, 145, 138, 152, 135, 2
144, 32, 38, 138, 134, 146, 159, 139, 2
140, 30, 32, 159, 138, 161, 155, 134, 2
140, 32, 35, 162, 142, 159, 162, 141, 2
141, 34, 35, 160, 143, 146, 140, 125, 2
154, 36, 36, 149, 149, 147, 118, 128, 2
137, 26, 41, 136, 98, 160, 179, 105, 2
159, 29, 41, 153, 99, 129, 171, 118, 2
140, 37, 45, 154, 138, 94, 169, 109, 2
132, 37, 44, 158, 135, 118, 150, 100, 2
153, 37, 44, 151, 125, 121, 152, 110, 2
122, 29, 38, 135, 120, 117, 150, 96, 2
119, 33, 38, 111, 106, 99, 99, 113, 2
94, 30, 38, 117, 128, 113, 112, 108, 2
130, 31, 39, 122, 125, 107, 136, 145, 2
146, 27, 36, 123, 122, 118, 130, 141, 2
123, 30, 44, 165, 106, 133, 145, 101, 2
97, 29, 44, 166, 119, 132, 147, 97, 2
94, 29, 42, 146, 112, 132, 144, 83, 2
91, 30, 43, 160, 127, 120, 113, 81, 2
135, 32, 45, 145, 128, 138, 123, 111, 2
139, 25, 36, 138, 118, 133, 116, 121, 2
143, 26, 43, 154, 114, 131, 111, 122, 2
132, 24, 45, 145, 111, 113, 105, 122, 2
136, 31, 50, 165, 106, 133, 113, 134, 2
118, 30, 50, 164, 111, 138, 111, 111, 2
207, 31, 41, 159, 124, 137, 121, 161, 2
194, 31, 41, 159, 121, 134, 127, 134, 2
197, 28, 39, 157, 125, 113, 111, 134, 2
195, 27, 40, 155, 123, 111, 106, 134, 2
194, 29, 45, 132, 111, 118, 100, 132, 2
130, 33, 45, 150, 118, 136, 172, 126, 2
120, 36, 43, 158, 119, 136, 169, 119, 2
120, 36, 42, 154, 125, 130, 173, 130, 2
114, 35, 41, 157, 131, 128, 152, 123, 2
118, 31, 42, 175, 118, 117, 151, 124, 2
123, 33, 43, 183, 137, 127, 164, 109, 2
133, 31, 54, 111, 84, 98, 91, 104, 2
117, 28, 53, 124, 96, 131, 117, 107, 2
117, 30, 55, 131, 105, 124, 119, 117, 2
118, 34, 51, 141, 129, 127, 140, 113, 2
130, 30, 60, 113, 120, 110, 97, 146, 2
137, 31, 58, 109, 117, 118, 111, 148, 2
169, 34, 53, 111, 101, 113, 110, 159, 2
164, 31, 52, 123, 102, 112, 110, 156, 2
169, 31, 53, 125, 109, 102, 113, 145, 2
144, 38, 53, 141, 160, 131, 178, 132, 2
139, 36, 52, 143, 163, 137, 179, 126, 2
138, 38, 51, 151, 171, 139, 157, 106, 2
152, 36, 47, 150, 170, 145, 151, 128, 2
176, 36, 50, 152, 124, 127, 98, 136, 2
176, 37, 49, 149, 124, 138, 98, 137, 2
176, 36, 47, 148, 117, 132, 94, 137, 2
176, 38, 53, 148, 108, 120, 103, 138, 2
114, 34, 48, 121, 117, 114, 107, 102, 2
183, 31, 47, 158, 138, 101, 86, 167, 2
208, 33, 45, 143, 127, 106, 87, 195, 2
177, 31, 42, 137, 132, 109, 83, 160, 2
163, 31, 43, 129, 125, 108, 110, 151, 2
158, 31, 41, 145, 133, 115, 122, 146, 2
144, 33, 46, 144, 122, 122, 111, 117, 2
123, 30, 48, 156, 128, 120, 108, 99, 2
117, 31, 53, 155, 139, 133, 97, 82, 2
113, 32, 46, 138, 136, 132, 113, 84, 2
105, 29, 45, 130, 139, 120, 115, 96, 2
100, 34, 48, 142, 141, 130, 122, 93, 2
126, 28, 39, 143, 123, 117, 165, 112, 2
120, 27, 36, 136, 125, 114, 153, 113, 2
122, 29, 37, 138, 124, 106, 157, 129, 2
133, 30, 38, 143, 120, 107, 158, 124, 2
127, 29, 37, 146, 131, 111, 119, 110, 2
153, 28, 35, 124, 121, 123, 124, 106, 2
134, 28, 34, 123, 124, 125, 126, 96, 2
134, 28, 37, 129, 127, 116, 114, 105, 2
154, 32, 42, 140, 137, 127, 122, 115, 2
151, 34, 41, 144, 144, 129, 111, 106, 2
113, 25, 33, 134, 116, 109, 145, 98, 2
112, 25, 33, 125, 92, 120, 150, 100, 2
112, 28, 35, 127, 116, 150, 153, 93, 2
120, 29, 45, 122, 118, 138, 158, 97, 2
112, 29, 38, 134, 106, 120, 150, 85, 2
110, 30, 37, 143, 111, 112, 154, 98, 2
135, 31, 36, 134, 113, 93, 130, 122, 2
130, 30, 36, 146, 120, 106, 121, 118, 2
106, 32, 51, 154, 124, 128, 119, 96, 2
129, 33, 47, 129, 115, 120, 121, 109, 2
122, 31, 44, 136, 113, 102, 104, 111, 2
122, 31, 45, 151, 105, 112, 127, 108, 2
128, 29, 43, 147, 104, 117, 151, 118, 2
125, 29, 42, 129, 96, 108, 150, 116, 2
50, 38, 58, 189, 187, 186, 183, 108, 2
44, 39, 56, 174, 175, 149, 158, 97, 2
34, 38, 50, 157, 165, 135, 155, 85, 2
41, 33, 46, 160, 155, 132, 161, 91, 2
40, 34, 40, 172, 157, 127, 159, 91, 2
43, 35, 39, 175, 168, 145, 120, 90, 2
43, 34, 35, 185, 168, 139, 116, 81, 2
45, 26, 36, 108, 98, 119, 131, 66, 2
48, 26, 35, 112, 104, 134, 135, 70, 2
40, 23, 30, 110, 100, 118, 133, 65, 2
40, 23, 32, 124, 116, 132, 132, 64, 2
41, 21, 35, 138, 115, 137, 131, 65, 2
38, 25, 39, 146, 130, 136, 110, 64, 2
51, 30, 37, 157, 229, 153, 174, 58, 2
48, 31, 36, 149, 212, 156, 159, 57, 2
50, 26, 37, 163, 212, 168, 157, 57, 2
51, 26, 39, 144, 185, 156, 142, 63, 2
36, 27, 41, 147, 188, 159, 141, 57, 2
42, 23, 31, 123, 144, 147, 143, 60, 2
42, 26, 31, 115, 147, 148, 126, 65, 2
36, 27, 34, 127, 148, 150, 147, 59, 2
41, 29, 32, 129, 145, 158, 133, 64, 2
42, 27, 36, 107, 128, 154, 129, 64, 2
54, 31, 48, 132, 134, 172, 130, 76, 2
33, 32, 46, 139, 143, 171, 127, 44, 2
39, 30, 38, 147, 132, 195, 129, 62, 2
39, 31, 38, 126, 118, 162, 111, 66, 2
37, 30, 40, 132, 122, 153, 112, 67, 2
47, 26, 44, 144, 118, 129, 127, 63, 2
46, 28, 48, 146, 136, 139, 108, 62, 2
51, 28, 49, 156, 142, 131, 111, 63, 2
47, 28, 50, 151, 140, 155, 114, 57, 2
45, 28, 48, 145, 142, 153, 114, 58, 2
43, 32, 46, 138, 140, 167, 120, 56, 2
41, 33, 34, 96, 145, 161, 148, 67, 2
47, 31, 32, 122, 135, 141, 145, 72, 2
47, 30, 34, 160, 163, 161, 146, 67, 2
47, 30, 38, 196, 171, 179, 141, 66, 2
49, 31, 39, 231, 204, 164, 158, 65, 2
51, 26, 32, 126, 158, 131, 118, 63, 2
45, 26, 34, 133, 149, 142, 110, 61, 2
48, 26, 37, 132, 149, 143, 97, 60, 2
50, 27, 40, 151, 157, 132, 96, 58, 2
49, 25, 40, 146, 125, 131, 130, 58, 2
37, 26, 39, 161, 127, 135, 131, 48, 2
45, 26, 38, 172, 143, 155, 146, 56, 2
32, 26, 37, 169, 157, 137, 129, 42, 2
42, 26, 39, 155, 158, 132, 146, 54, 2
39, 26, 46, 196, 187, 142, 122, 56, 2
36, 26, 47, 195, 199, 164, 123, 58, 2
37, 28, 47, 172, 173, 146, 114, 57, 2
40, 28, 35, 167, 139, 134, 84, 44, 2
32, 27, 30, 172, 140, 121, 89, 37, 2
42, 28, 31, 180, 142, 134, 98, 50, 2
42, 28, 31, 180, 143, 137, 101, 50, 2
41, 25, 33, 162, 135, 112, 95, 48, 2
43, 28, 34, 161, 145, 133, 100, 48, 2
31, 32, 38, 143, 132, 118, 97, 42, 2
39, 31, 36, 136, 124, 149, 136, 58, 2
37, 30, 36, 134, 110, 149, 124, 54, 2
36, 31, 39, 144, 107, 133, 128, 56, 2
41, 29, 39, 146, 99, 137, 124, 56, 2
43, 27, 38, 116, 96, 160, 145, 59, 2
38, 30, 43, 185, 175, 143, 76, 40, 2
39, 33, 44, 199, 188, 144, 114, 40, 2
45, 32, 52, 201, 186, 145, 125, 49, 2
44, 28, 47, 157, 154, 138, 121, 51, 2
44, 29, 50, 166, 148, 127, 127, 52, 2
51, 28, 38, 137, 113, 157, 106, 64, 2
47, 25, 39, 127, 111, 154, 121, 60, 2
40, 25, 37, 125, 119, 151, 119, 58, 2
37, 25, 38, 112, 112, 151, 124, 61, 2
36, 26, 37, 118, 104, 168, 119, 55, 2
33, 25, 39, 123, 113, 155, 112, 53, 2
43, 29, 37, 130, 95, 147, 113, 42, 2
48, 29, 34, 121, 92, 146, 124, 49, 2
51, 33, 36, 142, 124, 143, 130, 49, 2
43, 34, 35, 137, 141, 120, 135, 50, 2
46, 33, 34, 127, 141, 148, 133, 50, 2
42, 31, 31, 133, 152, 146, 115, 42, 2
34, 27, 37, 136, 140, 141, 124, 42, 2
40, 24, 37, 137, 135, 128, 110, 60, 2
42, 25, 41, 128, 118, 135, 85, 59, 2
42, 26, 42, 138, 130, 132, 95, 61, 2
42, 28, 41, 137, 124, 146, 98, 61, 2
37, 27, 42, 137, 112, 138, 103, 56, 2
29, 25, 41, 153, 136, 139, 110, 44, 2
27, 24, 40, 137, 125, 145, 104, 42, 2
36, 26, 40, 171, 127, 147, 121, 48, 2
40, 26, 38, 162, 119, 158, 120, 47, 2
39, 26, 40, 200, 164, 138, 126, 49, 2
37, 25, 43, 222, 161, 147, 132, 47, 2
38, 24, 42, 222, 147, 146, 134, 56, 2
40, 22, 37, 156, 149, 143, 135, 56, 2
41, 23, 35, 176, 157, 146, 131, 57, 2
41, 26, 34, 178, 177, 159, 120, 53, 2
41, 26, 32, 130, 159, 158, 97, 54, 2
29, 30, 40, 177, 136, 117, 140, 49, 2
31, 27, 33, 125, 127, 116, 140, 51, 2
37, 26, 33, 121, 121, 153, 126, 63, 2
36, 25, 33, 143, 137, 156, 120, 62, 2
40, 25, 33, 138, 149, 167, 96, 55, 2
41, 22, 34, 130, 153, 188, 94, 54, 2
46, 30, 35, 150, 141, 137, 145, 68, 2
32, 29, 35, 152, 131, 139, 117, 49, 2
43, 31, 39, 144, 138, 178, 118, 65, 2
43, 27, 39, 160, 158, 176, 102, 64, 2
44, 28, 37, 154, 136, 136, 93, 51, 2
41, 29, 38, 156, 145, 166, 93, 47, 2
32, 26, 38, 154, 135, 183, 107, 43, 2
36, 25, 36, 157, 149, 167, 113, 51, 2
37, 24, 35, 167, 150, 196, 115, 48, 2
32, 22, 35, 149, 149, 195, 115, 49, 2
29, 31, 34, 162, 138, 165, 102, 45, 2
34, 27, 32, 166, 126, 131, 99, 55, 2
32, 28, 31, 147, 122, 158, 107, 54, 2
33, 26, 30, 142, 128, 137, 120, 54, 2
34, 27, 30, 137, 118, 146, 133, 54, 2
37, 25, 39, 108, 136, 137, 125, 50, 2
35, 23, 36, 119, 128, 123, 117, 49, 2
35, 23, 43, 120, 118, 147, 128, 49, 2
34, 24, 41, 140, 116, 144, 131, 50, 2
34, 25, 44, 141, 123, 145, 140, 53, 2
33, 28, 44, 147, 122, 147, 140, 55, 2
33, 28, 37, 164, 151, 124, 110, 38, 2
40, 27, 34, 161, 151, 130, 117, 52, 2
42, 28, 36, 156, 154, 145, 117, 52, 2
42, 28, 43, 171, 149, 135, 118, 53, 2
36, 27, 39, 142, 139, 148, 110, 52, 2
38, 28, 42, 142, 133, 153, 104, 54, 2
39, 28, 44, 178, 151, 150, 105, 58, 2
37, 26, 40, 138, 122, 159, 118, 55, 2
29, 27, 36, 122, 120, 170, 120, 41, 2
45, 26, 34, 125, 130, 163, 135, 47, 2
43, 29, 35, 121, 130, 155, 132, 50, 2
43, 27, 31, 116, 117, 158, 126, 48, 2
45, 28, 35, 118, 126, 140, 109, 52, 2
51, 27, 34, 165, 143, 121, 110, 68, 2
50, 26, 38, 174, 131, 98, 106, 69, 2
36, 26, 39, 187, 156, 95, 112, 52, 2
36, 26, 41, 170, 153, 117, 119, 55, 2
33, 24, 38, 162, 156, 120, 130, 56, 2
43, 29, 34, 140, 117, 145, 93, 59, 2
43, 29, 37, 136, 92, 141, 95, 59, 2
33, 29, 37, 129, 92, 132, 98, 45, 2
42, 30, 40, 156, 120, 132, 97, 49, 2
46, 29, 39, 161, 129, 130, 104, 58, 2
46, 28, 41, 145, 138, 129, 104, 55, 2
34, 26, 41, 148, 137, 131, 92, 53, 2
39, 25, 42, 140, 137, 136, 116, 62, 2
38, 25, 42, 146, 140, 140, 112, 64, 2
38, 30, 45, 145, 136, 148, 113, 65, 2
37, 25, 32, 129, 131, 149, 166, 68, 2
38, 26, 36, 125, 129, 154, 143, 63, 2
33, 25, 37, 159, 135, 156, 142, 57, 2
31, 23, 33, 156, 133, 132, 142, 55, 2
31, 26, 35, 143, 140, 122, 121, 52, 2
31, 25, 37, 154, 140, 130, 132, 46, 2
43, 27, 35, 126, 132, 154, 105, 52, 2
46, 29, 35, 135, 128, 147, 123, 60, 2
40, 27, 34, 132, 129, 165, 107, 56, 2
42, 31, 35, 124, 150, 171, 111, 54, 2
48, 32, 37, 145, 144, 159, 121, 57, 2
42, 27, 39, 152, 124, 159, 111, 57, 2
40, 27, 38, 149, 119, 164, 125, 60, 2
40, 28, 41, 152, 124, 167, 128, 58, 2
286, 65, 63, 76, 368, 95, 176, 254, 3
317, 61, 49, 76, 357, 106, 170, 283, 3
301, 61, 46, 85, 357, 112, 190, 295, 3
312, 72, 63, 103, 360, 110, 201, 293, 3
298, 73, 66, 96, 316, 102, 203, 335, 3
487, 95, 63, 93, 295, 104, 214, 360, 3
313, 133, 34, 40, 134, 65, 199, 303, 3
310, 130, 36, 47, 155, 71, 170, 337, 3
307, 135, 35, 48, 155, 70, 181, 346, 3
285, 149, 32, 50, 170, 93, 219, 354, 3
303, 133, 32, 51, 161, 94, 202, 346, 3
414, 124, 30, 51, 161, 99, 208, 369, 3
344, 102, 32, 32, 70, 81, 192, 264, 3
331, 114, 33, 33, 71, 79, 224, 281, 3
325, 109, 27, 29, 69, 79, 211, 271, 3
357, 95, 26, 30, 76, 72, 219, 283, 3
270, 87, 30, 29, 106, 69, 183, 374, 3
265, 82, 30, 28, 92, 63, 179, 360, 3
289, 66, 27, 29, 90, 62, 209, 337, 3
300, 62, 26, 29, 90, 61, 211, 322, 3
301, 70, 26, 30, 90, 60, 227, 353, 3
309, 78, 31, 28, 41, 65, 243, 323, 3
318, 79, 32, 30, 51, 66, 222, 287, 3
287, 73, 28, 26, 51, 65, 197, 296, 3
299, 77, 28, 25, 50, 62, 186, 285, 3
300, 80, 30, 26, 46, 61, 188, 307, 3
295, 77, 28, 27, 40, 80, 221, 289, 3
314, 88, 29, 25, 35, 81, 189, 283, 3
320, 84, 29, 24, 32, 81, 203, 292, 3
305, 79, 30, 28, 34, 81, 187, 291, 3
313, 78, 30, 29, 34, 77, 192, 215, 3
317, 75, 32, 26, 44, 72, 205, 324, 3
320, 73, 31, 26, 42, 76, 242, 351, 3
331, 68, 29, 23, 43, 77, 246, 350, 3
352, 77, 28, 22, 44, 78, 223, 332, 3
347, 78, 32, 24, 39, 80, 246, 363, 3
289, 79, 32, 25, 39, 83, 277, 383, 3
312, 65, 36, 27, 40, 71, 218, 308, 3
307, 66, 35, 30, 38, 71, 209, 377, 3
375, 72, 35, 26, 35, 60, 162, 361, 3
379, 81, 34, 24, 41, 64, 170, 378, 3
367, 80, 34, 22, 41, 64, 197, 383, 3
374, 81, 33, 24, 37, 59, 197, 390, 3
300, 80, 28, 20, 40, 62, 164, 316, 3
279, 63, 29, 22, 41, 75, 177, 334, 3
295, 62, 29, 23, 40, 77, 193, 268, 3
311, 77, 31, 28, 34, 53, 214, 302, 3
346, 85, 31, 78, 42, 66, 219, 291, 3
471, 85, 31, 81, 48, 64, 230, 308, 3
454, 79, 33, 82, 50, 63, 238, 352, 3
460, 77, 30, 84, 50, 62, 243, 338, 3
364, 111, 29, 28, 34, 64, 197, 319, 3
376, 92, 28, 29, 37, 65, 189, 288, 3
457, 98, 31, 27, 40, 66, 187, 285, 3
444, 99, 29, 27, 37, 69, 208, 301, 3
442, 95, 28, 30, 41, 70, 219, 349, 3
268, 75, 30, 31, 45, 63, 239, 333, 3
262, 69, 33, 32, 45, 60, 239, 283, 3
260, 67, 30, 29, 37, 52, 220, 289, 3
284, 78, 32, 33, 42, 75, 230, 309, 3
334, 85, 33, 35, 38, 74, 227, 301, 3
282, 61, 31, 31, 32, 63, 209, 299, 3
249, 70, 29, 32, 31, 66, 232, 251, 3
250, 69, 30, 28, 33, 59, 216, 285, 3
252, 78, 30, 26, 34, 58, 201, 315, 3
254, 78, 27, 28, 35, 60, 214, 331, 3
108, 43, 121, 413, 243, 235, 167, 81, 3
115, 57, 179, 368, 270, 218, 179, 90, 3
119, 58, 202, 346, 307, 224, 190, 83, 3
129, 61, 199, 329, 323, 218, 187, 79, 3
103, 69, 250, 316, 339, 215, 167, 78, 3
100, 71, 257, 327, 419, 210, 179, 97, 3
81, 75, 241, 245, 262, 195, 74, 86, 3
196, 77, 234, 237, 241, 179, 83, 295, 3
287, 84, 281, 257, 238, 184, 100, 384, 3
300, 75, 248, 255, 186, 171, 106, 407, 3
390, 72, 238, 305, 183, 152, 121, 517, 3
404, 70, 233, 294, 181, 140, 129, 536, 3
115, 36, 101, 220, 155, 180, 61, 112, 3
112, 41, 110, 204, 170, 177, 55, 107, 3
82, 37, 104, 207, 155, 141, 48, 69, 3
77, 37, 109, 229, 148, 163, 50, 63, 3
83, 47, 126, 194, 172, 121, 59, 84, 3
107, 46, 127, 196, 167, 144, 68, 96, 3
126, 51, 145, 216, 152, 138, 68, 99, 3
127, 46, 122, 193, 150, 128, 83, 117, 3
156, 50, 128, 194, 150, 122, 88, 116, 3
127, 47, 83, 138, 107, 110, 64, 79, 3
180, 49, 77, 136, 106, 107, 61, 75, 3
222, 58, 76, 127, 96, 104, 74, 94, 3
222, 58, 58, 93, 85, 108, 74, 102, 3
205, 40, 47, 97, 87, 164, 68, 118, 3
184, 43, 48, 102, 87, 200, 66, 105, 3
168, 48, 44, 63, 75, 189, 70, 124, 3
228, 50, 45, 69, 74, 183, 69, 104, 3
258, 34, 35, 36, 50, 156, 84, 105, 3
279, 37, 32, 31, 49, 159, 84, 103, 3
289, 47, 30, 30, 42, 161, 76, 84, 3
305, 49, 29, 28, 40, 147, 110, 92, 3
221, 49, 36, 27, 38, 145, 106, 91, 3
221, 49, 35, 28, 40, 152, 106, 88, 3
220, 51, 33, 28, 37, 155, 129, 112, 3
240, 60, 32, 28, 36, 156, 119, 113, 3
190, 50, 30, 27, 36, 90, 106, 114, 3
103, 63, 172, 240, 186, 238, 64, 81, 3
78, 68, 188, 288, 191, 201, 71, 81, 3
64, 74, 210, 337, 178, 178, 59, 73, 3
56, 77, 220, 336, 173, 158, 70, 94, 3
57, 65, 181, 401, 175, 154, 65, 96, 3
75, 67, 193, 443, 188, 175, 79, 94, 3
73, 38, 129, 239, 158, 224, 86, 84, 3
76, 39, 132, 237, 153, 265, 88, 80, 3
76, 34, 123, 248, 157, 228, 87, 81, 3
125, 41, 120, 210, 154, 268, 96, 86, 3
341, 72, 64, 191, 90, 253, 139, 129, 3
316, 71, 65, 142, 72, 223, 137, 128, 3
320, 66, 59, 130, 68, 246, 128, 106, 3
317, 68, 55, 126, 62, 236, 120, 105, 3
347, 72, 51, 106, 63, 241, 132, 110, 3
293, 72, 37, 50, 39, 252, 86, 93, 3
296, 62, 36, 51, 46, 246, 85, 89, 3
305, 66, 35, 74, 47, 244, 100, 109, 3
294, 66, 33, 73, 48, 252, 97, 115, 3
306, 74, 32, 70, 49, 241, 91, 118, 3
309, 73, 34, 35, 46, 225, 104, 93, 3
288, 71, 34, 35, 46, 205, 99, 97, 3
287, 77, 33, 33, 43, 213, 103, 105, 3
258, 80, 31, 32, 47, 240, 110, 118, 3
335, 66, 27, 32, 42, 228, 139, 116, 3
252, 52, 24, 33, 44, 227, 134, 110, 3
291, 54, 25, 33, 46, 228, 126, 109, 3
342, 68, 29, 31, 55, 233, 156, 107, 3
347, 69, 27, 31, 53, 235, 152, 103, 3
340, 67, 26, 29, 52, 235, 152, 107, 3
350, 65, 24, 28, 51, 225, 148, 99, 3
306, 60, 32, 34, 56, 260, 110, 94, 3
337, 57, 32, 34, 54, 211, 122, 106, 3
321, 64, 30, 29, 51, 211, 112, 112, 3
343, 62, 31, 26, 41, 212, 112, 114, 3
351, 58, 32, 27, 41, 212, 107, 101, 3
294, 65, 29, 30, 48, 242, 141, 107, 3
321, 69, 33, 32, 49, 238, 138, 110, 3
343, 74, 33, 29, 48, 232, 132, 116, 3
321, 73, 32, 28, 52, 262, 151, 97, 3
113, 44, 52, 94, 186, 102, 44, 56, 4
115, 50, 56, 101, 193, 94, 40, 56, 4
90, 44, 54, 98, 177, 77, 37, 54, 4
81, 48, 50, 98, 171, 70, 35, 48, 4
111, 52, 65, 84, 165, 57, 28, 58, 4
135, 59, 65, 79, 166, 66, 29, 70, 4
169, 83, 73, 147, 230, 91, 45, 112, 4
159, 85, 75, 146, 218, 89, 45, 96, 4
175, 81, 78, 143, 238, 107, 50, 103, 4
168, 76, 82, 146, 248, 109, 52, 106, 4
162, 68, 83, 139, 241, 109, 51, 102, 4
196, 58, 92, 178, 210, 120, 42, 98, 4
181, 57, 84, 190, 206, 123, 45, 93, 4
148, 50, 88, 201, 185, 119, 46, 79, 4
141, 48, 82, 196, 154, 92, 45, 81, 4
108, 60, 88, 233, 135, 80, 42, 70, 4
161, 60, 95, 176, 155, 89, 38, 94, 4
161, 51, 83, 201, 159, 96, 38, 94, 4
166, 61, 90, 227, 154, 93, 37, 96, 4
171, 59, 90, 203, 148, 89, 36, 89, 4
153, 57, 84, 199, 149, 87, 33, 79, 4
145, 57, 80, 218, 171, 84, 33, 68, 4
142, 65, 79, 190, 153, 69, 30, 66, 4
125, 58, 66, 185, 108, 66, 32, 57, 4
121, 60, 72, 152, 104, 71, 31, 54, 4
152, 63, 71, 140, 101, 80, 31, 67, 4
151, 58, 80, 146, 131, 99, 31, 69, 4
140, 60, 78, 197, 141, 99, 36, 65, 4
139, 57, 79, 201, 144, 99, 35, 71, 4
90, 73, 77, 130, 142, 83, 35, 38, 4
117, 67, 71, 125, 123, 76, 37, 62, 4
116, 67, 65, 114, 133, 82, 39, 69, 4
128, 65, 81, 131, 117, 78, 38, 72, 4
133, 61, 78, 126, 101, 77, 37, 75, 4
140, 61, 75, 135, 106, 87, 38, 80, 4
103, 42, 74, 98, 102, 87, 41, 54, 4
123, 40, 70, 89, 106, 94, 42, 66, 4
129, 42, 72, 92, 98, 86, 41, 71, 4
145, 44, 72, 127, 120, 100, 46, 76, 4
149, 49, 74, 148, 118, 97, 47, 74, 4
101, 47, 63, 153, 148, 85, 37, 56, 4
95, 51, 59, 151, 135, 78, 35, 54, 4
91, 48, 64, 141, 134, 77, 37, 52, 4
123, 51, 65, 128, 123, 71, 35, 60, 4
110, 55, 77, 98, 127, 80, 35, 53, 4
110, 55, 77, 102, 120, 79, 35, 53, 4
110, 56, 74, 98, 135, 79, 37, 54, 4
109, 57, 80, 98, 133, 76, 36, 54, 4
75, 58, 79, 117, 130, 87, 36, 50, 4
54, 58, 71, 120, 122, 82, 37, 43, 4
200, 48, 148, 227, 231, 93, 41, 111, 4
200, 55, 171, 268, 275, 104, 44, 112, 4
219, 53, 155, 354, 282, 103, 41, 122, 4
232, 56, 154, 351, 296, 105, 43, 136, 4
237, 55, 146, 356, 307, 103, 41, 133, 4
227, 53, 142, 394, 295, 105, 38, 115, 4
216, 58, 162, 322, 291, 123, 72, 129, 4
200, 58, 150, 316, 266, 114, 68, 118, 4
225, 56, 140, 328, 331, 132, 64, 140, 4
226, 58, 145, 317, 391, 154, 68, 137, 4
230, 66, 197, 282, 410, 158, 65, 129, 4
213, 62, 193, 279, 452, 166, 63, 129, 4
150, 48, 135, 390, 383, 160, 83, 90, 4
173, 47, 135, 371, 388, 164, 83, 94, 4
192, 48, 143, 406, 355, 156, 89, 98, 4
217, 49, 137, 336, 382, 145, 85, 107, 4
212, 44, 112, 309, 384, 140, 92, 107, 4
184, 50, 143, 325, 354, 155, 66, 89, 4
174, 53, 142, 327, 329, 149, 92, 95, 4
171, 50, 123, 320, 326, 136, 89, 96, 4
185, 50, 119, 335, 436, 171, 106, 96, 4
167, 47, 119, 345, 505, 188, 109, 91, 4
163, 48, 115, 339, 578, 240, 132, 97, 4
139, 55, 126, 306, 372, 202, 97, 95, 4
155, 58, 131, 309, 435, 202, 99, 100, 4
149, 56, 133, 384, 467, 195, 93, 101, 4
135, 51, 122, 380, 409, 171, 96, 90, 4
164, 58, 109, 311, 417, 196, 96, 94, 4
160, 54, 100, 309, 396, 197, 101, 115, 4
153, 60, 96, 302, 392, 197, 102, 109, 4
148, 61, 106, 346, 319, 140, 88, 111, 4
133, 46, 126, 249, 272, 108, 75, 113, 4
120, 46, 130, 198, 243, 101, 75, 93, 4
116, 49, 128, 171, 266, 101, 73, 84, 4
173, 50, 108, 158, 310, 124, 76, 69, 4
182, 47, 105, 150, 317, 130, 79, 80, 4
157, 47, 103, 152, 300, 126, 73, 84, 4
146, 41, 95, 178, 313, 123, 82, 87, 4
164, 43, 96, 193, 307, 120, 80, 83, 4
97, 60, 122, 270, 374, 157, 63, 78, 4
101, 64, 137, 250, 369, 149, 58, 79, 4
101, 69, 139, 266, 365, 150, 61, 80, 4
63, 69, 133, 239, 344, 139, 59, 48, 4
67, 71, 130, 273, 398, 153, 63, 44, 4
67, 77, 138, 333, 404, 149, 58, 46, 4
99, 67, 94, 263, 375, 116, 58, 82, 4
114, 78, 154, 255, 378, 148, 78, 88, 4
111, 74, 178, 265, 410, 163, 85, 88, 4
113, 81, 196, 282, 422, 171, 90, 90, 4
111, 84, 207, 283, 433, 191, 100, 86, 4
117, 95, 229, 366, 418, 193, 102, 84, 4
122, 59, 164, 383, 432, 152, 70, 86, 4
126, 58, 136, 365, 407, 146, 62, 84, 4
125, 68, 150, 353, 362, 136, 61, 83, 4
120, 70, 157, 305, 349, 130, 64, 82, 4
105, 68, 174, 293, 302, 119, 61, 69, 4
78, 69, 169, 292, 238, 104, 54, 58, 4
56, 54, 87, 99, 141, 75, 95, 30, 4
56, 57, 103, 121, 142, 71, 60, 29, 4
52, 57, 122, 136, 141, 69, 62, 33, 4
51, 56, 127, 175, 151, 75, 78, 36, 4
50, 58, 124, 198, 130, 82, 75, 34, 4
63, 51, 90, 186, 196, 79, 36, 40, 4
78, 47, 95, 185, 151, 79, 35, 48, 4
79, 46, 96, 184, 166, 84, 36, 48, 4
79, 44, 93, 196, 210, 89, 35, 50, 4
79, 44, 89, 181, 214, 84, 34, 48, 4
61, 41, 86, 168, 253, 108, 38, 48, 4
57, 42, 78, 158, 212, 91, 37, 48, 4
66, 42, 75, 170, 216, 82, 32, 48, 4
54, 43, 84, 190, 214, 80, 36, 39, 4
71, 49, 102, 201, 267, 90, 39, 51, 4
73, 53, 118, 211, 261, 88, 38, 55, 4
74, 54, 117, 194, 211, 83, 33, 53, 4
53, 48, 102, 168, 221, 82, 32, 41, 4
49, 48, 109, 151, 215, 81, 32, 34, 4
47, 50, 109, 145, 212, 69, 33, 33, 4
55, 53, 103, 167, 227, 88, 37, 44, 4
58, 54, 96, 154, 198, 83, 35, 44, 4
57, 47, 93, 159, 198, 86, 37, 40, 4
70, 48, 96, 185, 188, 86, 40, 49, 4
65, 43, 96, 175, 162, 81, 38, 53, 4
55, 53, 115, 156, 166, 77, 31, 56, 4
45, 53, 116, 157, 175, 77, 30, 45, 4
74, 46, 111, 159, 175, 84, 32, 59, 4
80, 38, 91, 150, 172, 88, 33, 70, 4
74, 52, 112, 142, 177, 63, 29, 51, 4
75, 51, 104, 145, 176, 65, 30, 59, 4
83, 50, 101, 149, 181, 74, 29, 66, 4
86, 43, 101, 179, 168, 69, 35, 71, 4
80, 42, 99, 174, 160, 73, 39, 69, 4
78, 41, 85, 161, 171, 79, 45, 66, 4
126, 46, 95, 154, 286, 119, 38, 64, 4
137, 44, 96, 148, 281, 111, 42, 74, 4
141, 48, 98, 146, 274, 107, 42, 81, 4
128, 54, 88, 143, 275, 110, 45, 100, 4
132, 47, 69, 159, 221, 87, 35, 72, 4
125, 45, 64, 139, 214, 83, 36, 72, 4
118, 45, 67, 125, 172, 77, 34, 70, 4
128, 40, 79, 147, 143, 72, 32, 68, 4
123, 38, 60, 138, 135, 79, 29, 62, 4
116, 36, 50, 143, 152, 70, 28, 60, 4
40, 37, 51, 184, 581, 237, 108, 119, 5
41, 39, 54, 197, 642, 255, 114, 126, 5
41, 41, 57, 194, 647, 246, 127, 139, 5
38, 39, 53, 181, 635, 239, 99, 146, 5
36, 39, 52, 192, 561, 287, 104, 145, 5
42, 35, 46, 163, 504, 268, 100, 142, 5
41, 33, 40, 146, 422, 252, 97, 138, 5
39, 30, 38, 159, 467, 264, 89, 138, 5
42, 35, 42, 166, 458, 265, 102, 129, 5
48, 40, 60, 166, 588, 195, 118, 166, 5
48, 41, 62, 172, 559, 199, 133, 166, 5
48, 43, 66, 178, 514, 192, 144, 172, 5
42, 35, 55, 162, 516, 181, 127, 168, 5
41, 32, 49, 157, 545, 191, 122, 170, 5
44, 34, 48, 139, 518, 184, 131, 167, 5
46, 31, 31, 124, 482, 146, 85, 170, 5
44, 35, 39, 142, 539, 187, 80, 168, 5
37, 36, 42, 148, 502, 190, 99, 134, 5
42, 36, 44, 148, 494, 182, 95, 143, 5
36, 35, 48, 145, 428, 195, 90, 126, 5
56, 34, 44, 147, 422, 235, 95, 142, 5
55, 36, 44, 134, 460, 231, 90, 149, 5
55, 35, 41, 105, 425, 211, 95, 134, 5
52, 33, 38, 101, 511, 225, 90, 130, 5
41, 31, 42, 169, 503, 226, 101, 146, 5
36, 31, 41, 172, 494, 242, 100, 130, 5
41, 28, 40, 164, 487, 209, 99, 127, 5
48, 31, 42, 152, 493, 238, 106, 173, 5
39, 35, 40, 178, 566, 211, 97, 113, 5
35, 36, 42, 191, 605, 218, 102, 111, 5
36, 33, 43, 196, 610, 219, 106, 104, 5
40, 37, 45, 170, 522, 214, 101, 102, 5
37, 39, 51, 151, 481, 206, 87, 105, 5
37, 38, 52, 166, 540, 223, 88, 115, 5
37, 39, 53, 179, 532, 212, 84, 120, 5
35, 38, 49, 179, 561, 163, 70, 122, 5
42, 33, 46, 142, 494, 213, 91, 113, 5
42, 33, 47, 143, 488, 213, 89, 105, 5
40, 37, 52, 139, 469, 218, 82, 103, 5
38, 35, 48, 142, 498, 216, 79, 109, 5
36, 36, 48, 160, 586, 264, 115, 91, 5
41, 32, 38, 136, 605, 194, 96, 133, 5
37, 29, 35, 138, 566, 188, 90, 116, 5
32, 31, 36, 130, 560, 198, 84, 121, 5
33, 29, 34, 118, 575, 202, 93, 129, 5
37, 31, 34, 127, 571, 216, 96, 111, 5
41, 34, 47, 130, 423, 211, 82, 121, 5
41, 34, 49, 127, 448, 212, 77, 116, 5
44, 41, 55, 136, 417, 195, 73, 112, 5
44, 41, 54, 135, 475, 197, 71, 114, 5
37, 38, 53, 134, 476, 202, 64, 93, 5
39, 38, 52, 162, 525, 215, 102, 120, 5
40, 38, 52, 163, 509, 220, 103, 125, 5
45, 33, 44, 162, 521, 213, 94, 152, 5
42, 33, 47, 179, 533, 192, 92, 147, 5
31, 28, 38, 144, 339, 191, 78, 113, 5
39, 29, 38, 139, 357, 199, 73, 131, 5
37, 28, 40, 136, 417, 195, 80, 119, 5
37, 27, 38, 122, 419, 198, 86, 122, 5
37, 27, 41, 121, 406, 192, 94, 128, 5
35, 31, 38, 155, 500, 176, 88, 93, 5
36, 30, 37, 147, 421, 179, 77, 95, 5
28, 26, 35, 155, 436, 161, 66, 83, 5
29, 25, 35, 154, 432, 173, 73, 92, 5
29, 30, 36, 134, 579, 184, 78, 101, 5
33, 32, 35, 145, 645, 189, 69, 111, 5
33, 32, 35, 138, 605, 184, 66, 96, 5
33, 32, 36, 118, 587, 178, 70, 125, 5
34, 32, 39, 144, 543, 183, 74, 133, 5
39, 28, 42, 153, 482, 199, 67, 123, 5
39, 30, 43, 154, 515, 187, 77, 140, 5
41, 31, 42, 147, 490, 192, 95, 154, 5
37, 33, 39, 145, 499, 182, 95, 152, 5
32, 31, 40, 163, 481, 154, 94, 137, 5
47, 40, 48, 170, 522, 170, 96, 147, 5
45, 36, 44, 127, 492, 186, 94, 152, 5
41, 35, 47, 138, 498, 211, 96, 173, 5
35, 32, 47, 137, 428, 219, 89, 145, 5
240, 59, 56, 88, 349, 438, 154, 299, 5
312, 60, 59, 88, 320, 469, 219, 343, 5
330, 57, 56, 82, 328, 434, 224, 362, 5
345, 56, 58, 86, 329, 434, 250, 335, 5
500, 74, 54, 112, 358, 456, 269, 298, 5
525, 72, 54, 130, 364, 472, 349, 308, 5
563, 74, 43, 130, 356, 489, 319, 276, 5
522, 71, 44, 134, 342, 428, 342, 334, 5
501, 71, 46, 161, 346, 442, 322, 330, 5
531, 71, 47, 192, 334, 480, 345, 362, 5
335, 62, 61, 177, 389, 432, 284, 391, 5
343, 60, 63, 200, 432, 432, 263, 374, 5
321, 54, 58, 198, 436, 395, 250, 361, 5
345, 49, 53, 185, 417, 391, 271, 313, 5
281, 46, 43, 132, 285, 387, 268, 447, 5
309, 51, 43, 150, 297, 391, 289, 434, 5
337, 57, 42, 162, 307, 387, 283, 411, 5
344, 59, 45, 162, 335, 456, 284, 445, 5
333, 57, 47, 166, 333, 467, 241, 458, 5
366, 50, 47, 113, 265, 477, 328, 420, 5
341, 49, 44, 104, 235, 372, 319, 379, 5
391, 52, 42, 111, 189, 374, 307, 399, 5
303, 42, 34, 94, 218, 331, 360, 408, 5
310, 40, 36, 101, 227, 338, 347, 423, 5
318, 42, 36, 113, 236, 349, 326, 354, 5
260, 42, 40, 110, 211, 365, 345, 312, 5
320, 47, 44, 100, 207, 358, 347, 315, 5
250, 46, 31, 97, 269, 360, 304, 410, 5
275, 46, 33, 87, 267, 398, 285, 418, 5
287, 53, 36, 101, 260, 424, 345, 423, 5
289, 53, 39, 137, 292, 432, 349, 438, 5
264, 45, 46, 97, 301, 393, 268, 433, 5
318, 41, 38, 111, 239, 356, 227, 377, 5
334, 49, 38, 114, 246, 397, 232, 409, 5
327, 50, 39, 108, 246, 388, 218, 411, 5
235, 49, 43, 95, 262, 415, 286, 433, 5
239, 48, 41, 90, 230, 405, 252, 410, 5
222, 46, 36, 88, 181, 337, 247, 379, 5
298, 51, 36, 86, 232, 335, 276, 446, 5
301, 57, 36, 92, 258, 339, 295, 384, 5
286, 53, 37, 109, 279, 367, 328, 384, 5
283, 50, 49, 144, 257, 380, 296, 381, 5
294, 48, 44, 138, 276, 403, 256, 363, 5
329, 58, 49, 159, 260, 413, 252, 421, 5
329, 60, 47, 156, 236, 418, 265, 450, 5
183, 44, 45, 154, 288, 453, 327, 353, 5
192, 43, 40, 150, 304, 454, 282, 344, 5
208, 43, 47, 130, 289, 418, 306, 333, 5
230, 44, 47, 154, 302, 388, 299, 268, 5
228, 45, 46, 141, 281, 388, 271, 327, 5
302, 54, 38, 167, 240, 395, 309, 441, 5
338, 56, 40, 169, 228, 383, 330, 432, 5
316, 54, 40, 160, 254, 401, 340, 413, 5
307, 52, 39, 149, 264, 411, 348, 394, 5
219, 46, 44, 88, 199, 411, 264, 324, 5
216, 44, 41, 91, 196, 404, 271, 307, 5
226, 42, 42, 91, 197, 368, 226, 285, 5
230, 39, 41, 88, 212, 416, 272, 272, 5
227, 36, 33, 70, 204, 405, 262, 275, 5
203, 37, 32, 79, 201, 428, 254, 325, 5
78, 40, 64, 283, 600, 140, 106, 344, 5
76, 36, 58, 281, 596, 138, 106, 348, 5
63, 34, 54, 269, 597, 140, 96, 289, 5
89, 45, 64, 188, 197, 151, 76, 318, 5
104, 46, 65, 197, 224, 180, 112, 400, 5
129, 47, 66, 202, 269, 207, 121, 491, 5
133, 49, 68, 222, 383, 207, 125, 505, 5
82, 33, 44, 181, 472, 168, 104, 347, 5
75, 33, 42, 191, 444, 173, 102, 341, 5
62, 31, 46, 228, 480, 162, 111, 306, 5
72, 28, 42, 197, 414, 163, 101, 364, 5
70, 31, 48, 169, 391, 134, 90, 344, 5
46, 30, 44, 167, 406, 143, 80, 197, 5
51, 28, 41, 169, 410, 128, 58, 243, 5
52, 27, 41, 158, 408, 119, 68, 244, 5
84, 30, 36, 134, 390, 126, 58, 377, 5
84, 30, 37, 141, 393, 135, 58, 377, 5
64, 29, 40, 148, 433, 149, 63, 288, 5
55, 28, 34, 131, 386, 184, 79, 245, 5
74, 34, 44, 207, 388, 163, 75, 340, 5
61, 31, 45, 218, 347, 165, 76, 280, 5
54, 29, 44, 136, 407, 144, 57, 224, 5
58, 29, 45, 156, 458, 158, 72, 248, 5
62, 29, 42, 167, 502, 199, 85, 278, 5
61, 28, 41, 162, 496, 198, 80, 270, 5
66, 32, 44, 173, 520, 205, 102, 296, 5
64, 33, 37, 171, 483, 213, 101, 291, 5
72, 29, 31, 132, 285, 203, 65, 370, 5
56, 29, 34, 134, 262, 180, 58, 277, 5
57, 30, 37, 123, 295, 183, 60, 271, 5
59, 27, 36, 149, 337, 199, 58, 281, 5
65, 28, 37, 159, 392, 200, 56, 310, 5
76, 29, 31, 130, 400, 146, 63, 319, 5
62, 29, 28, 127, 416, 146, 59, 275, 5
60, 26, 27, 130, 353, 151, 59, 269, 5
60, 27, 31, 154, 369, 155, 62, 270, 5
56, 23, 33, 122, 312, 150, 51, 241, 5
55, 26, 36, 128, 323, 148, 54, 237, 5
