-13040, -8548, 4608, 2028, 372, 90, 93, 503, 1813, 668, 1.251689404172393, 0.3241830471713382, 0.5438671483958492, 0.24560546875, 0.88525390625, 0.326171875, 23.25, 5.625, 5.8125
-13008, -8603, 4612, 1993, 410, 50, 124, 518, 1839, 618, 1.2597177940205553, 0.3249230873187021, 0.5418817102069805, 0.2529296875, 0.89794921875, 0.3017578125, 25.625, 3.125, 7.75
-12984, -8641, 4624, 1958, 316, 17, 151, 581, 1859, 614, 1.2658142182946286, 0.3270609032391768, 0.5402650319878225, 0.28369140625, 0.90771484375, 0.2998046875, 19.75, 1.0625, 9.4375
-12975, -8654, 4635, 1928, 154, 22, 149, 650, 1876, 611, 1.2682050831442877, 0.32969991028623885, 0.538506513442873, 0.3173828125, 0.916015625, 0.29833984375, 9.625, 1.375, 9.3125
-12989, -8636, 4643, 1897, -16, 55, 191, 702, 1887, 702, 1.265854798480662, 0.3334130173500795, 0.5356872674674644, 0.3427734375, 0.92138671875, 0.3427734375, -1.0, 3.4375, 11.9375
-13020, -8597, 4641, 1870, -176, 97, 186, 717, 1894, 699, 1.2597798569981506, 0.3367580724076137, 0.5318696870919188, 0.35009765625, 0.9248046875, 0.34130859375, -11.0, 6.0625, 11.625
-13059, -8547, 4628, 1862, -251, 76, 122, 653, 1880, 787, 1.251513526072365, 0.33812491072247736, 0.5287170475157291, 0.31884765625, 0.91796875, 0.38427734375, -15.6875, 4.75, 7.625
-13083, -8520, 4609, 1856, -117, 90, 32, 663, 1814, 762, 1.2462192590574506, 0.3378397288149985, 0.5257427094200421, 0.32373046875, 0.8857421875, 0.3720703125, -7.3125, 5.625, 2.0
-13085, -8533, 4583, 1850, 105, 119, -48, 619, 1797, 729, 1.2463701446585091, 0.3354406734383986, 0.5230926443877857, 0.30224609375, 0.87744140625, 0.35595703125, 6.5625, 7.4375, -3.0
-13071, -8576, 4547, 1837, 293, 158, -69, 550, 1806, 735, 1.2502056398724557, 0.33147629416674435, 0.5195113335411222, 0.2685546875, 0.8818359375, 0.35888671875, 18.3125, 9.875, -4.3125
-13052, -8629, 4513, 1813, 330, 194, -18, 531, 1890, 659, 1.2556034921270771, 0.3281654200772236, 0.515228904039172, 0.25927734375, 0.9228515625, 0.32177734375, 20.625, 12.125, -1.125
-13054, -8651, 4470, 1792, 124, 242, -9, 561, 1921, 678, 1.2558810427105827, 0.324936224674879, 0.5097229406262889, 0.27392578125, 0.93798828125, 0.3310546875, 7.75, 15.125, -0.5625
-13067, -8659, 4425, 1776, 22, 243, -7, 540, 1852, 660, 1.2540857211015377, 0.32174834529482893, 0.5042707923533174, 0.263671875, 0.904296875, 0.322265625, 1.375, 15.1875, -0.4375
-13075, -8671, 4382, 1760, 57, 237, -30, 550, 1823, 662, 1.2530075712992859, 0.31853479095431153, 0.4990852046376162, 0.2685546875, 0.89013671875, 0.3232421875, 3.5625, 14.8125, -1.875
-13072, -8698, 4343, 1744, 124, 219, -51, 559, 1854, 592, 1.254427858348515, 0.3151529743038502, 0.49460320473629743, 0.27294921875, 0.9052734375, 0.2890625, 7.75, 13.6875, -3.1875
-13072, -8720, 4307, 1732, 80, 203, -49, 565, 1876, 588, 1.2553835734597885, 0.3119861347075113, 0.4907055865725634, 0.27587890625, 0.916015625, 0.287109375, 5.0, 12.6875, -3.0625
-13076, -8731, 4276, 1723, -6, 187, -50, 595, 1865, 532, 1.2550424801340834, 0.3094147468766586, 0.48730569365804316, 0.29052734375, 0.91064453125, 0.259765625, -0.375, 11.6875, -3.125
-13085, -8734, 4243, 1715, -47, 189, -59, 609, 1860, 554, 1.253408817186454, 0.30684533820112364, 0.4836585685422502, 0.29736328125, 0.908203125, 0.2705078125, -2.9375, 11.8125, -3.6875
-13088, -8746, 4213, 1708, -5, 183, -77, 619, 1828, 524, 1.2533323335284745, 0.3041948437406021, 0.48059063137273267, 0.30224609375, 0.892578125, 0.255859375, -0.3125, 11.4375, -4.8125
-13083, -8769, 4182, 1708, 61, 155, -134, 592, 1820, 514, 1.2548862142196329, 0.3005584756330231, 0.4783831390632267, 0.2890625, 0.888671875, 0.2509765625, 3.8125, 9.6875, -8.375
-13062, -8814, 4149, 1716, 177, 141, -211, 602, 1870, 485, 1.259628405253608, 0.2953657884958021, 0.47726037195195026, 0.2939453125, 0.9130859375, 0.23681640625, 11.0625, 8.8125, -13.1875
-13043, -8857, 4109, 1732, 145, 140, -255, 571, 1902, 494, 1.2637359552579275, 0.2890166147873462, 0.47627940905372196, 0.27880859375, 0.9287109375, 0.2412109375, 9.0625, 8.75, -15.9375
-13028, -8895, 4063, 1759, 88, 131, -277, 498, 1929, 488, 1.2668633790936383, 0.28150921019930597, 0.4757793123434592, 0.2431640625, 0.94189453125, 0.23828125, 5.5, 8.1875, -17.3125
-13021, -8921, 4017, 1784, 24, 136, -259, 510, 1953, 511, 1.2682246010540852, 0.27456557620851435, 0.4748339766244241, 0.2490234375, 0.95361328125, 0.24951171875, 1.5, 8.5, -16.1875
-13025, -8931, 3968, 1817, -50, 118, -256, 459, 1935, 593, 1.2671380326996429, 0.2673376554770533, 0.4741432741199736, 0.22412109375, 0.94482421875, 0.28955078125, -3.125, 7.375, -16.0
-13021, -8948, 3923, 1861, -5, 38, -266, 346, 1924, 591, 1.2673990153508048, 0.25941709449595396, 0.4750435369037401, 0.1689453125, 0.939453125, 0.28857421875, -0.3125, 2.375, -16.625
-13010, -8965, 3887, 1926, -4, -74, -329, 318, 1909, 592, 1.2682790978141478, 0.2507481396836061, 0.478812936670244, 0.1552734375, 0.93212890625, 0.2890625, -0.25, -4.625, -20.5625
-12987, -8998, 3857, 1992, 102, -98, -363, 348, 1968, 591, 1.271877715763774, 0.24201733583483231, 0.4834772520586704, 0.169921875, 0.9609375, 0.28857421875, 6.375, -6.125, -22.6875
-12970, -9024, 3814, 2062, -7, -41, -407, 361, 2102, 544, 1.273716723862916, 0.2320012367366154, 0.4872872388776372, 0.17626953125, 1.0263671875, 0.265625, -0.4375, -2.5625, -25.4375
-12985, -9016, 3745, 2131, -223, 83, -421, 344, 2097, 639, 1.269184871993331, 0.22095782287275909, 0.4883074711618078, 0.16796875, 1.02392578125, 0.31201171875, -13.9375, 5.1875, -26.3125
-13022, -8977, 3663, 2209, -391, 99, -417, 238, 1992, 749, 1.2595206796408887, 0.2091649869949131, 0.48877516007596766, 0.1162109375, 0.97265625, 0.36572265625, -24.4375, 6.1875, -26.0625
-13045, -8944, 3587, 2328, -416, -88, -519, 35, 1901, 652, 1.2513437404947874, 0.19472568532895337, 0.49411650898554776, 0.01708984375, 0.92822265625, 0.318359375, -26.0, -5.5, -32.4375
-13032, -8954, 3532, 2441, -48, -152, -591, 178, 1953, 739, 1.2504933820122837, 0.18108581901671708, 0.501219295547985, 0.0869140625, 0.95361328125, 0.36083984375, -3.0, -9.5, -36.9375
-13019, -8965, 3480, 2545, -115, -91, -633, 352, 2090, 632, 1.2499147513693634, 0.16835923643450146, 0.5077095748302078, 0.171875, 1.0205078125, 0.30859375, -7.1875, -5.6875, -39.5625
-13030, -8948, 3403, 2652, -301, -1, -640, 255, 2072, 702, 1.2440516839336206, 0.1541739218582428, 0.5122464166336621, 0.12451171875, 1.01171875, 0.3427734375, -18.8125, -0.0625, -40.0
-13056, -8905, 3317, 2771, -483, 2, -705, 250, 1920, 685, 1.2340722724535642, 0.1392614420431159, 0.5171540288705381, 0.1220703125, 0.9375, 0.33447265625, -30.1875, 0.125, -44.0625
-13061, -8886, 3238, 2903, -363, -75, -752, 160, 1902, 608, 1.2280201104663468, 0.12321227065269556, 0.5243606868852094, 0.078125, 0.9287109375, 0.296875, -22.6875, -4.6875, -47.0
-13047, -8890, 3167, 3024, -164, -47, -808, 277, 1936, 658, 1.2255763996807358, 0.10776870972791412, 0.5313122827589576, 0.13525390625, 0.9453125, 0.3212890625, -10.25, -2.9375, -50.5
-13036, -8896, 3088, 3140, -183, 18, -830, 305, 1971, 645, 1.2231013689984147, 0.09193347283713936, 0.5372786945749377, 0.14892578125, 0.96240234375, 0.31494140625, -11.4375, 1.125, -51.875
-13033, -8892, 2990, 3255, -251, 89, -831, 206, 1980, 702, 1.2183091648619397, 0.07476326442404627, 0.5417003976258418, 0.1005859375, 0.966796875, 0.3427734375, -15.6875, 5.5625, -51.9375
-13036, -8871, 2899, 3379, -344, 15, -817, 137, 1855, 668, 1.2114693821976674, 0.058268604802071654, 0.547639235359738, 0.06689453125, 0.90576171875, 0.326171875, -21.5, 0.9375, -51.0625
-13028, -8859, 2816, 3511, -287, -49, -844, 100, 1925, 673, 1.2063164771854378, 0.041607843262069476, 0.5552022480471495, 0.048828125, 0.93994140625, 0.32861328125, -17.9375, -3.0625, -52.75
-13023, -8836, 2740, 3641, -336, -67, -843, 149, 1964, 703, 1.199865984268375, 0.02616304604646364, 0.5631442340089433, 0.07275390625, 0.958984375, 0.34326171875, -21.0, -4.1875, -52.6875
-13028, -8801, 2654, 3773, -434, -48, -823, 53, 1968, 720, 1.1913467941428726, 0.010208508358538822, 0.5707683140117262, 0.02587890625, 0.9609375, 0.3515625, -27.125, -3.0, -51.4375
-13033, -8759, 2567, 3908, -453, -73, -816, -24, 1919, 753, 1.1817602705366301, -0.005770216119890849, 0.5787869501126703, -0.01171875, 0.93701171875, 0.36767578125, -28.3125, -4.5625, -51.0
-13028, -8720, 2486, 4061, -433, -172, -856, -120, 1864, 724, 1.1728576739283363, -0.022534787514528705, 0.5893714593352529, -0.05859375, 0.91015625, 0.353515625, -27.0625, -10.75, -53.5
-13011, -8691, 2417, 4216, -339, -217, -871, -123, 1910, 752, 1.1658159500358691, -0.03870551298382191, 0.6011949684986835, -0.06005859375, 0.9326171875, 0.3671875, -21.1875, -13.5625, -54.4375
-13000, -8652, 2353, 4366, -407, -232, -840, -118, 1949, 751, 1.1575571554373831, -0.053562738302993476, 0.6130654515348051, -0.0576171875, 0.95166015625, 0.36669921875, -25.4375, -14.5, -52.5
-12997, -8598, 2281, 4518, -508, -225, -832, -180, 1931, 783, 1.146818968603771, -0.06859619661883737, 0.6248638012646358, -0.087890625, 0.94287109375, 0.38232421875, -31.75, -14.0625, -52.0
-12996, -8535, 2206, 4672, -549, -234, -828, -234, 1877, 803, 1.13462764223621, -0.08359108351776764, 0.6369379759807318, -0.1142578125, 0.91650390625, 0.39208984375, -34.3125, -14.625, -51.75
-12990, -8474, 2136, 4832, -515, -277, -843, -271, 1835, 826, 1.1229029953966894, -0.0985048622448995, 0.6503164131913226, -0.13232421875, 0.89599609375, 0.4033203125, -32.1875, -17.3125, -52.6875
-12972, -8421, 2076, 4995, -446, -321, -869, -273, 1834, 806, 1.1125724224114288, -0.11299007357806296, 0.6648501229365387, -0.13330078125, 0.8955078125, 0.3935546875, -27.875, -20.0625, -54.3125
-12949, -8374, 2025, 5151, -417, -327, -852, -248, 1840, 777, 1.103384340927218, -0.12634567887588138, 0.6793752732945187, -0.12109375, 0.8984375, 0.37939453125, -26.0625, -20.4375, -53.25
-12933, -8317, 1974, 5301, -465, -311, -820, -240, 1806, 804, 1.0927852126464463, -0.13871735424294235, 0.6935355141057463, -0.1171875, 0.8818359375, 0.392578125, -29.0625, -19.4375, -51.25
-12920, -8256, 1924, 5446, -482, -301, -800, -234, 1795, 830, 1.0816584754757166, -0.1503530285522188, 0.7074704159908565, -0.1142578125, 0.87646484375, 0.4052734375, -30.125, -18.8125, -50.0
-12908, -8189, 1879, 5590, -489, -328, -785, -239, 1753, 851, 1.0698486280871191, -0.16104949818556433, 0.7218619175218941, -0.11669921875, 0.85595703125, 0.41552734375, -30.5625, -20.5, -49.0625
-12889, -8127, 1836, 5736, -421, -334, -794, -259, 1691, 900, 1.0587127328147063, -0.1718523671520969, 0.736760021306425, -0.12646484375, 0.82568359375, 0.439453125, -26.3125, -20.875, -49.625
-12860, -8078, 1804, 5880, -321, -361, -784, -285, 1688, 899, 1.0497689309695042, -0.1820470234554038, 0.7521836042909087, -0.13916015625, 0.82421875, 0.43896484375, -20.0625, -22.5625, -49.0
-12830, -8029, 1779, 6018, -316, -378, -742, -308, 1703, 890, 1.0410668557472411, -0.19110586573617655, 0.7674640997872378, -0.150390625, 0.83154296875, 0.4345703125, -19.75, -23.625, -46.375
-12807, -7970, 1757, 6149, -388, -385, -696, -289, 1711, 889, 1.0311300179067218, -0.19878901556124587, 0.7823512938074559, -0.14111328125, 0.83544921875, 0.43408203125, -24.25, -24.0625, -43.5
-12794, -7895, 1735, 6278, -460, -391, -669, -271, 1654, 920, 1.0190483434490938, -0.20534168485298734, 0.7973684477168008, -0.13232421875, 0.8076171875, 0.44921875, -28.75, -24.4375, -41.8125
-12781, -7818, 1711, 6406, -451, -384, -669, -279, 1620, 974, 1.006590791354453, -0.21178905613035043, 0.8123359950283747, -0.13623046875, 0.791015625, 0.4755859375, -28.1875, -24.0, -41.8125
-12760, -7748, 1688, 6538, -384, -391, -687, -318, 1573, 1008, 0.9950515908883025, -0.21868139282711285, 0.8279410272058858, -0.1552734375, 0.76806640625, 0.4921875, -24.0, -24.4375, -42.9375
-12728, -7692, 1675, 6667, -280, -403, -682, -338, 1587, 1009, 0.9857750046884671, -0.22514014075320993, 0.8436871034722089, -0.1650390625, 0.77490234375, 0.49267578125, -17.5, -25.1875, -42.625
-12694, -7641, 1665, 6794, -267, -398, -679, -347, 1637, 1023, 0.9773417392440922, -0.23136855649098453, 0.8594986473732386, -0.16943359375, 0.79931640625, 0.49951171875, -16.6875, -24.875, -42.4375
-12664, -7583, 1647, 6917, -334, -371, -676, -353, 1647, 1023, 0.967563722947458, -0.23762359576153422, 0.8745553932810215, -0.17236328125, 0.80419921875, 0.49951171875, -20.875, -23.1875, -42.25
-12639, -7517, 1619, 7041, -380, -347, -672, -385, 1587, 1067, 0.9562548423228344, -0.24430346982041462, 0.8895083984450344, -0.18798828125, 0.77490234375, 0.52099609375, -23.75, -21.6875, -42.0
-12607, -7457, 1589, 7167, -327, -348, -688, -445, 1545, 1096, 0.945531867595435, -0.25158283685599486, 0.9046810976564452, -0.21728515625, 0.75439453125, 0.53515625, -20.4375, -21.75, -43.0
-12565, -7408, 1566, 7297, -255, -370, -710, -488, 1587, 1113, 0.9365107396409625, -0.25903346918637055, 0.9208001678152496, -0.23828125, 0.77490234375, 0.54345703125, -15.9375, -23.125, -44.375
-12517, -7362, 1544, 7428, -238, -379, -728, -515, 1596, 1114, 0.9277863760264107, -0.2665892963769301, 0.9371739318359389, -0.25146484375, 0.779296875, 0.5439453125, -14.875, -23.6875, -45.5
-12468, -7319, 1514, 7558, -246, -355, -723, -587, 1601, 1118, 0.9190230399462487, -0.2749538385385709, 0.9532064353702732, -0.28662109375, 0.78173828125, 0.5458984375, -15.375, -22.1875, -45.1875
-12419, -7275, 1477, 7689, -261, -334, -738, -621, 1560, 1136, 0.9097116228168152, -0.2839000345073836, 0.9692827658783502, -0.30322265625, 0.76171875, 0.5546875, -16.3125, -20.875, -46.125
-12368, -7230, 1440, 7819, -248, -320, -751, -585, 1515, 1160, 0.9001432481516815, -0.29265701809850175, 0.9854073896290315, -0.28564453125, 0.73974609375, 0.56640625, -15.5, -20.0, -46.9375
-12317, -7184, 1408, 7946, -237, -314, -758, -544, 1503, 1162, 0.8906540139782616, -0.30060585473547585, 1.0015794683237746, -0.265625, 0.73388671875, 0.5673828125, -14.8125, -19.625, -47.375
-12268, -7131, 1373, 8075, -257, -315, -759, -540, 1455, 1209, 0.8800244666991497, -0.30839334020096887, 1.0182136615853858, -0.263671875, 0.71044921875, 0.59033203125, -16.0625, -19.6875, -47.4375
-12218, -7078, 1343, 8202, -250, -343, -739, -566, 1434, 1191, 0.869611350861122, -0.31548681332897044, 1.035009771620796, -0.2763671875, 0.7001953125, 0.58154296875, -15.625, -21.4375, -46.1875
-12167, -7024, 1317, 8328, -240, -358, -726, -561, 1402, 1194, 0.8592287671305759, -0.3219748672571425, 1.0520554047377972, -0.27392578125, 0.6845703125, 0.5830078125, -15.0, -22.375, -45.375
-12115, -6969, 1295, 8452, -231, -366, -721, -563, 1386, 1198, 0.8488818932158949, -0.327801537874931, 1.0691739825367832, -0.27490234375, 0.6767578125, 0.5849609375, -14.4375, -22.875, -45.0625
-12065, -6913, 1277, 8571, -223, -378, -673, -582, 1365, 1205, 0.8386728054075164, -0.33277349769671966, 1.085949773291087, -0.2841796875, 0.66650390625, 0.58837890625, -13.9375, -23.625, -42.0625
-12016, -6856, 1265, 8686, -217, -397, -645, -586, 1352, 1212, 0.82870898430427, -0.3367702765247021, 1.1025663707993962, -0.2861328125, 0.66015625, 0.591796875, -13.5625, -24.8125, -40.3125
-11968, -6798, 1262, 8798, -196, -419, -617, -570, 1346, 1228, 0.8192038673734232, -0.339567804088181, 1.1192801932572178, -0.2783203125, 0.6572265625, 0.599609375, -12.25, -26.1875, -38.5625
-11918, -6738, 1264, 8911, -183, -452, -606, -584, 1321, 1237, 0.8097106610548951, -0.3417240594162202, 1.1364695079952947, -0.28515625, 0.64501953125, 0.60400390625, -11.4375, -28.25, -37.875
-11867, -6678, 1271, 9023, -158, -473, -595, -585, 1313, 1253, 0.8005571165358928, -0.3432639057753355, 1.1538291170943584, -0.28564453125, 0.64111328125, 0.61181640625, -9.875, -29.5625, -37.1875
-11814, -6619, 1288, 9132, -131, -494, -577, -567, 1321, 1263, 0.7921759829961211, -0.34370416549482463, 1.1711775509541293, -0.27685546875, 0.64501953125, 0.61669921875, -8.1875, -30.875, -36.0625
-11764, -6553, 1301, 9242, -185, -500, -584, -560, 1324, 1267, 0.7827681033986785, -0.3439383015474113, 1.1887378705625147, -0.2734375, 0.646484375, 0.61865234375, -11.5625, -31.25, -36.5
-11719, -6476, 1310, 9352, -231, -513, -563, -584, 1309, 1340, 0.7718589732462848, -0.343572695142223, 1.2063810966481965, -0.28515625, 0.63916015625, 0.654296875, -14.4375, -32.0625, -35.1875
-11674, -6394, 1317, 9462, -269, -531, -560, -600, 1305, 1335, 0.7602503216039675, -0.3428899463543771, 1.2240729056334108, -0.29296875, 0.63720703125, 0.65185546875, -16.8125, -33.1875, -35.0
-11627, -6310, 1323, 9575, -272, -550, -566, -628, 1290, 1364, 0.7483823707420915, -0.34218087620114584, 1.2423336304696562, -0.306640625, 0.6298828125, 0.666015625, -17.0, -34.375, -35.375
-11576, -6227, 1331, 9690, -262, -575, -580, -658, 1294, 1386, 0.7367971741999069, -0.3413603862718233, 1.261070773370559, -0.3212890625, 0.6318359375, 0.6767578125, -16.375, -35.9375, -36.25
-11523, -6143, 1343, 9804, -251, -592, -575, -668, 1304, 1405, 0.7254295252595303, -0.33992652824485314, 1.2798754430327752, -0.326171875, 0.63671875, 0.68603515625, -15.6875, -37.0, -35.9375
-11470, -6052, 1353, 9921, -291, -610, -583, -656, 1283, 1426, 0.7131787180497995, -0.3381284173324277, 1.299264110597418, -0.3203125, 0.62646484375, 0.6962890625, -18.1875, -38.125, -36.4375
-11418, -5956, 1360, 10038, -322, -617, -591, -640, 1252, 1410, 0.7002682144678897, -0.3360352174558211, 1.318711647541987, -0.3125, 0.611328125, 0.6884765625, -20.125, -38.5625, -36.9375
-11359, -5861, 1368, 10158, -316, -626, -628, -626, 1240, 1408, 0.6875211253929607, -0.3339767638703889, 1.3387426838096959, -0.3056640625, 0.60546875, 0.6875, -19.75, -39.125, -39.25
-11298, -5767, 1376, 10279, -316, -621, -649, -606, 1254, 1425, 0.6750278221066629, -0.3318956724199098, 1.3590818675340592, -0.2958984375, 0.6123046875, 0.69580078125, -19.75, -38.8125, -40.5625
-11235, -5670, 1374, 10402, -363, -598, -681, -610, 1228, 1434, 0.6615174170335293, -0.3303948343201785, 1.3796035392232195, -0.2978515625, 0.599609375, 0.7001953125, -22.6875, -37.375, -42.5625
-11167, -5567, 1364, 10530, -382, -594, -722, -608, 1178, 1488, 0.6466838415693803, -0.32918423270823455, 1.4008894046834706, -0.296875, 0.5751953125, 0.7265625, -23.875, -37.125, -45.125
-11097, -5465, 1357, 10658, -373, -602, -736, -591, 1169, 1486, 0.6323298432811089, -0.327599122513782, 1.4224500114539547, -0.28857421875, 0.57080078125, 0.7255859375, -23.3125, -37.625, -46.0
-11021, -5360, 1346, 10790, -398, -612, -773, -577, 1132, 1468, 0.6173138468218613, -0.3261263442639871, 1.4447592912312384, -0.28173828125, 0.552734375, 0.716796875, -24.875, -38.25, -48.3125
-10941, -5251, 1333, 10926, -407, -615, -809, -559, 1098, 1495, 0.601762081264093, -0.32445892230867407, 1.4679264588769945, -0.27294921875, 0.5361328125, 0.72998046875, -25.4375, -38.4375, -50.5625
-10858, -5142, 1320, 11062, -398, -608, -823, -541, 1079, 1521, 0.5863264710930494, -0.32257428823796463, 1.491314065143145, -0.26416015625, 0.52685546875, 0.74267578125, -24.875, -38.0, -51.4375
-10772, -5033, 1303, 11197, -409, -599, -842, -546, 1062, 1538, 0.5706642695719636, -0.3207706846497681, 1.5146550778300707, -0.2666015625, 0.5185546875, 0.7509765625, -25.5625, -37.4375, -52.625
-10681, -4922, 1284, 11335, -408, -597, -865, -530, 1014, 1570, 0.5546847763535105, -0.31887039720266813, 1.5387256903451523, -0.2587890625, 0.4951171875, 0.7666015625, -25.5, -37.3125, -54.0625
-10586, -4816, 1268, 11470, -374, -590, -871, -509, 977, 1534, 0.5395891947806044, -0.31683114294422104, 1.5625708433441923, -0.24853515625, 0.47705078125, 0.7490234375, -23.375, -36.875, -54.4375
-10489, -4714, 1253, 11602, -353, -568, -870, -501, 953, 1535, 0.5251460465106829, -0.3147355268016855, 1.5861453148367077, -0.24462890625, 0.46533203125, 0.74951171875, -22.0625, -35.5, -54.375
-10392, -4617, 1237, 11730, -349, -534, -865, -492, 953, 1561, 0.5113231294535628, -0.31280386629374934, 1.609217692525495, -0.240234375, 0.46533203125, 0.76220703125, -21.8125, -33.375, -54.0625
-10293, -4521, 1217, 11856, -334, -530, -857, -517, 892, 1568, 0.49735694648530976, -0.3110181435228949, 1.6320989925374778, -0.25244140625, 0.435546875, 0.765625, -20.875, -33.125, -53.5625
-10186, -4430, 1206, 11983, -250, -528, -878, -489, 841, 1593, 0.48467832429937824, -0.3088743770320399, 1.6555915386607776, -0.23876953125, 0.41064453125, 0.77783203125, -15.625, -33.0, -54.875
-10073, -4352, 1211, 12106, -135, -519, -882, -464, 825, 1598, 0.4747781907195037, -0.3064238219855464, 1.6788837153597034, -0.2265625, 0.40283203125, 0.7802734375, -8.4375, -32.4375, -55.125
-9959, -4279, 1219, 12225, -125, -510, -868, -460, 858, 1602, 0.46578388361891143, -0.30395416047106716, 1.7017240077032267, -0.224609375, 0.4189453125, 0.7822265625, -7.8125, -31.875, -54.25
-9849, -4194, 1215, 12344, -218, -522, -866, -488, 854, 1644, 0.454776730454155, -0.3010932041145755, 1.7245626763964104, -0.23828125, 0.4169921875, 0.802734375, -13.625, -32.625, -54.125
-9740, -4095, 1202, 12464, -272, -551, -859, -490, 797, 1705, 0.441795412811244, -0.297416076423123, 1.7476659178869425, -0.2392578125, 0.38916015625, 0.83251953125, -17.0, -34.4375, -53.6875
-9630, -3990, 1195, 12584, -285, -590, -852, -460, 777, 1677, 0.42902907815675984, -0.2925080846406172, 1.7710679915804088, -0.224609375, 0.37939453125, 0.81884765625, -17.8125, -36.875, -53.25
-9520, -3876, 1193, 12702, -278, -635, -845, -424, 735, 1675, 0.4161683028357764, -0.28608148968964114, 1.7943705639598184, -0.20703125, 0.35888671875, 0.81787109375, -17.375, -39.6875, -52.8125
-9406, -3764, 1196, 12821, -261, -635, -862, -394, 742, 1680, 0.40418734707084014, -0.2793553676056463, 1.8181563867614314, -0.1923828125, 0.3623046875, 0.8203125, -16.3125, -39.6875, -53.875
-9292, -3650, 1190, 12937, -300, -616, -862, -393, 727, 1703, 0.3914193134149787, -0.27280331902919075, 1.8414895813454562, -0.19189453125, 0.35498046875, 0.83154296875, -18.75, -38.5, -53.875
-9178, -3537, 1180, 13050, -310, -588, -857, -381, 696, 1746, 0.37861050694110515, -0.26635082069192095, 1.8644219515543212, -0.18603515625, 0.33984375, 0.8525390625, -19.375, -36.75, -53.5625
-9061, -3431, 1168, 13160, -266, -548, -860, -366, 636, 1788, 0.3663769312741643, -0.2604930248352196, 1.887050775515504, -0.1787109375, 0.310546875, 0.873046875, -16.625, -34.25, -53.75
-8937, -3335, 1162, 13270, -202, -527, -883, -370, 623, 1794, 0.35567173867177126, -0.2551143428855917, 1.9100959936510342, -0.1806640625, 0.30419921875, 0.8759765625, -12.625, -32.9375, -55.1875
-8811, -3243, 1163, 13377, -171, -520, -887, -352, 661, 1838, 0.34617918605655634, -0.2494496200515476, 1.9329167541908896, -0.171875, 0.32275390625, 0.8974609375, -10.6875, -32.5, -55.4375
-8687, -3146, 1157, 13481, -244, -514, -879, -342, 697, 1876, 0.3358284946221419, -0.24350275735112042, 1.9552838912502843, -0.1669921875, 0.34033203125, 0.916015625, -15.25, -32.125, -54.9375
-8566, -3040, 1139, 13584, -331, -510, -877, -322, 679, 1905, 0.32383428084366667, -0.23719955772254714, 1.977462743028536, -0.1572265625, 0.33154296875, 0.93017578125, -20.6875, -31.875, -54.8125
-8447, -2927, 1107, 13685, -390, -502, -861, -317, 606, 1918, 0.31012340011250394, -0.23081533712018584, 1.9993048512513025, -0.15478515625, 0.2958984375, 0.9365234375, -24.375, -31.375, -53.8125
-8326, -2811, 1071, 13786, -434, -504, -878, -300, 618, 1920, 0.2959839444257499, -0.22416292397253457, 2.021365365680396, -0.146484375, 0.3017578125, 0.9375, -27.125, -31.5, -54.875
-8205, -2683, 1023, 13887, -513, -508, -886, -252, 556, 1924, 0.2799737390041896, -0.21675510880285895, 2.0435464716410086, -0.123046875, 0.271484375, 0.939453125, -32.0625, -31.75, -55.375
-8082, -2549, 956, 13989, -599, -486, -909, -231, 478, 1914, 0.2617760777595255, -0.20963857972131844, 2.0660671391582035, -0.11279296875, 0.2333984375, 0.9345703125, -37.4375, -30.375, -56.8125
-7955, -2421, 887, 14089, -587, -454, -919, -207, 433, 1846, 0.2439718537022131, -0.20295383813910478, 2.0886036213386205, -0.10107421875, 0.21142578125, 0.9013671875, -36.6875, -28.375, -57.4375
-7825, -2306, 819, 14185, -542, -380, -933, -165, 379, 1808, 0.22732138168522886, -0.19724111439631362, 2.110795690071042, -0.08056640625, 0.18505859375, 0.8828125, -33.875, -23.75, -58.3125
-7687, -2217, 753, 14278, -447, -270, -959, -175, 344, 1839, 0.21263171256557617, -0.1939301286558018, 2.1330678801562786, -0.08544921875, 0.16796875, 0.89794921875, -27.9375, -16.875, -59.9375
-7544, -2151, 691, 14367, -353, -180, -971, -225, 307, 1885, 0.19986720093180177, -0.19259773096001487, 2.155155114555239, -0.10986328125, 0.14990234375, 0.92041015625, -22.0625, -11.25, -60.6875
-7395, -2102, 633, 14454, -276, -133, -993, -263, 278, 1909, 0.18856686096225103, -0.1926794100665493, 2.177470720156962, -0.12841796875, 0.1357421875, 0.93212890625, -17.25, -8.3125, -62.0625
-7243, -2060, 581, 14539, -236, -117, -992, -290, 283, 1934, 0.17834066877199603, -0.19298977218130117, 2.1998734861839075, -0.1416015625, 0.13818359375, 0.9443359375, -14.75, -7.3125, -62.0
-7092, -2016, 526, 14622, -267, -128, -991, -299, 280, 1923, 0.16771350110423316, -0.19303078930421863, 2.222144555454153, -0.14599609375, 0.13671875, 0.93896484375, -16.6875, -8.0, -61.9375
-6941, -1962, 466, 14703, -313, -169, -983, -300, 239, 1922, 0.15599956656563824, -0.1920076987552665, 2.2443718668558055, -0.146484375, 0.11669921875, 0.9384765625, -19.5625, -10.5625, -61.4375
-6792, -1894, 401, 14783, -351, -211, -967, -277, 195, 1942, 0.1430498801944088, -0.1894476735921096, 2.2665573610701166, -0.13525390625, 0.09521484375, 0.9482421875, -21.9375, -13.1875, -60.4375
-6642, -1811, 336, 14864, -388, -293, -977, -267, 155, 1910, 0.1293930271582952, -0.1849856451347006, 2.289143640010936, -0.13037109375, 0.07568359375, 0.9326171875, -24.25, -18.3125, -61.0625
-6489, -1722, 282, 14942, -316, -331, -972, -218, 84, 1871, 0.11677482102619295, -0.1790253243999869, 2.311634262094, -0.1064453125, 0.041015625, 0.91357421875, -19.75, -20.6875, -60.75
-6330, -1640, 256, 15020, -185, -355, -991, -201, 116, 1851, 0.10779624550150277, -0.17230649653457047, 2.3345431648030006, -0.09814453125, 0.056640625, 0.90380859375, -11.5625, -22.1875, -61.9375
-6172, -1567, 234, 15094, -143, -321, -975, -190, 104, 1833, 0.09991500468758042, -0.16622732858928968, 2.3569371364975495, -0.0927734375, 0.05078125, 0.89501953125, -8.9375, -20.0625, -60.9375
-6020, -1499, 206, 15162, -202, -272, -943, -189, 153, 1892, 0.0918165280265643, -0.16078788110013706, 2.3782252470968492, -0.09228515625, 0.07470703125, 0.923828125, -12.625, -17.0, -58.9375
-5872, -1426, 150, 15228, -340, -267, -923, -214, 99, 1881, 0.08046699832403227, -0.15585808471762833, 2.399215293875957, -0.1044921875, 0.04833984375, 0.91845703125, -21.25, -16.6875, -57.6875
-5726, -1350, 89, 15291, -339, -265, -907, -204, 15, 1929, 0.06856208403463147, -0.15057261945128225, 2.41980130768396, -0.099609375, 0.00732421875, 0.94189453125, -21.1875, -16.5625, -56.6875
-5581, -1280, 52, 15351, -214, -277, -886, -185, 20, 1887, 0.059832964282649996, -0.14474115520079706, 2.4398634176698084, -0.09033203125, 0.009765625, 0.92138671875, -13.375, -17.3125, -55.375
-5438, -1213, 25, 15407, -174, -271, -864, -166, 32, 1888, 0.05254438340526006, -0.1386727138270135, 2.459292025792988, -0.0810546875, 0.015625, 0.921875, -10.875, -16.9375, -54.0
-5300, -1150, -4, 15460, -185, -259, -834, -173, 40, 1922, 0.04536672399739528, -0.13301370530621257, 2.4780154110819366, -0.08447265625, 0.01953125, 0.9384765625, -11.5625, -16.1875, -52.125
-5168, -1079, -44, 15510, -263, -286, -802, -179, 27, 1897, 0.03676489928722142, -0.126720706936826, 2.4959886665348208, -0.08740234375, 0.01318359375, 0.92626953125, -16.4375, -17.875, -50.125
-5037, -1001, -89, 15558, -301, -303, -795, -149, -2, 1925, 0.027449265167709267, -0.11965742835884804, 2.513728977865206, -0.07275390625, -0.0009765625, 0.93994140625, -18.8125, -18.9375, -49.6875
-4911, -923, -132, 15602, -288, -295, -761, -111, -15, 1919, 0.018546198331921504, -0.11235929364943208, 2.5305956594758086, -0.05419921875, -0.00732421875, 0.93701171875, -18.0, -18.4375, -47.5625
-4791, -848, -174, 15644, -284, -298, -727, -121, -34, 1901, 0.010044830312139607, -0.10524548026776437, 2.5467039150859456, -0.05908203125, -0.0166015625, 0.92822265625, -17.75, -18.625, -45.4375
-4669, -766, -218, 15684, -290, -317, -728, -98, -79, 1928, 0.0011778549632705127, -0.09724757933107997, 2.5628312741047368, -0.0478515625, -0.03857421875, 0.94140625, -18.125, -19.8125, -45.5
-4555, -680, -262, 15721, -309, -341, -685, -69, -72, 1915, -0.007640866614103414, -0.08865648408263234, 2.5778836664768106, -0.03369140625, -0.03515625, 0.93505859375, -19.3125, -21.3125, -42.8125
-4452, -584, -316, 15753, -382, -369, -622, -39, -89, 1896, -0.01777385392098164, -0.07910769281691941, 2.591402609427959, -0.01904296875, -0.04345703125, 0.92578125, -23.875, -23.0625, -38.875
-4359, -482, -374, 15781, -400, -388, -564, -13, -137, 1902, -0.02839119624539899, -0.06887327487591069, 2.603531184667828, -0.00634765625, -0.06689453125, 0.9287109375, -25.0, -24.25, -35.25
-4277, -378, -426, 15805, -356, -413, -495, 5, -192, 1926, -0.03819260205848491, -0.058119616654423154, 2.614103272265507, 0.00244140625, -0.09375, 0.9404296875, -22.25, -25.8125, -30.9375
-4205, -276, -464, 15826, -276, -431, -429, 17, -207, 1949, -0.04613208514459047, -0.04709834479912069, 2.6232768787058216, 0.00830078125, -0.10107421875, 0.95166015625, -17.25, -26.9375, -26.8125
-4150, -175, -495, 15841, -258, -431, -334, 44, -194, 1929, -0.05307043223064738, -0.035967422865028124, 2.6301067338167057, 0.021484375, -0.0947265625, 0.94189453125, -16.125, -26.9375, -20.875
-4106, -71, -536, 15852, -327, -422, -268, 90, -185, 1954, -0.06119006073532624, -0.024785463463923327, 2.6354533262123283, 0.0439453125, -0.09033203125, 0.9541015625, -20.4375, -26.375, -16.75
-4080, 36, -591, 15857, -393, -435, -166, 89, -246, 1988, -0.07098361999876032, -0.013712686893332614, 2.638416253214728, 0.04345703125, -0.1201171875, 0.970703125, -24.5625, -27.1875, -10.375
-4069, 150, -649, 15856, -413, -472, -73, 107, -276, 2036, -0.08130772400064475, -0.0019548920327380633, 2.639229355787289, 0.05224609375, -0.134765625, 0.994140625, -25.8125, -29.5, -4.5625
-4075, 276, -708, 15851, -447, -534, 20, 154, -275, 2061, -0.09212980933860467, 0.011099924091782336, 2.637819257690438, 0.0751953125, -0.13427734375, 1.00634765625, -27.9375, -33.375, 1.25
-4099, 416, -777, 15838, -521, -606, 126, 164, -307, 2091, -0.10461673905588731, 0.0253621483169185, 2.633735774175583, 0.080078125, -0.14990234375, 1.02099609375, -32.5625, -37.875, 7.875
-4141, 574, -859, 15818, -630, -682, 226, 222, -323, 2115, -0.1193293561209827, 0.04115680129145527, 2.6270245681799227, 0.1083984375, -0.15771484375, 1.03271484375, -39.375, -42.625, 14.125
-4200, 751, -949, 15790, -701, -763, 337, 285, -339, 2041, -0.13579549410759648, 0.058688305632231416, 2.6176445605675775, 0.13916015625, -0.16552734375, 0.99658203125, -43.8125, -47.6875, 21.0625
-4278, 933, -1037, 15754, -690, -812, 445, 305, -390, 2022, -0.15249241132169591, 0.07653401227619898, 2.605431387290919, 0.14892578125, -0.1904296875, 0.9873046875, -43.125, -50.75, 27.8125
-4371, 1113, -1116, 15711, -629, -830, 532, 315, -414, 1981, -0.16841748086280384, 0.09407792130305592, 2.590924380326978, 0.15380859375, -0.2021484375, 0.96728515625, -39.3125, -51.875, 33.25
-4486, 1282, -1181, 15661, -568, -817, 657, 327, -376, 1945, -0.18277325857297896, 0.1103391342715951, 2.573509712619787, 0.15966796875, -0.18359375, 0.94970703125, -35.5, -51.0625, 41.0625
-4615, 1438, -1255, 15604, -606, -749, 761, 342, -386, 1951, -0.19816436525724856, 0.12434798703622602, 2.554074837762954, 0.1669921875, -0.1884765625, 0.95263671875, -37.875, -46.8125, 47.5625
-4759, 1583, -1349, 15539, -704, -691, 858, 331, -409, 1988, -0.2159580626447869, 0.13585676591544368, 2.532457642983809, 0.16162109375, -0.19970703125, 0.970703125, -44.0, -43.1875, 53.625
-4912, 1728, -1447, 15467, -694, -695, 917, 339, -484, 1932, -0.23463379340366286, 0.14670089477441078, 2.5092612929824454, 0.16552734375, -0.236328125, 0.943359375, -43.375, -43.4375, 57.3125
-5069, 1872, -1538, 15390, -658, -686, 951, 401, -529, 1933, -0.2528241656558551, 0.15721299872759298, 2.4851677243283876, 0.19580078125, -0.25830078125, 0.94384765625, -41.125, -42.875, 59.4375
-5233, 2012, -1636, 15308, -709, -647, 1011, 462, -525, 1978, -0.27209653525981947, 0.16645743453113748, 2.4599880690554468, 0.2255859375, -0.25634765625, 0.9658203125, -44.3125, -40.4375, 63.1875
-5400, 2151, -1760, 15217, -870, -608, 1065, 448, -514, 1917, -0.29471244333306007, 0.17393606083769433, 2.4337202727853673, 0.21875, -0.2509765625, 0.93603515625, -54.375, -38.0, 66.5625
-5569, 2289, -1923, 15115, -1061, -553, 1123, 462, -617, 1972, -0.32213479549267127, 0.17894068979386468, 2.4063679446425645, 0.2255859375, -0.30126953125, 0.962890625, -66.3125, -34.5625, 70.1875
-5748, 2420, -2091, 15005, -1059, -522, 1190, 461, -710, 1999, -0.3501855954633135, 0.1820002963130818, 2.377602409618959, 0.22509765625, -0.3466796875, 0.97607421875, -66.1875, -32.625, 74.375
-5933, 2536, -2269, 14888, -1071, -440, 1260, 463, -783, 1948, -0.37890076381652893, 0.18200756141793756, 2.3481509063775667, 0.22607421875, -0.38232421875, 0.951171875, -66.9375, -27.5, 78.75
-6141, 2617, -2444, 14761, -957, -288, 1412, 468, -893, 1998, -0.40572705542778326, 0.1769110346827794, 2.3165725817220753, 0.228515625, -0.43603515625, 0.9755859375, -59.8125, -18.0, 88.25
-6364, 2673, -2589, 14631, -826, -271, 1498, 421, -843, 2149, -0.4278458374876081, 0.16943303453008218, 2.2840694208181427, 0.20556640625, -0.41162109375, 1.04931640625, -51.625, -16.9375, 93.625
-6596, 2735, -2744, 14488, -830, -319, 1552, 340, -937, 1953, -0.45143495540806505, 0.16107122211206043, 2.250016175360318, 0.166015625, -0.45751953125, 0.95361328125, -51.875, -19.9375, 97.0
-6858, 2777, -2869, 14334, -599, -309, 1722, 361, -1091, 1924, -0.4706001655412071, 0.15054760048971813, 2.2129389054980613, 0.17626953125, -0.53271484375, 0.939453125, -37.4375, -19.3125, 107.625
-7147, 2795, -2966, 14168, -418, -299, 1884, 324, -874, 1838, -0.48513633079195245, 0.13753548482823924, 2.1730647306275768, 0.158203125, -0.4267578125, 0.8974609375, -26.125, -18.6875, 117.75
-7441, 2824, -3111, 13978, -708, -262, 2003, 294, -813, 1764, -0.5053985058851312, 0.12193205106820226, 2.1316094096975524, 0.1435546875, -0.39697265625, 0.861328125, -44.25, -16.375, 125.1875
-7741, 2860, -3289, 13766, -884, -237, 2106, 236, -970, 1788, -0.5293919371595468, 0.10382857969836078, 2.0888657389621406, 0.115234375, -0.4736328125, 0.873046875, -55.25, -14.8125, 131.625
-8056, 2870, -3442, 13544, -690, -219, 2206, 157, -1057, 1719, -0.5484916040876314, 0.08311396078206502, 2.0449774552148443, 0.07666015625, -0.51611328125, 0.83935546875, -43.125, -13.6875, 137.875
-8384, 2846, -3564, 13317, -448, -155, 2291, 156, -1049, 1708, -0.5613697201194844, 0.05978633125794631, 2.000593373117051, 0.076171875, -0.51220703125, 0.833984375, -28.0, -9.6875, 143.1875
-8719, 2785, -3675, 13083, -291, -34, 2383, 121, -1021, 1650, -0.5697569597581508, 0.03274243457798062, 1.95635894191473, 0.05908203125, -0.49853515625, 0.8056640625, -18.1875, -2.125, 148.9375
-9057, 2701, -3785, 12837, -228, 48, 2453, 52, -1047, 1607, -0.5755227411840796, 0.002920572141301892, 1.9118751925096245, 0.025390625, -0.51123046875, 0.78466796875, -14.25, 3.0, 153.3125
-9392, 2601, -3879, 12586, -128, 71, 2463, -19, -1001, 1637, -0.5775367137053659, -0.02753622115550019, 1.8675877104179546, -0.00927734375, -0.48876953125, 0.79931640625, -8.0, 4.4375, 153.9375
-9718, 2489, -3989, 12324, -178, 176, 2494, -37, -990, 1624, -0.5793586959617377, -0.06031672558432057, 1.824117760977916, -0.01806640625, -0.4833984375, 0.79296875, -11.125, 11.0, 155.875
-10029, 2361, -4113, 12056, -220, 308, 2485, -87, -961, 1704, -0.5804071241621437, -0.09540077354204467, 1.7823001665798859, -0.04248046875, -0.46923828125, 0.83203125, -13.75, 19.25, 155.3125
-10327, 2224, -4251, 11780, -254, 394, 2474, -248, -953, 1560, -0.5811878494822611, -0.13227074128894428, 1.7416585045019644, -0.12109375, -0.46533203125, 0.76171875, -15.875, 24.625, 154.625
-10619, 2073, -4374, 11500, -144, 400, 2473, -399, -1067, 1628, -0.5782868844221661, -0.1692496529005956, 1.700895765500064, -0.19482421875, -0.52099609375, 0.794921875, -9.0, 25.0, 154.5625
-10906, 1902, -4461, 11224, 65, 355, 2440, -443, -964, 1581, -0.5690935406106757, -0.20485766836911073, 1.6596490366701233, -0.21630859375, -0.470703125, 0.77197265625, 4.0625, 22.1875, 152.5
-11181, 1718, -4544, 10947, 111, 421, 2423, -410, -898, 1558, -0.5574003861965859, -0.24073344758715218, 1.6188911326944162, -0.2001953125, -0.4384765625, 0.7607421875, 6.9375, 26.3125, 151.4375
-11430, 1519, -4637, 10677, 131, 562, 2329, -419, -870, 1548, -0.5445798042426857, -0.2776031289514439, 1.5807305598063353, -0.20458984375, -0.4248046875, 0.755859375, 8.1875, 35.125, 145.5625
-11656, 1303, -4753, 10406, 114, 755, 2290, -480, -911, 1493, -0.5316120163020306, -0.31703091838480935, 1.5445884994604075, -0.234375, -0.44482421875, 0.72900390625, 7.125, 47.1875, 143.125
-11870, 1059, -4862, 10138, 243, 831, 2273, -660, -907, 1591, -0.5144109540561075, -0.35756786810206087, 1.5087211768984687, -0.322265625, -0.44287109375, 0.77685546875, 15.1875, 51.9375, 142.0625
-12083, 772, -4924, 9879, 598, 787, 2279, -843, -843, 1525, -0.48738005654071714, -0.3967928787942833, 1.470642311844676, -0.41162109375, -0.41162109375, 0.74462890625, 37.375, 49.1875, 142.4375
-12280, 461, -4975, 9627, 735, 867, 2243, -755, -729, 1563, -0.45576812788549365, -0.4357741114789764, 1.4323828580441438, -0.36865234375, -0.35595703125, 0.76318359375, 45.9375, 54.1875, 140.1875
-12447, 133, -5031, 9391, 808, 1004, 2107, -790, -629, 1571, -0.4221013134058651, -0.4749072289704027, 1.3963699911045329, -0.3857421875, -0.30712890625, 0.76708984375, 50.5, 62.75, 131.6875
-12591, -216, -5088, 9164, 916, 1112, 2035, -906, -642, 1633, -0.3852219836482452, -0.5144481033740036, 1.360862268132582, -0.4423828125, -0.3134765625, 0.79736328125, 57.25, 69.5, 127.1875
-12728, -566, -5099, 8951, 1092, 905, 1942, -1095, -514, 1428, -0.3422202760538307, -0.5483617037061868, 1.322963754351376, -0.53466796875, -0.2509765625, 0.697265625, 68.25, 56.5625, 121.375
-12855, -899, -5097, 8742, 1046, 820, 1864, -1056, -283, 1471, -0.2980389051571077, -0.5784550647195259, 1.283797513168666, -0.515625, -0.13818359375, 0.71826171875, 65.375, 51.25, 116.5
-12968, -1175, -5122, 8524, 699, 800, 1753, -1085, -197, 1479, -0.26056096299119524, -0.6059046984243941, 1.2448842129932218, -0.52978515625, -0.09619140625, 0.72216796875, 43.6875, 50.0, 109.5625
-13075, -1416, -5157, 8301, 513, 748, 1684, -1219, -154, 1506, -0.2260855787561768, -0.6309991516711119, 1.2055117812835727, -0.59521484375, -0.0751953125, 0.7353515625, 32.0625, 46.75, 105.25
-13182, -1622, -5185, 8073, 382, 611, 1666, -1289, -225, 1381, -0.1931379479102575, -0.6520262181999117, 1.164554979888178, -0.62939453125, -0.10986328125, 0.67431640625, 23.875, 38.1875, 104.125
-13288, -1807, -5200, 7847, 330, 502, 1620, -1232, -201, 1390, -0.16022175591569263, -0.6693329000372649, 1.1227407250579617, -0.6015625, -0.09814453125, 0.6787109375, 20.625, 31.375, 101.25
-13382, -1970, -5225, 7628, 213, 470, 1509, -1195, -149, 1313, -0.1302202584631412, -0.6853095984285569, 1.0827162506916168, -0.58349609375, -0.07275390625, 0.64111328125, 13.3125, 29.375, 94.3125
-13470, -2117, -5258, 7409, 158, 465, 1476, -1269, -175, 1328, -0.1019141308997068, -0.7004353096255551, 1.0431018240288206, -0.61962890625, -0.08544921875, 0.6484375, 9.875, 29.0625, 92.25
-13548, -2274, -5283, 7199, 282, 456, 1469, -1285, -226, 1283, -0.07130869235591064, -0.7144981688766397, 1.0035581771168458, -0.62744140625, -0.1103515625, 0.62646484375, 17.625, 28.5, 91.8125
-13611, -2460, -5284, 7015, 527, 474, 1390, -1255, -186, 1363, -0.03573900938770395, -0.7267222811233278, 0.9653864088784974, -0.61279296875, -0.0908203125, 0.66552734375, 32.9375, 29.625, 86.875
-13664, -2691, -5270, 6837, 713, 500, 1351, -1382, 94, 1404, 0.007447534405778656, -0.7390545977376869, 0.9251111161051286, -0.6748046875, 0.0458984375, 0.685546875, 44.5625, 31.25, 84.4375
-13715, -2905, -5253, 6656, 641, 430, 1348, -1435, 119, 1368, 0.049642149232936035, -0.7489066203633225, 0.8841424338212447, -0.70068359375, 0.05810546875, 0.66796875, 40.0625, 26.875, 84.25
-13764, -3110, -5226, 6482, 653, 365, 1317, -1390, 138, 1313, 0.09159417117063036, -0.7561443437821598, 0.8439074771372098, -0.6787109375, 0.0673828125, 0.64111328125, 40.8125, 22.8125, 82.3125
-13813, -3324, -5193, 6297, 681, 353, 1389, -1424, 221, 1288, 0.13650425329868174, -0.762023473233838, 0.8008404419018474, -0.6953125, 0.10791015625, 0.62890625, 42.5625, 22.0625, 86.8125
-13871, -3540, -5138, 6092, 655, 262, 1495, -1474, 390, 1328, 0.18470222944154896, -0.7638040146535456, 0.7533509475922943, -0.7197265625, 0.1904296875, 0.6484375, 40.9375, 16.375, 93.4375
-13948, -3731, -5060, 5864, 555, 152, 1654, -1491, 502, 1339, 0.23196366004827457, -0.7598971418262039, 0.7030745591332866, -0.72802734375, 0.2451171875, 0.65380859375, 34.6875, 9.5, 103.375
-14039, -3910, -4964, 5605, 472, 55, 1844, -1464, 455, 1302, 0.2795714041302335, -0.7511934703949671, 0.6488757933182675, -0.71484375, 0.22216796875, 0.6357421875, 29.5, 3.4375, 115.25
-14138, -4082, -4846, 5331, 456, -54, 1958, -1363, 415, 1226, 0.3267190775100131, -0.737707082684027, 0.5939670592587734, -0.66552734375, 0.20263671875, 0.5986328125, 28.5, -3.375, 122.375
-14229, -4267, -4716, 5055, 565, -75, 2009, -1253, 263, 1158, 0.3746812523782038, -0.7217111637622265, 0.5399939483944698, -0.61181640625, 0.12841796875, 0.5654296875, 35.3125, -4.6875, 125.5625
-14289, -4468, -4591, 4820, 759, -25, 1790, -1136, 144, 1097, 0.42093155013430367, -0.706555794406395, 0.49349605559503756, -0.5546875, 0.0703125, 0.53564453125, 47.4375, -1.5625, 111.875
-14308, -4636, -4515, 4674, 862, 77, 1293, -1086, 74, 1096, 0.4554599754675296, -0.6980907688812507, 0.4632208323602343, -0.5302734375, 0.0361328125, 0.53515625, 53.875, 4.8125, 80.8125
-14294, -4837, -4440, 4587, 913, 121, 755, -1102, 846, 1195, 0.4915206743128176, -0.6921088246405571, 0.4407833485476787, -0.5380859375, 0.4130859375, 0.58349609375, 57.0625, 7.5625, 47.1875
-14293, -4961, -4405, 4490, 291, 159, 525, -1138, 1235, 1121, 0.5156711233136425, -0.6880789057566674, 0.42046378525373307, -0.5556640625, 0.60302734375, 0.54736328125, 18.1875, 9.9375, 32.8125
-14314, -4988, -4418, 4379, -245, 180, 490, -1326, 1103, 1183, 0.5252244135837801, -0.6865958900477659, 0.4022837142105361, -0.6474609375, 0.53857421875, 0.57763671875, -15.3125, 11.25, 30.625
-14337, -4997, -4427, 4282, -221, 112, 490, -1384, 910, 1242, 0.531314916718335, -0.6845298111579685, 0.3872546825281138, -0.67578125, 0.4443359375, 0.6064453125, -13.8125, 7.0, 30.625
-14350, -5023, -4424, 4212, -50, 73, 387, -1347, 909, 1282, 0.5387477321231683, -0.6823603940220555, 0.37567942631857093, -0.65771484375, 0.44384765625, 0.6259765625, -3.125, 4.5625, 24.1875
-14346, -5077, -4419, 4164, 109, 90, 260, -1327, 1025, 1238, 0.5493469770792766, -0.6813463206096386, 0.36590867714512754, -0.64794921875, 0.50048828125, 0.6044921875, 6.8125, 5.625, 16.25
-14339, -5124, -4423, 4125, 86, 112, 183, -1322, 1029, 1244, 0.5584245765307604, -0.6815601994001985, 0.35760496777273604, -0.6455078125, 0.50244140625, 0.607421875, 5.375, 7.0, 11.4375
-14327, -5171, -4428, 4104, 159, 140, 102, -1315, 995, 1339, 0.5666830707411356, -0.6825568681040092, 0.35191943942179355, -0.64208984375, 0.48583984375, 0.65380859375, 9.9375, 8.75, 6.375
-14300, -5239, -4434, 4105, 368, 185, 28, -1300, 925, 1398, 0.5771371989842634, -0.6849649885143516, 0.34824836327725295, -0.634765625, 0.45166015625, 0.6826171875, 23.0, 11.5625, 1.75
-14250, -5355, -4436, 4127, 638, 232, -65, -1322, 1077, 1395, 0.5940971724828329, -0.6888269259394174, 0.3451221632511149, -0.6455078125, 0.52587890625, 0.68115234375, 39.875, 14.5, -4.0625
-14203, -5459, -4444, 4145, 516, 274, -142, -1277, 1250, 1412, 0.6095062611842766, -0.6930092280959175, 0.3418025819117934, -0.62353515625, 0.6103515625, 0.689453125, 32.25, 17.125, -8.875
-14168, -5520, -4472, 4153, 254, 334, -179, -1303, 1273, 1473, 0.6187833074391673, -0.698232500328609, 0.33864154361477017, -0.63623046875, 0.62158203125, 0.71923828125, 15.875, 20.875, -11.1875
-14143, -5546, -4517, 4155, 65, 369, -196, -1311, 1193, 1469, 0.6229786819196178, -0.7045103113555553, 0.3359386685584977, -0.64013671875, 0.58251953125, 0.71728515625, 4.0625, 23.0625, -12.25
-14119, -5555, -4576, 4159, -27, 411, -251, -1271, 1128, 1429, 0.6244792769470512, -0.7122041812340579, 0.333962038830687, -0.62060546875, 0.55078125, 0.69775390625, -1.6875, 25.6875, -15.6875
-14095, -5545, -4652, 4171, -105, 448, -325, -1257, 1032, 1381, 0.6227016512935573, -0.7219542171654768, 0.33369641351246293, -0.61376953125, 0.50390625, 0.67431640625, -6.5625, 28.0, -20.3125
-14064, -5538, -4736, 4192, -81, 482, -391, -1256, 1019, 1342, 0.6209941282578322, -0.733170736628549, 0.3343374657080422, -0.61328125, 0.49755859375, 0.6552734375, -5.0625, 30.125, -24.4375
-14026, -5532, -4828, 4219, -67, 509, -444, -1302, 1013, 1333, 0.6191081933518598, -0.7456204777879736, 0.3355198080900292, -0.6357421875, 0.49462890625, 0.65087890625, -4.1875, 31.8125, -27.75
-13985, -5524, -4929, 4250, -88, 524, -479, -1341, 997, 1271, 0.6167787688989692, -0.7594203616723432, 0.33723127040522344, -0.65478515625, 0.48681640625, 0.62060546875, -5.5, 32.75, -29.9375
-13946, -5494, -5046, 4280, -217, 545, -515, -1384, 928, 1204, 0.6109167690473355, -0.7747031771347579, 0.3397560462449621, -0.67578125, 0.453125, 0.587890625, -13.5625, 34.0625, -32.1875
-13906, -5451, -5173, 4313, -274, 558, -553, -1432, 858, 1189, 0.6026469663016636, -0.7911004348136076, 0.3434663321000474, -0.69921875, 0.4189453125, 0.58056640625, -17.125, 34.875, -34.5625
-13860, -5410, -5303, 4353, -240, 571, -595, -1422, 810, 1148, 0.5941060352655422, -0.8082416938334749, 0.34829883911226966, -0.6943359375, 0.3955078125, 0.560546875, -15.0, 35.6875, -37.1875
-13806, -5376, -5440, 4398, -200, 597, -621, -1483, 786, 1094, 0.5863010681436582, -0.8267469687166682, 0.3535453737877317, -0.72412109375, 0.3837890625, 0.5341796875, -12.5, 37.3125, -38.8125
-13746, -5343, -5583, 4449, -174, 623, -651, -1477, 704, 1048, 0.5780811327805648, -0.8463923753533178, 0.35988271298622615, -0.72119140625, 0.34375, 0.51171875, -10.875, 38.9375, -40.6875
-13674, -5324, -5727, 4508, -62, 649, -666, -1542, 670, 1046, 0.5714030679619058, -0.8668296096223668, 0.3667509464822295, -0.7529296875, 0.3271484375, 0.5107421875, -3.875, 40.5625, -41.625
-13595, -5315, -5869, 4576, -1, 656, -717, -1554, 675, 1001, 0.5655941962144314, -0.8877975794033862, 0.37484955727201125, -0.7587890625, 0.32958984375, 0.48876953125, -0.0625, 41.0, -44.8125
-13512, -5307, -6012, 4643, 2, 660, -729, -1581, 683, 963, 0.559638919335269, -0.9088978666848264, 0.38302839952986945, -0.77197265625, 0.33349609375, 0.47021484375, 0.125, 41.25, -45.5625
-13428, -5293, -6158, 4713, -1, 656, -731, -1598, 575, 918, 0.5520025373330781, -0.9305476320431612, 0.39275794097033373, -0.7802734375, 0.28076171875, 0.4482421875, -0.0625, 41.0, -45.6875
-13332, -5295, -6302, 4792, 113, 661, -744, -1641, 538, 872, 0.5460913982050621, -0.9527864873943218, 0.40321568718115053, -0.80126953125, 0.2626953125, 0.42578125, 7.0625, 41.3125, -46.5
-13232, -5300, -6441, 4879, 158, 642, -777, -1666, 529, 843, 0.5395000392476502, -0.9749169594271061, 0.41564791331142636, -0.8134765625, 0.25830078125, 0.41162109375, 9.875, 40.125, -48.5625
-13128, -5305, -6578, 4970, 166, 628, -802, -1647, 501, 777, 0.5318126218646371, -0.9969941335702268, 0.4295973404985927, -0.80419921875, 0.24462890625, 0.37939453125, 10.375, 39.25, -50.125
-13020, -5309, -6714, 5066, 194, 619, -829, -1687, 462, 760, 0.5225890813961833, -1.0191986332318483, 0.4455516435325817, -0.82373046875, 0.2255859375, 0.37109375, 12.125, 38.6875, -51.8125
-12906, -5312, -6848, 5175, 243, 601, -867, -1701, 381, 737, 0.5107370640085208, -1.0417681247689845, 0.4655087058388973, -0.83056640625, 0.18603515625, 0.35986328125, 15.1875, 37.5625, -54.1875
-12787, -5300, -6986, 5296, 226, 599, -949, -1696, 290, 732, 0.4926791079913437, -1.0647939701893003, 0.4912999074277279, -0.828125, 0.1416015625, 0.357421875, 14.125, 37.4375, -59.3125
-12661, -5296, -7119, 5423, 275, 588, -1005, -1794, 367, 719, 0.47370769432641124, -1.0876342623763562, 0.519532205096366, -0.8759765625, 0.17919921875, 0.35107421875, 17.1875, 36.75, -62.8125
-12545, -5285, -7247, 5534, 172, 554, -960, -1793, 403, 677, 0.45335382971459426, -1.1090318394944916, 0.5472941261541122, -0.87548828125, 0.19677734375, 0.33056640625, 10.75, 34.625, -60.0
-12434, -5258, -7381, 5634, 90, 561, -897, -1816, 253, 666, 0.4284593136833757, -1.1301882276808253, 0.5770495601413497, -0.88671875, 0.12353515625, 0.3251953125, 5.625, 35.0625, -56.0625
-12323, -5239, -7501, 5734, 171, 518, -806, -1877, 142, 668, 0.403288256253258, -1.1493829609263897, 0.6078997231953654, -0.91650390625, 0.0693359375, 0.326171875, 10.6875, 32.375, -50.375
-12211, -5223, -7612, 5841, 228, 476, -800, -1795, 56, 606, 0.37553795773289744, -1.1676504032376385, 0.6427195534243961, -0.87646484375, 0.02734375, 0.2958984375, 14.25, 29.75, -50.0
-12094, -5207, -7721, 5955, 241, 488, -864, -1799, 89, 619, 0.3436553367517096, -1.1856511152110134, 0.6825282725967106, -0.87841796875, 0.04345703125, 0.30224609375, 15.0625, 30.5, -54.0
-11977, -5182, -7839, 6058, 159, 473, -852, -1850, 40, 511, 0.3073987029651263, -1.2038037737815543, 0.724689506865821, -0.9033203125, 0.01953125, 0.24951171875, 9.9375, 29.5625, -53.25
-11864, -5144, -7961, 6154, 73, 460, -853, -1895, 3, 489, 0.26484485135125785, -1.2213401287891206, 0.7714232978294066, -0.92529296875, 0.00146484375, 0.23876953125, 4.5625, 28.75, -53.3125
-11745, -5095, -8100, 6241, 8, 466, -788, -2065, -219, 377, 0.21444614592784986, -1.2398031325567183, 0.8238529903931759, -1.00830078125, -0.10693359375, 0.18408203125, 0.5, 29.125, -49.25
-11630, -5048, -8214, 6345, 119, 371, -784, -1801, -307, 344, 0.1583695709545876, -1.2544679624063249, 0.8843508757053739, -0.87939453125, -0.14990234375, 0.16796875, 7.4375, 23.1875, -49.0
-11518, -5020, -8304, 6453, 238, 323, -732, -1589, -281, 308, 0.1053141481095184, -1.2662025261209962, 0.9443640289132661, -0.77587890625, -0.13720703125, 0.150390625, 14.875, 20.1875, -45.75
-11404, -4980, -8399, 6563, 208, 318, -742, -1662, -402, 312, 0.04291435621487823, -1.2769806809078608, 1.012945201589584, -0.8115234375, -0.1962890625, 0.15234375, 13.0, 19.875, -46.375
-11296, -4921, -8491, 6673, 106, 276, -843, -1816, -304, 397, -0.02829593640084258, -1.2844364012002416, 1.0884030440744143, -0.88671875, -0.1484375, 0.19384765625, 6.625, 17.25, -52.6875
-11225, -4868, -8571, 6730, -107, 181, -693, -1988, -4, 351, -0.0818371170392224, -1.2902694046256884, 1.1419710687186966, -0.970703125, -0.001953125, 0.17138671875, -6.6875, 11.3125, -43.3125
-11186, -4770, -8669, 6739, -481, 133, -477, -1933, -260, 324, -0.13853718409839066, -1.2942077908361047, 1.1892893357778354, -0.94384765625, -0.126953125, 0.158203125, -30.0625, 8.3125, -29.8125
-11155, -4681, -8749, 6749, -385, 92, -310, -1938, -475, 371, -0.18872966528686738, -1.296143367349278, 1.2313251757916202, -0.9462890625, -0.23193359375, 0.18115234375, -24.0625, 5.75, -19.375
-11129, -4626, -8798, 6767, -175, 22, -210, -1926, -423, 371, -0.22360795346187676, -1.2969665120667737, 1.2625274584799626, -0.9404296875, -0.20654296875, 0.18115234375, -10.9375, 1.375, -13.125
-11122, -4599, -8814, 6776, -87, -76, -107, -1962, -217, 381, -0.23774345408417077, -1.29627987800248, 1.2748980842907336, -0.9580078125, -0.10595703125, 0.18603515625, -5.4375, -4.75, -6.6875
-11134, -4578, -8818, 6766, -112, -124, 81, -1985, -304, 408, -0.2400817543907563, -1.295243634071495, 1.2742910002553085, -0.96923828125, -0.1484375, 0.19921875, -7.0, -7.75, 5.0625
-11159, -4575, -8802, 6748, -30, -178, 244, -2001, -324, 439, -0.22889720874422273, -1.2935851442225168, 1.2611749565876287, -0.97705078125, -0.158203125, 0.21435546875, -1.875, -11.125, 15.25
-11207, -4583, -8765, 6710, -50, -278, 403, -1963, -240, 417, -0.20198241283996166, -1.290543217658397, 1.231370816116098, -0.95849609375, -0.1171875, 0.20361328125, -3.125, -17.375, 25.1875
-11279, -4562, -8728, 6653, -250, -348, 487, -1869, -306, 485, -0.175791010414204, -1.2855444584507656, 1.197936807104498, -0.91259765625, -0.1494140625, 0.23681640625, -15.625, -21.75, 30.4375
-11361, -4520, -8691, 6590, -339, -403, 541, -1823, -426, 508, -0.15358799389192582, -1.2785105204922673, 1.1657823876013294, -0.89013671875, -0.2080078125, 0.248046875, -21.1875, -25.1875, 33.8125
-11458, -4476, -8643, 6514, -396, -465, 595, -1806, -340, 532, -0.12633165766277257, -1.2699168035086725, 1.1271847226934553, -0.8818359375, -0.166015625, 0.259765625, -24.75, -29.0625, 37.1875
-11576, -4418, -8596, 6407, -581, -524, 704, -1784, -276, 520, -0.09605286003397585, -1.2606345367773426, 1.0813690581386937, -0.87109375, -0.134765625, 0.25390625, -36.3125, -32.75, 44.0
-11711, -4358, -8541, 6275, -662, -578, 865, -1749, -313, 516, -0.06043779042366485, -1.2499891661313216, 1.0276539314551993, -0.85400390625, -0.15283203125, 0.251953125, -41.375, -36.125, 54.0625
-11848, -4315, -8469, 6142, -544, -612, 1007, -1716, -396, 534, -0.02033878630429233, -1.2377698015333785, 0.9710671984244333, -0.837890625, -0.193359375, 0.2607421875, -34.0, -38.25, 62.9375
-11981, -4313, -8371, 6020, -279, -660, 1102, -1716, -356, 508, 0.028112342495395005, -1.2246570033410733, 0.9117113041286304, -0.837890625, -0.173828125, 0.248046875, -17.4375, -41.25, 68.875
-12106, -4348, -8249, 5910, -36, -706, 1183, -1587, -333, 434, 0.08201522265565513, -1.2096375847914258, 0.851588736551428, -0.77490234375, -0.16259765625, 0.2119140625, -2.25, -44.125, 73.9375
-12228, -4412, -8109, 5805, 132, -713, 1237, -1542, -248, 457, 0.13945096482719882, -1.1933202585041807, 0.7917266072373095, -0.7529296875, -0.12109375, 0.22314453125, 8.25, -44.5625, 77.3125
-12355, -4503, -7948, 5688, 209, -773, 1323, -1597, -32, 450, 0.20254803607358157, -1.174406571202751, 0.7279547730298598, -0.77978515625, -0.015625, 0.2197265625, 13.0625, -48.3125, 82.6875
-12495, -4593, -7771, 5553, 166, -864, 1443, -1484, -3, 391, 0.263695745784021, -1.1517264421621467, 0.6647016017065706, -0.724609375, -0.00146484375, 0.19091796875, 10.375, -54.0, 90.1875
-12630, -4697, -7578, 5427, 307, -941, 1514, -1405, -87, 329, 0.3209943430540263, -1.1267389486432786, 0.6080503094422784, -0.68603515625, -0.04248046875, 0.16064453125, 19.1875, -58.8125, 94.625
-12758, -4836, -7341, 5330, 639, -1037, 1556, -1361, -67, 452, 0.3773827442710627, -1.0969952787833586, 0.5592911580321362, -0.66455078125, -0.03271484375, 0.220703125, 39.9375, -64.8125, 97.25
-12897, -5024, -7039, 5228, 875, -1173, 1664, -1461, 377, 567, 0.4402248067114416, -1.059419401933135, 0.5098531359211385, -0.71337890625, 0.18408203125, 0.27685546875, 54.6875, -73.3125, 104.0
-13061, -5165, -6731, 5087, 538, -1289, 1773, -1308, 453, 457, 0.49030660933888964, -1.0174420559212507, 0.4656609153983409, -0.638671875, 0.22119140625, 0.22314453125, 33.625, -80.5625, 110.8125
-13241, -5281, -6409, 4916, 364, -1366, 1915, -1073, 324, 440, 0.5321187434936662, -0.9714338728337332, 0.42535765290180344, -0.52392578125, 0.158203125, 0.21484375, 22.75, -85.375, 119.6875
-13415, -5423, -6047, 4746, 556, -1474, 2012, -981, 495, 637, 0.5732041425077437, -0.9209133448137625, 0.38992467571073314, -0.47900390625, 0.24169921875, 0.31103515625, 34.75, -92.125, 125.75
-13579, -5603, -5638, 4572, 809, -1593, 2161, -1088, 857, 830, 0.6161869996886777, -0.8652624018223539, 0.3579172246799506, -0.53125, 0.41845703125, 0.4052734375, 50.5625, -99.5625, 135.0625
-13740, -5779, -5203, 4381, 790, -1697, 2283, -991, 838, 649, 0.654660592035935, -0.8056319308393474, 0.3300060108576077, -0.48388671875, 0.4091796875, 0.31689453125, 49.375, -106.0625, 142.6875
-13887, -5954, -4753, 4191, 861, -1734, 2293, -653, 614, 590, 0.6891566812772724, -0.744617842033623, 0.3077840039715139, -0.31884765625, 0.2998046875, 0.2880859375, 53.8125, -108.375, 143.3125
-13997, -6191, -4256, 4013, 1310, -1781, 2338, -483, 1105, 1061, 0.7298089973433172, -0.6801968644448411, 0.2898143186041328, -0.23583984375, 0.53955078125, 0.51806640625, 81.875, -111.3125, 146.125
-14087, -6431, -3746, 3825, 1361, -1817, 2399, -598, 1284, 985, 0.7688778873120529, -0.6143653900072245, 0.2750892276977301, -0.2919921875, 0.626953125, 0.48095703125, 85.0625, -113.5625, 149.9375
-14179, -6596, -3271, 3635, 934, -1756, 2242, -389, 1092, 657, 0.7954415713723486, -0.5517669935674284, 0.26525565901446196, -0.18994140625, 0.533203125, 0.32080078125, 58.375, -109.75, 140.125
-14241, -6764, -2804, 3470, 1059, -1686, 2043, -2, 1164, 984, 0.821223934799158, -0.4919981708848738, 0.26032608709119925, -0.0009765625, 0.568359375, 0.48046875, 66.1875, -105.375, 127.6875
-14259, -6985, -2329, 3304, 1417, -1608, 2035, 62, 1760, 1271, 0.8545160862916087, -0.43275749226816096, 0.25592197385962684, 0.0302734375, 0.859375, 0.62060546875, 88.5625, -100.5, 127.1875
-14298, -7127, -1875, 3116, 916, -1598, 2080, -180, 1851, 1095, 0.8769279033620848, -0.37384897560289676, 0.2522871842383598, -0.087890625, 0.90380859375, 0.53466796875, 57.25, -99.875, 130.0
-14358, -7181, -1440, 2941, 443, -1642, 1955, -2, 1421, 876, 0.886984760764727, -0.3166615424702191, 0.25268068978801306, -0.0009765625, 0.69384765625, 0.427734375, 27.6875, -102.625, 122.1875
-14377, -7287, -991, 2768, 831, -1607, 1923, 300, 1921, 1436, 0.9049783273404958, -0.2593312843407492, 0.25380797768715657, 0.146484375, 0.93798828125, 0.701171875, 51.9375, -100.4375, 120.1875
-14375, -7410, -541, 2574, 936, -1572, 2046, 19, 2314, 1415, 0.9262471855042145, -0.2014086366175866, 0.2535920039670784, 0.00927734375, 1.1298828125, 0.69091796875, 58.5, -98.25, 127.875
-14409, -7433, -98, 2364, 326, -1612, 2151, -84, 2236, 1197, 0.9344850998568288, -0.1419154251988363, 0.25359113442659065, -0.041015625, 1.091796875, 0.58447265625, 20.375, -100.75, 134.4375
-14458, -7389, 346, 2173, -23, -1700, 2052, 324, 1826, 1031, 0.9343870281705212, -0.08245083082895378, 0.25679948545864156, 0.158203125, 0.8916015625, 0.50341796875, -1.4375, -106.25, 128.25
-14463, -7404, 795, 1959, 397, -1619, 2123, 575, 2040, 1277, 0.9434795028478625, -0.022400933852765616, 0.25786410427444356, 0.28076171875, 0.99609375, 0.62353515625, 24.8125, -101.1875, 132.6875
-14424, -7474, 1254, 1720, 782, -1592, 2248, 525, 2266, 1281, 0.9612233886554448, 0.038994418629305534, 0.25770997692423747, 0.25634765625, 1.1064453125, 0.62548828125, 48.875, -99.5, 140.5
-14377, -7525, 1728, 1464, 723, -1648, 2386, 589, 2016, 1014, 0.9778392366894207, 0.10320119800900132, 0.25790672261524256, 0.28759765625, 0.984375, 0.4951171875, 45.1875, -103.0, 149.125
-14306, -7579, 2218, 1198, 823, -1691, 2432, 956, 1767, 926, 0.9966174275151191, 0.1695751344939572, 0.2595215105860928, 0.466796875, 0.86279296875, 0.4521484375, 51.4375, -105.6875, 152.0
-14203, -7655, 2706, 904, 1065, -1624, 2519, 1211, 1783, 1115, 1.0198995557088182, 0.2370041915221315, 0.26010709185476044, 0.59130859375, 0.87060546875, 0.54443359375, 66.5625, -101.5, 157.4375
-14092, -7708, 3179, 599, 963, -1545, 2581, 1186, 1890, 1015, 1.0412023273435358, 0.3040371036421457, 0.26018040316950813, 0.5791015625, 0.9228515625, 0.49560546875, 60.1875, -96.5625, 161.3125
-14020, -7662, 3617, 313, 358, -1420, 2528, 1049, 1676, 874, 1.048888579130046, 0.36821799659268367, 0.2592533081815711, 0.51220703125, 0.818359375, 0.4267578125, 22.375, -88.75, 158.0
-13966, -7564, 4022, 73, 19, -1356, 2264, 1288, 1290, 790, 1.0495581750650878, 0.4272773208516315, 0.2603309324623419, 0.62890625, 0.6298828125, 0.3857421875, 1.1875, -84.75, 141.5
-13884, -7510, 4389, -137, 267, -1288, 1943, 1484, 1257, 878, 1.0566403665822288, 0.4798890772914057, 0.2639280150019484, 0.724609375, 0.61376953125, 0.4287109375, 16.6875, -80.5, 121.4375
-13772, -7509, 4721, -336, 572, -1202, 1742, 1548, 1418, 822, 1.0714312244294486, 0.5273173923005615, 0.2689724335596346, 0.755859375, 0.6923828125, 0.4013671875, 35.75, -75.125, 108.875
-13659, -7507, 5026, -522, 546, -1110, 1617, 1554, 1428, 740, 1.086197688533275, 0.5712447704064381, 0.2744458125064088, 0.7587890625, 0.697265625, 0.361328125, 34.125, -69.375, 101.0625
-13541, -7494, 5331, -709, 526, -1047, 1486, 1615, 1363, 737, 1.100701928188352, 0.6155680019446315, 0.2806294578398803, 0.78857421875, 0.66552734375, 0.35986328125, 32.875, -65.4375, 92.875
-13419, -7492, 5610, -882, 603, -1032, 1377, 1696, 1472, 845, 1.1170563030346314, 0.6562084064051212, 0.28789233871817355, 0.828125, 0.71875, 0.41259765625, 37.6875, -64.5, 86.0625
-13290, -7504, 5866, -1050, 631, -991, 1424, 1682, 1785, 846, 1.1356420316531333, 0.693906864705334, 0.2956562096867226, 0.8212890625, 0.87158203125, 0.4130859375, 39.4375, -61.9375, 89.0
-13201, -7450, 6104, -1190, 176, -908, 1458, 1608, 1835, 828, 1.1436709171688764, 0.7293870310047442, 0.3020119692728905, 0.78515625, 0.89599609375, 0.404296875, 11.0, -56.75, 91.125
-13153, -7321, 6339, -1290, -338, -866, 1333, 1665, 1568, 752, 1.1405525062628807, 0.7636604104583626, 0.30854197322393156, 0.81298828125, 0.765625, 0.3671875, -21.125, -54.125, 83.3125
-13113, -7177, 6565, -1370, -444, -811, 1126, 1828, 1303, 679, 1.1352554024804953, 0.796130379475742, 0.3157379752282609, 0.892578125, 0.63623046875, 0.33154296875, -27.75, -50.6875, 70.375
-13066, -7077, 6752, -1435, -203, -733, 810, 1944, 1184, 754, 1.1350215079540036, 0.8226728835097984, 0.323598515163043, 0.94921875, 0.578125, 0.3681640625, -12.6875, -45.8125, 50.625
-13003, -7050, 6888, -1491, 126, -608, 594, 1924, 1365, 721, 1.1434546976925655, 0.8414736208623539, 0.3322467534403982, 0.939453125, 0.66650390625, 0.35205078125, 7.875, -38.0, 37.125
-12957, -7041, 6976, -1521, 130, -485, 441, 1829, 1582, 803, 1.1510558467137544, 0.8529654936808868, 0.33963119079623794, 0.89306640625, 0.7724609375, 0.39208984375, 8.125, -30.3125, 27.5625
-12939, -7017, 7035, -1518, -70, -393, 319, 1742, 1669, 837, 1.1538019315367714, 0.859563470801674, 0.3461054856978436, 0.8505859375, 0.81494140625, 0.40869140625, -4.375, -24.5625, 19.9375
-12954, -6946, 7085, -1481, -427, -352, 257, 1760, 1693, 877, 1.1478893848308247, 0.8640085931894816, 0.3517060102981286, 0.859375, 0.82666015625, 0.42822265625, -26.6875, -22.0, 16.0625
-12995, -6828, 7139, -1415, -781, -317, 200, 1728, 1564, 819, 1.1348202708082245, 0.8682274715086397, 0.3575653779184063, 0.84375, 0.763671875, 0.39990234375, -48.8125, -19.8125, 12.5
-13040, -6709, 7178, -1363, -737, -211, 183, 1684, 1407, 812, 1.1192412353454566, 0.871839080718507, 0.35953049617505856, 0.822265625, 0.68701171875, 0.396484375, -46.0625, -13.1875, 11.4375
-13075, -6634, 7192, -1333, -446, -97, 119, 1672, 1370, 835, 1.1081176464087812, 0.8733809953361664, 0.35892557484246707, 0.81640625, 0.6689453125, 0.40771484375, -27.875, -6.0625, 7.4375
-13101, -6589, 7190, -1302, -311, -35, -9, 1665, 1334, 762, 1.1006611541776774, 0.8721816883887639, 0.35885200833899955, 0.81298828125, 0.6513671875, 0.3720703125, -19.4375, -2.1875, -0.5625
-13138, -6540, 7178, -1249, -404, 12, -139, 1727, 1346, 760, 1.0922522904657144, 0.8686899468350658, 0.3599532843431094, 0.84326171875, 0.6572265625, 0.37109375, -25.25, 0.75, -8.6875
-13203, -6438, 7168, -1137, -878, -18, -266, 1737, 1401, 747, 1.0767701542536166, 0.8627817812233227, 0.3647402785627508, 0.84814453125, 0.68408203125, 0.36474609375, -54.875, -1.125, -16.625
-13309, -6230, 7185, -944, -1663, -159, -354, 1704, 1399, 666, 1.0489180640196947, 0.8576095156128921, 0.3754093280866088, 0.83203125, 0.68310546875, 0.3251953125, -103.9375, -9.9375, -22.125
-13446, -5907, 7233, -672, -2463, -335, -378, 1696, 1322, 571, 1.0082940341688358, 0.8544055815917295, 0.39219579763930956, 0.828125, 0.6455078125, 0.27880859375, -153.9375, -20.9375, -23.625
-13583, -5507, 7314, -354, -2945, -559, -315, 1601, 1382, 556, 0.9614901674795282, 0.8552128648288073, 0.4145773178334953, 0.78173828125, 0.6748046875, 0.271484375, -184.0625, -34.9375, -19.6875
-13694, -5041, 7451, -20, -3280, -908, -72, 1376, 1614, 523, 0.9123506562247036, 0.8647971378741929, 0.44245411141865165, 0.671875, 0.7880859375, 0.25537109375, -205.0, -56.75, -4.5
-13775, -4480, 7652, 281, -3583, -1218, 424, 1142, 1270, 320, 0.854501373779221, 0.88823360676569, 0.4674390306941935, 0.5576171875, 0.6201171875, 0.15625, -223.9375, -76.125, 26.5
-13815, -3887, 7888, 497, -3446, -1330, 919, 1253, 929, 91, 0.7917804098128701, 0.9231677486952063, 0.48189283949863526, 0.61181640625, 0.45361328125, 0.04443359375, -215.375, -83.125, 57.4375
-13822, -3312, 8124, 661, -3161, -1330, 1076, 1522, 593, 27, 0.7291777265856014, 0.9619600281058223, 0.4887267390249254, 0.7431640625, 0.28955078125, 0.01318359375, -197.5625, -83.125, 67.25
-13795, -2789, 8351, 784, -2755, -1326, 1105, 1554, 511, 91, 0.6710893603005811, 1.0010370643844242, 0.49051169137936296, 0.7587890625, 0.24951171875, 0.04443359375, -172.1875, -82.875, 69.0625
-13739, -2316, 8576, 885, -2420, -1377, 1060, 1528, 400, 158, 0.6191103142296324, 1.040383795919272, 0.491015516973539, 0.74609375, 0.1953125, 0.0771484375, -151.25, -86.0625, 66.25
-13657, -1884, 8799, 971, -2163, -1426, 999, 1557, 366, 189, 0.5719236798018817, 1.079434480663411, 0.49065780140840454, 0.76025390625, 0.1787109375, 0.09228515625, -135.1875, -89.125, 62.4375
-13558, -1487, 9020, 1027, -1891, -1442, 1022, 1657, 250, 244, 0.5263150316203317, 1.119257954795248, 0.48556993317861974, 0.80908203125, 0.1220703125, 0.119140625, -118.1875, -90.125, 63.875
-13435, -1136, 9251, 1033, -1505, -1374, 1033, 1793, 183, 288, 0.4828121744054774, 1.1611670212894092, 0.47373156905709846, 0.87548828125, 0.08935546875, 0.140625, -94.0625, -85.875, 64.5625
-13305, -864, 9470, 991, -1003, -1325, 1046, 1835, 219, 300, 0.444935666843932, 1.200946101057593, 0.4560878251746859, 0.89599609375, 0.10693359375, 0.146484375, -62.6875, -82.8125, 65.375
-13168, -634, 9684, 924, -717, -1314, 999, 1978, 143, 314, 0.40780604640781165, 1.2398192041285188, 0.4331844268341462, 0.9658203125, 0.06982421875, 0.1533203125, -44.8125, -82.125, 62.4375
-13034, -426, 9882, 843, -549, -1250, 905, 2172, -49, 362, 0.36453271018861133, 1.2763878525798882, 0.4009206375654986, 1.060546875, -0.02392578125, 0.1767578125, -34.3125, -78.125, 56.5625
-12908, -243, 10058, 774, -469, -1175, 726, 2297, -157, 436, 0.31965145559961283, 1.3088879218014844, 0.36588705331883603, 1.12158203125, -0.07666015625, 0.212890625, -29.3125, -73.4375, 45.375
-12792, -82, 10210, 741, -512, -1073, 520, 2328, -146, 469, 0.2799211296433411, 1.3363374748081818, 0.33720457429609, 1.13671875, -0.0712890625, 0.22900390625, -32.0, -67.0625, 32.5
-12688, 76, 10338, 760, -688, -955, 283, 2316, -175, 464, 0.24698015001807236, 1.359272651653228, 0.3195711137332941, 1.130859375, -0.08544921875, 0.2265625, -43.0, -59.6875, 17.6875
-12602, 213, 10438, 781, -589, -790, 96, 2349, -404, 482, 0.21349767284332047, 1.3770321637791343, 0.29970003936203315, 1.14697265625, -0.197265625, 0.2353515625, -36.8125, -49.375, 6.0
-12545, 256, 10508, 760, -35, -581, -106, 2392, -516, 544, 0.19851890803733085, 1.3894758344297728, 0.2866115030232703, 1.16796875, -0.251953125, 0.265625, -2.1875, -36.3125, -6.625
-12521, 189, 10542, 698, 578, -337, -291, 2396, -480, 640, 0.21328828580663936, 1.3941159305853517, 0.2901648860295879, 1.169921875, -0.234375, 0.3125, 36.125, -21.0625, -18.1875
-12527, 32, 10542, 615, 1024, -83, -500, 2363, -421, 668, 0.25764814530410335, 1.3920511810579037, 0.3137297394861084, 1.15380859375, -0.20556640625, 0.326171875, 64.0, -5.1875, -31.25
-12563, -188, 10502, 541, 1257, 196, -737, 2401, -345, 716, 0.3247600078478808, 1.382084386956796, 0.355374516376362, 1.17236328125, -0.16845703125, 0.349609375, 78.5625, 12.25, -46.0625
-12623, -474, 10422, 489, 1452, 470, -1046, 2414, -249, 738, 0.411686192210971, 1.3628084953506945, 0.4129877032548729, 1.1787109375, -0.12158203125, 0.3603515625, 90.75, 29.375, -65.375
-12707, -830, 10299, 482, 1566, 779, -1393, 2419, 7, 716, 0.5141858250178113, 1.3339052596025913, 0.4839254619628095, 1.18115234375, 0.00341796875, 0.349609375, 97.875, 48.6875, -87.0625
-12804, -1248, 10133, 520, 1635, 1102, -1692, 2449, 246, 715, 0.6165394905837174, 1.2935947817717224, 0.5530735345307612, 1.19580078125, 0.1201171875, 0.34912109375, 102.1875, 68.875, -105.75
-12922, -1703, 9911, 577, 1703, 1419, -1902, 2400, 509, 766, 0.697410246297818, 1.2433733058430536, 0.5988575521363203, 1.171875, 0.24853515625, 0.3740234375, 106.4375, 88.6875, -118.875
-13057, -2184, 9631, 657, 1721, 1730, -2103, 2361, 772, 746, 0.7595754818775377, 1.184297295448197, 0.6251619610812975, 1.15283203125, 0.376953125, 0.3642578125, 107.5625, 108.125, -131.4375
-13209, -2653, 9292, 770, 1524, 2037, -2247, 2209, 946, 747, 0.8017782184201635, 1.1180506829403216, 0.634781132560655, 1.07861328125, 0.4619140625, 0.36474609375, 95.25, 127.3125, -140.4375
-13372, -3115, 8896, 892, 1433, 2303, -2301, 1955, 1140, 849, 0.8297363619540357, 1.0463453852495885, 0.6307230710255588, 0.95458984375, 0.556640625, 0.41455078125, 89.5625, 143.9375, -143.8125
-13537, -3557, 8456, 1013, 1331, 2500, -2264, 1720, 1309, 931, 0.8476474941605392, 0.9719976178785347, 0.6173278642528855, 0.83984375, 0.63916015625, 0.45458984375, 83.1875, 156.25, -141.5
-13699, -3967, 7985, 1136, 1166, 2615, -2219, 1489, 1412, 979, 0.8588633435975774, 0.8969332639199523, 0.5992005057016082, 0.72705078125, 0.689453125, 0.47802734375, 72.875, 163.4375, -138.6875
-13858, -4340, 7482, 1267, 959, 2737, -2188, 1319, 1551, 1029, 0.8644548501168616, 0.8205904036145536, 0.5783824378011686, 0.64404296875, 0.75732421875, 0.50244140625, 59.9375, 171.0625, -136.75
-14007, -4680, 6957, 1395, 818, 2801, -2136, 1147, 1543, 1059, 0.8667161172516296, 0.7442123718776025, 0.5558390863617222, 0.56005859375, 0.75341796875, 0.51708984375, 51.125, 175.0625, -133.5
-14139, -4997, 6423, 1516, 746, 2792, -2066, 924, 1601, 1146, 0.8687524981252558, 0.6689739865610239, 0.5333480194610768, 0.451171875, 0.78173828125, 0.5595703125, 46.625, 174.5, -129.125
-14249, -5285, 5898, 1643, 636, 2684, -2035, 847, 1613, 1187, 0.8714254643086735, 0.5961442392706301, 0.5137262844627656, 0.41357421875, 0.78759765625, 0.57958984375, 39.75, 167.75, -127.1875
-14337, -5539, 5392, 1775, 497, 2528, -1977, 860, 1781, 1141, 0.8740011066798141, 0.5267376164642834, 0.49693820672066435, 0.419921875, 0.86962890625, 0.55712890625, 31.0625, 158.0, -123.5625
-14414, -5733, 4906, 1935, 175, 2339, -1975, 849, 1903, 1110, 0.8728139982269201, 0.46029954740276646, 0.4845863400039045, 0.41455078125, 0.92919921875, 0.5419921875, 10.9375, 146.1875, -123.4375
-14491, -5854, 4439, 2118, -241, 2158, -1937, 765, 2037, 1052, 0.8654010495924591, 0.39725073948117684, 0.4756752905380252, 0.37353515625, 0.99462890625, 0.513671875, -15.0625, 134.875, -121.0625
-14566, -5907, 3994, 2328, -604, 1956, -1935, 739, 2038, 960, 0.8522570545730792, 0.3373555354456356, 0.4712687415027664, 0.36083984375, 0.9951171875, 0.46875, -37.75, 122.25, -120.9375
-14625, -5935, 3565, 2571, -741, 1783, -2058, 737, 2024, 890, 0.8384662646689452, 0.27835230715475595, 0.472726489172378, 0.35986328125, 0.98828125, 0.4345703125, -46.3125, 111.4375, -128.625
-14663, -5957, 3153, 2832, -748, 1626, -2131, 591, 1982, 821, 0.8258279925541211, 0.22054919624902736, 0.47853611887036335, 0.28857421875, 0.9677734375, 0.40087890625, -46.75, 101.625, -133.1875
-14671, -5988, 2763, 3120, -648, 1424, -2257, 419, 2052, 897, 0.816067799540221, 0.16354874593337984, 0.4899494143254022, 0.20458984375, 1.001953125, 0.43798828125, -40.5, 89.0, -141.0625
-14659, -6004, 2394, 3434, -697, 1229, -2354, 276, 2091, 868, 0.8055105387942163, 0.10806413766800053, 0.5063287897389079, 0.134765625, 1.02099609375, 0.423828125, -43.5625, 76.8125, -147.125
-14638, -5989, 2041, 3764, -830, 1069, -2389, 165, 2064, 862, 0.7915467701710129, 0.05466651850340133, 0.5262812507246227, 0.08056640625, 1.0078125, 0.4208984375, -51.875, 66.8125, -149.3125
-14606, -5939, 1709, 4112, -973, 867, -2433, 84, 2054, 860, 0.7735288025192093, 0.004026945388185288, 0.5504918586388825, 0.041015625, 1.0029296875, 0.419921875, -60.8125, 54.1875, -152.0625
-14566, -5855, 1401, 4477, -1097, 673, -2472, 85, 1924, 815, 0.7515500115944933, -0.04327059656641124, 0.5793604251874099, 0.04150390625, 0.939453125, 0.39794921875, -68.5625, 42.0625, -154.5
-14506, -5759, 1124, 4857, -1071, 458, -2512, -2, 1868, 869, 0.7283116443527896, -0.08703366656358456, 0.6130175886877591, -0.0009765625, 0.912109375, 0.42431640625, -66.9375, 28.625, -157.0
-14421, -5672, 884, 5246, -921, 252, -2534, -77, 1779, 836, 0.7065451397647844, -0.12705468949079884, 0.650890883268217, -0.03759765625, 0.86865234375, 0.408203125, -57.5625, 15.75, -158.375
-14313, -5584, 676, 5651, -834, 62, -2596, -94, 1789, 829, 0.6846484067920806, -0.16374646610865154, 0.6935881934135644, -0.0458984375, 0.87353515625, 0.40478515625, -52.125, 3.875, -162.25
-14185, -5493, 499, 6068, -764, -120, -2642, -103, 1822, 853, 0.6623394818652012, -0.19687091297355092, 0.7406208934559678, -0.05029296875, 0.8896484375, 0.41650390625, -47.75, -7.5, -165.125
-14046, -5375, 344, 6493, -835, -302, -2665, -151, 1837, 817, 0.6363105070691355, -0.22594191618100185, 0.7913948203888979, -0.07373046875, 0.89697265625, 0.39892578125, -52.1875, -18.875, -166.5625
-13899, -5216, 202, 6929, -977, -477, -2703, -185, 1687, 862, 0.6045360143059283, -0.2509849251955891, 0.846316445732306, -0.09033203125, 0.82373046875, 0.4208984375, -61.0625, -29.8125, -168.9375
-13730, -5040, 87, 7384, -950, -685, -2803, -195, 1611, 896, 0.5706429667429531, -0.27170704348758073, 0.906744928865318, -0.09521484375, 0.78662109375, 0.4375, -59.375, -42.8125, -175.1875
-13538, -4855, 3, 7848, -873, -858, -2849, -198, 1549, 902, 0.5361723900293439, -0.28752502495462406, 0.9712471330623325, -0.0966796875, 0.75634765625, 0.4404296875, -54.5625, -53.625, -178.0625
-13325, -4664, -68, 8315, -833, -937, -2897, -162, 1485, 946, 0.5009930562462817, -0.3001810121188307, 1.0384974201370567, -0.0791015625, 0.72509765625, 0.4619140625, -52.0625, -58.5625, -181.0625
-13092, -4466, -135, 8779, -816, -973, -2936, -195, 1424, 1006, 0.46474304356687635, -0.3102359414675087, 1.1074091657840874, -0.09521484375, 0.6953125, 0.4912109375, -51.0, -60.8125, -183.5
-12841, -4261, -197, 9238, -800, -1005, -2959, -256, 1372, 1078, 0.42775538416345893, -0.31742963805821706, 1.1777362441674226, -0.125, 0.669921875, 0.5263671875, -50.0, -62.8125, -184.9375
-12572, -4058, -248, 9688, -726, -1036, -2957, -275, 1289, 1153, 0.39172850841319684, -0.32165935752114705, 1.2487838025827098, -0.13427734375, 0.62939453125, 0.56298828125, -45.375, -64.75, -184.8125
-12280, -3865, -279, 10130, -575, -1067, -2963, -259, 1197, 1261, 0.3582947751660157, -0.32281253154061534, 1.3205320647911907, -0.12646484375, 0.58447265625, 0.61572265625, -35.9375, -66.6875, -185.1875
-11968, -3684, -284, 10562, -410, -1124, -2955, -264, 1155, 1337, 0.3284693933219211, -0.3206979456341334, 1.3925761235168916, -0.12890625, 0.56396484375, 0.65283203125, -25.625, -70.25, -184.6875
-11641, -3501, -257, 10982, -284, -1237, -2921, -246, 1110, 1361, 0.3016936804371766, -0.31387850825207614, 1.464477669674067, -0.1201171875, 0.5419921875, 0.66455078125, -17.75, -77.3125, -182.5625
-11306, -3301, -211, 11387, -269, -1352, -2871, -181, 1098, 1420, 0.2760225079621425, -0.30241858613252826, 1.5355932482260715, -0.08837890625, 0.5361328125, 0.693359375, -16.8125, -84.5, -179.4375
-10973, -3073, -166, 11772, -382, -1431, -2785, -133, 1012, 1425, 0.24934349799531988, -0.2870235234082527, 1.604901504230085, -0.06494140625, 0.494140625, 0.69580078125, -23.875, -89.4375, -174.0625
-10643, -2825, -128, 12131, -498, -1459, -2683, -86, 1002, 1418, 0.2221742763016253, -0.268703736179001, 1.6711182449988384, -0.0419921875, 0.4892578125, 0.6923828125, -31.125, -91.1875, -167.6875
-10316, -2550, -99, 12470, -637, -1508, -2605, 12, 959, 1374, 0.1938556670919681, -0.24703128236397937, 1.7351488763226046, 0.005859375, 0.46826171875, 0.6708984375, -39.8125, -94.25, -162.8125
-9987, -2254, -73, 12791, -704, -1562, -2553, 128, 807, 1382, 0.16556286642818357, -0.22205937906300743, 1.7972672123752234, 0.0625, 0.39404296875, 0.6748046875, -44.0, -97.625, -159.5625
-9653, -1975, -29, 13090, -552, -1530, -2471, 190, 613, 1393, 0.1424118182999734, -0.19595535042968373, 1.8567312312444795, 0.0927734375, 0.29931640625, 0.68017578125, -34.5, -95.625, -154.4375
-9320, -1727, 40, 13364, -334, -1458, -2369, 219, 586, 1387, 0.12605026034779956, -0.16999665482698859, 1.9129138072461207, 0.10693359375, 0.2861328125, 0.67724609375, -20.875, -91.125, -148.0625
-8994, -1490, 102, 13613, -338, -1377, -2260, 191, 587, 1359, 0.11158768871282303, -0.14479321306534335, 1.9657848483094484, 0.09326171875, 0.28662109375, 0.66357421875, -21.125, -86.0625, -141.25
-8678, -1254, 152, 13839, -392, -1322, -2141, 232, 534, 1435, 0.09760421850599617, -0.11975647739935728, 2.015517139916729, 0.11328125, 0.2607421875, 0.70068359375, -24.5, -82.625, -133.8125
-8364, -1024, 203, 14049, -346, -1288, -2082, 278, 359, 1582, 0.08554791992275418, -0.09467646002678014, 2.063509159306407, 0.1357421875, 0.17529296875, 0.7724609375, -21.625, -80.5, -130.125
-8039, -808, 299, 14250, -75, -1356, -2094, 235, 296, 1648, 0.08041229404466353, -0.06792954554398983, 2.111572951597671, 0.11474609375, 0.14453125, 0.8046875, -4.6875, -84.75, -130.875
-7718, -599, 453, 14432, 219, -1483, -2003, 253, 323, 1639, 0.08331189261709772, -0.038368832041583666, 2.15775504724653, 0.12353515625, 0.15771484375, 0.80029296875, 13.6875, -92.6875, -125.1875
-7407, -386, 621, 14596, 270, -1521, -1903, 378, 389, 1585, 0.08895479607244276, -0.007706278841518615, 2.20205989764308, 0.1845703125, 0.18994140625, 0.77392578125, 16.875, -95.0625, -118.9375
-7114, -167, 760, 14738, 120, -1469, -1766, 464, 389, 1609, 0.09245856055055465, 0.021946657133235247, 2.24315159762115, 0.2265625, 0.18994140625, 0.78564453125, 7.5, -91.8125, -110.375
-6833, 55, 874, 14865, -21, -1418, -1662, 495, 431, 1690, 0.09425801222600912, 0.05060818876859121, 2.2822174448622348, 0.24169921875, 0.21044921875, 0.8251953125, -1.3125, -88.625, -103.875
-6557, 295, 970, 14980, -130, -1470, -1605, 554, 315, 1676, 0.0942934840595714, 0.08039930348282165, 2.32016813062885, 0.2705078125, 0.15380859375, 0.818359375, -8.125, -91.875, -100.3125
-6273, 541, 1104, 15085, 65, -1576, -1623, 680, 199, 1710, 0.0995904914492131, 0.11264031038858033, 2.3589908882593527, 0.33203125, 0.09716796875, 0.8349609375, 4.0625, -98.5, -101.4375
-5985, 780, 1287, 15177, 346, -1647, -1638, 766, 191, 1608, 0.11217707154098477, 0.14610927025079123, 2.3985414510116065, 0.3740234375, 0.09326171875, 0.78515625, 21.625, -102.9375, -102.375
-5697, 1021, 1464, 15257, 295, -1651, -1603, 778, 315, 1568, 0.12541145813020504, 0.17915842701720122, 2.4380909560153183, 0.3798828125, 0.15380859375, 0.765625, 18.4375, -103.1875, -100.1875
-5413, 1281, 1588, 15328, -28, -1651, -1533, 797, 454, 1550, 0.1330511794802398, 0.21192009862971445, 2.476762328333793, 0.38916015625, 0.2216796875, 0.7568359375, -1.75, -103.1875, -95.8125
-5131, 1576, 1636, 15393, -475, -1695, -1462, 869, 403, 1511, 0.13170509311059359, 0.24575520120618544, 2.514372680978691, 0.42431640625, 0.19677734375, 0.73779296875, -29.6875, -105.9375, -91.375
-4848, 1890, 1659, 15446, -617, -1757, -1422, 951, 238, 1473, 0.12801424348573462, 0.2811161105998683, 2.551410444365816, 0.46435546875, 0.1162109375, 0.71923828125, -38.5625, -109.8125, -88.875
-4581, 2196, 1724, 15480, -351, -1769, -1349, 1061, 128, 1289, 0.13077313042989083, 0.31742123888152296, 2.58706777812082, 0.51806640625, 0.0625, 0.62939453125, -21.9375, -110.5625, -84.3125
-4331, 2482, 1839, 15496, -27, -1744, -1277, 1178, 133, 1271, 0.14140038880735697, 0.35319678530528775, 2.621776137371143, 0.5751953125, 0.06494140625, 0.62060546875, -1.6875, -109.0, -79.8125
-4103, 2759, 1980, 15494, 151, -1732, -1170, 1251, 156, 1301, 0.156495215607445, 0.3887425487047568, 2.6547128096804324, 0.61083984375, 0.076171875, 0.63525390625, 9.4375, -108.25, -73.125
-3895, 3035, 2126, 15476, 213, -1734, -1044, 1359, 154, 1376, 0.1732093572267108, 0.4242614061446867, 2.685827678319787, 0.66357421875, 0.0751953125, 0.671875, 13.3125, -108.375, -65.25
-3707, 3317, 2276, 15443, 268, -1772, -932, 1491, 79, 1423, 0.19123878787479467, 0.4606308392419667, 2.7153567030757713, 0.72802734375, 0.03857421875, 0.69482421875, 16.75, -110.75, -58.25
-3537, 3603, 2429, 15396, 334, -1795, -831, 1643, -36, 1499, 0.21058096855757724, 0.4975883725733246, 2.7436368593398592, 0.80224609375, -0.017578125, 0.73193359375, 20.875, -112.1875, -51.9375
-3383, 3884, 2589, 15336, 404, -1779, -744, 1762, -3, 1533, 0.23202904779794858, 0.5340813869413323, 2.771095094854675, 0.8603515625, -0.00146484375, 0.74853515625, 25.25, -111.1875, -46.5
-3241, 4168, 2712, 15270, 225, -1749, -633, 1849, 51, 1513, 0.24953884418819441, 0.5700598646929013, 2.7967466324324084, 0.90283203125, 0.02490234375, 0.73876953125, 14.0625, -109.3125, -39.5625
-3101, 4447, 2778, 15209, -54, -1658, -553, 1925, -51, 1578, 0.26060722346436677, 0.6041944526216745, 2.8209450595000827, 0.93994140625, -0.02490234375, 0.7705078125, -3.375, -103.625, -34.5625
-2990, 4746, 2797, 15137, -86, -1517, -497, 1932, -85, 1669, 0.264633591727543, 0.6404553879247806, 2.839766824700251, 0.943359375, -0.04150390625, 0.81494140625, -5.375, -94.8125, -31.0625
-2900, 5012, 2826, 15063, 37, -1386, -427, 1908, -89, 1646, 0.27045798659002085, 0.6732724863312084, 2.8563444952323693, 0.931640625, -0.04345703125, 0.8037109375, 2.3125, -86.625, -26.6875
-2844, 5226, 2895, 14988, 300, -1179, -331, 1882, 42, 1661, 0.28183685631340866, 0.7009280656425314, 2.870164771199864, 0.9189453125, 0.0205078125, 0.81103515625, 18.75, -73.6875, -20.6875
-2817, 5377, 2996, 14919, 475, -945, -202, 1761, 311, 1705, 0.29764942501937824, 0.7215677145913865, 2.8813608149639216, 0.85986328125, 0.15185546875, 0.83251953125, 29.6875, -59.0625, -12.625
-2823, 5483, 3087, 14861, 499, -767, -24, 1596, 402, 1783, 0.31082836148101856, 0.7369378808178406, 2.8869842098931566, 0.779296875, 0.1962890625, 0.87060546875, 31.1875, -47.9375, -1.5
-2869, 5545, 3174, 14811, 592, -570, 152, 1472, 416, 1844, 0.32145533205058396, 0.7474085212991631, 2.8858957220615284, 0.71875, 0.203125, 0.900390625, 37.0, -35.625, 9.5
-2945, 5570, 3277, 14764, 735, -412, 285, 1370, 529, 1841, 0.33299929407696266, 0.7540628581874379, 2.880713935861283, 0.6689453125, 0.25830078125, 0.89892578125, 45.9375, -25.75, 17.8125
-3040, 5574, 3382, 14720, 739, -293, 407, 1346, 707, 1837, 0.3438398034061178, 0.7586141623408263, 2.872479879880008, 0.6572265625, 0.34521484375, 0.89697265625, 46.1875, -18.3125, 25.4375
-3131, 5566, 3463, 14685, 579, -185, 446, 1347, 788, 1788, 0.3511598505156753, 0.761171345423935, 2.863182717766749, 0.65771484375, 0.384765625, 0.873046875, 36.1875, -11.5625, 27.875
-3214, 5544, 3521, 14661, 420, -73, 449, 1298, 854, 1738, 0.35536219226652954, 0.7613536566039487, 2.853462718172668, 0.6337890625, 0.4169921875, 0.8486328125, 26.25, -4.5625, 28.0625
-3284, 5518, 3551, 14648, 222, 25, 433, 1314, 884, 1630, 0.35596919455572845, 0.7602434023846386, 2.843999702108586, 0.6416015625, 0.431640625, 0.7958984375, 13.875, 1.5625, 27.0625
-3340, 5492, 3552, 14645, 52, 103, 376, 1344, 827, 1568, 0.3528721558672217, 0.7582391284802559, 2.834952551893939, 0.65625, 0.40380859375, 0.765625, 3.25, 6.4375, 23.5
-3384, 5459, 3540, 14650, -24, 184, 292, 1355, 746, 1500, 0.34852927834052294, 0.7547526744518744, 2.8269090656631075, 0.66162109375, 0.3642578125, 0.732421875, -1.5, 11.5, 18.25
-3419, 5409, 3528, 14664, -7, 276, 194, 1369, 698, 1533, 0.34494591973066896, 0.7488988181903353, 2.820170757942158, 0.66845703125, 0.3408203125, 0.74853515625, -0.4375, 17.25, 12.125
-3447, 5340, 3530, 14682, 73, 361, 97, 1352, 660, 1518, 0.3441652664393516, 0.7406903057744401, 2.815142900926556, 0.66015625, 0.322265625, 0.7412109375, 4.5625, 22.5625, 6.0625
-3471, 5254, 3541, 14705, 118, 451, 32, 1339, 686, 1509, 0.3452444398745941, 0.7304515579327391, 2.8111366786879013, 0.65380859375, 0.3349609375, 0.73681640625, 7.375, 28.1875, 2.0
-3487, 5156, 3537, 14736, 46, 544, -19, 1344, 650, 1534, 0.3446057227924172, 0.7181306990935635, 2.807320186619323, 0.65625, 0.3173828125, 0.7490234375, 2.875, 34.0, -1.1875
-3500, 5046, 3517, 14776, -1, 619, -64, 1315, 578, 1572, 0.34194242049297563, 0.703939722958028, 2.803066694241342, 0.64208984375, 0.2822265625, 0.767578125, -0.0625, 38.6875, -4.0
-3508, 4930, 3493, 14819, -25, 661, -90, 1305, 577, 1599, 0.33912712737851464, 0.6888079037529771, 2.799365154385815, 0.63720703125, 0.28173828125, 0.78076171875, -1.5625, 41.3125, -5.625
-3516, 4816, 3455, 14864, -81, 684, -93, 1326, 524, 1634, 0.3343503222827829, 0.67366946350621, 2.795088591865336, 0.6474609375, 0.255859375, 0.7978515625, -5.0625, 42.75, -5.8125
-3517, 4700, 3407, 14911, -146, 710, -115, 1328, 537, 1675, 0.32858586333134404, 0.6578605898517902, 2.791366306948177, 0.6484375, 0.26220703125, 0.81787109375, -9.125, 44.375, -7.1875
-3522, 4585, 3335, 14962, -254, 757, -73, 1299, 488, 1651, 0.31932805525457747, 0.6417886039732941, 2.78615004200748, 0.63427734375, 0.23828125, 0.80615234375, -15.875, 47.3125, -4.5625
-3534, 4472, 3248, 15013, -324, 796, -15, 1301, 473, 1660, 0.30781140188815553, 0.6257916347669863, 2.7795065679105333, 0.63525390625, 0.23095703125, 0.810546875, -20.25, 49.75, -0.9375
-3561, 4360, 3149, 15060, -344, 835, 62, 1318, 410, 1668, 0.29415919369876686, 0.6098747461635482, 2.7703869838498414, 0.6435546875, 0.2001953125, 0.814453125, -21.5, 52.1875, 3.875
-3603, 4244, 3049, 15104, -299, 880, 133, 1299, 354, 1694, 0.28016060727564457, 0.5937114413907534, 2.759450567384712, 0.63427734375, 0.1728515625, 0.8271484375, -18.6875, 55.0, 8.3125
-3661, 4123, 2952, 15143, -248, 904, 205, 1256, 315, 1702, 0.26638717232006826, 0.5772175327698282, 2.746682521271603, 0.61328125, 0.15380859375, 0.8310546875, -15.5, 56.5, 12.8125
-3728, 4000, 2856, 15178, -257, 911, 284, 1193, 376, 1706, 0.25283989351715974, 0.5605678576097062, 2.7330215692083124, 0.58251953125, 0.18359375, 0.8330078125, -16.0625, 56.9375, 17.75
-3805, 3883, 2737, 15211, -360, 914, 378, 1146, 340, 1714, 0.2360696713790962, 0.5441089155577499, 2.717479888706093, 0.5595703125, 0.166015625, 0.8369140625, -22.5, 57.125, 23.625
-3890, 3774, 2604, 15240, -450, 894, 459, 1121, 355, 1759, 0.21740506953432354, 0.5282201899954054, 2.7007451742215074, 0.54736328125, 0.17333984375, 0.85888671875, -28.125, 55.875, 28.6875
-3989, 3678, 2453, 15263, -549, 871, 582, 1107, 329, 1715, 0.1960035050880137, 0.5134205371871629, 2.681903654555685, 0.54052734375, 0.16064453125, 0.83740234375, -34.3125, 54.4375, 36.375
-4105, 3595, 2292, 15277, -579, 849, 693, 1098, 263, 1682, 0.1728303332544835, 0.49984776953178817, 2.660771893756595, 0.5361328125, 0.12841796875, 0.8212890625, -36.1875, 53.0625, 43.3125
-4239, 3510, 2136, 15283, -499, 854, 785, 1061, 180, 1665, 0.15026768206269592, 0.48604802585786133, 2.637759169625259, 0.51806640625, 0.087890625, 0.81298828125, -31.1875, 53.375, 49.0625
-4390, 3417, 2006, 15279, -357, 860, 864, 1038, 201, 1677, 0.1312801879327268, 0.4719172522735984, 2.6135997104364113, 0.5068359375, 0.09814453125, 0.81884765625, -22.3125, 53.75, 54.0
-4550, 3326, 1868, 15270, -385, 887, 931, 1063, 184, 1726, 0.11143998284198375, 0.4575213010890536, 2.5883624279587587, 0.51904296875, 0.08984375, 0.8427734375, -24.0625, 55.4375, 58.1875
-4711, 3238, 1710, 15258, -506, 934, 975, 1112, 176, 1733, 0.08946382955069407, 0.44241080620928064, 2.5627280914862154, 0.54296875, 0.0859375, 0.84619140625, -31.625, 58.375, 60.9375
-4879, 3149, 1513, 15245, -648, 1025, 1028, 1121, 12, 1750, 0.06303877335646936, 0.4253899135668546, 2.535699408049806, 0.54736328125, 0.005859375, 0.8544921875, -40.5, 64.0625, 64.25
-5055, 3033, 1305, 15231, -597, 1185, 1051, 1104, -131, 1852, 0.03683705592452431, 0.404255104852326, 2.5082494318338564, 0.5390625, -0.06396484375, 0.904296875, -37.3125, 74.0625, 65.6875
-5246, 2882, 1113, 15210, -403, 1378, 1105, 1153, -221, 1917, 0.014515014425840848, 0.37911695762827313, 2.4800570324840128, 0.56298828125, -0.10791015625, 0.93603515625, -25.1875, 86.125, 69.0625
-5449, 2702, 941, 15183, -229, 1577, 1150, 1265, -277, 1977, -0.0034594006889907916, 0.3510234294874266, 2.451750916490169, 0.61767578125, -0.13525390625, 0.96533203125, -14.3125, 98.5625, 71.875
-5658, 2446, 785, 15160, -89, 1747, 1172, 1276, -378, 1985, -0.015191508473649565, 0.31453007974774, 2.424772793714548, 0.623046875, -0.1845703125, 0.96923828125, -5.5625, 109.1875, 73.25
-5871, 2157, 654, 15129, 101, 1863, 1185, 1198, -312, 1939, -0.021441947616525545, 0.27520495405260803, 2.398277017499398, 0.5849609375, -0.15234375, 0.94677734375, 6.3125, 116.4375, 74.0625
-6095, 1848, 533, 15086, 188, 1948, 1264, 1125, -205, 1844, -0.024686664598225116, 0.23404940884279474, 2.370761767382718, 0.54931640625, -0.10009765625, 0.900390625, 11.75, 121.75, 79.0
-6332, 1529, 403, 15028, 166, 2018, 1363, 1036, -165, 1719, -0.027516689587735992, 0.19137645676362525, 2.341406244701479, 0.505859375, -0.08056640625, 0.83935546875, 10.375, 126.125, 85.1875
-6581, 1206, 265, 14953, 140, 2029, 1469, 877, -131, 1739, -0.029940926585259785, 0.1478907548286821, 2.310147184288188, 0.42822265625, -0.06396484375, 0.84912109375, 8.75, 126.8125, 91.8125
-6845, 894, 135, 14858, 152, 1943, 1588, 722, -37, 1746, -0.03082675150644164, 0.10605001680570063, 2.2765217810111995, 0.3525390625, -0.01806640625, 0.8525390625, 9.5, 121.4375, 99.25
-7126, 603, 7, 14740, 105, 1814, 1732, 572, 41, 1713, -0.03132087460838407, 0.06664336934321843, 2.239842588829844, 0.279296875, 0.02001953125, 0.83642578125, 6.5625, 113.375, 108.25
-7430, 347, -127, 14597, -14, 1644, 1910, 485, 150, 1663, -0.03304278461170197, 0.030712761204270127, 2.1993627802394653, 0.23681640625, 0.0732421875, 0.81201171875, -0.875, 102.75, 119.375
-7759, 126, -274, 14427, -178, 1501, 2100, 453, 178, 1583, -0.0367444361997016, -0.002296002736348838, 2.154748211516776, 0.22119140625, 0.0869140625, 0.77294921875, -11.125, 93.8125, 131.25
-8110, -64, -427, 14229, -287, 1357, 2280, 389, 178, 1559, -0.041434817771225846, -0.0325918226925232, 2.1061472202749325, 0.18994140625, 0.0869140625, 0.76123046875, -17.9375, 84.8125, 142.5
-8478, -228, -570, 14006, -316, 1195, 2428, 289, 178, 1563, -0.04517544351577208, -0.05983277180882838, 2.0542660060379814, 0.14111328125, 0.0869140625, 0.76318359375, -19.75, 74.6875, 151.75
-8863, -377, -685, 13758, -235, 1041, 2580, 241, 191, 1493, -0.04549694082495637, -0.0839767148401529, 1.9989584188153002, 0.11767578125, 0.09326171875, 0.72900390625, -14.6875, 65.0625, 161.25
-9257, -517, -777, 13486, -157, 929, 2700, 242, 174, 1465, -0.04266545706107583, -0.10573401106713186, 1.9407488682277563, 0.1181640625, 0.0849609375, 0.71533203125, -9.8125, 58.0625, 168.75
-9656, -655, -852, 13192, -95, 880, 2787, 234, 218, 1498, -0.0369199407712894, -0.12600713775653788, 1.880165888956222, 0.1142578125, 0.1064453125, 0.7314453125, -5.9375, 55.0, 174.1875
-10062, -796, -916, 12873, -58, 841, 2901, 122, 318, 1517, -0.028485376760204514, -0.145529007551302, 1.8167664176376666, 0.0595703125, 0.1552734375, 0.74072265625, -3.625, 52.5625, 181.3125
-10472, -929, -970, 12529, -47, 774, 3010, 56, 308, 1512, -0.018309053144855467, -0.16312488847049605, 1.7507065737442447, 0.02734375, 0.150390625, 0.73828125, -2.9375, 48.375, 188.125
-10879, -1069, -1000, 12163, 90, 733, 3080, 54, 239, 1517, -0.004038207337719036, -0.17888162502541774, 1.682486407928236, 0.0263671875, 0.11669921875, 0.74072265625, 5.625, 45.8125, 192.5
-11278, -1240, -987, 11779, 371, 708, 3142, 25, 321, 1529, 0.017908034333342742, -0.19295324953031914, 1.6125688165940395, 0.01220703125, 0.15673828125, 0.74658203125, 23.1875, 44.25, 196.375
-11669, -1434, -938, 11373, 594, 663, 3212, -38, 436, 1527, 0.04616918900809906, -0.20448317916309292, 1.5404116560138286, -0.0185546875, 0.212890625, 0.74560546875, 37.125, 41.4375, 200.75
-12048, -1646, -862, 10946, 771, 640, 3270, -75, 473, 1501, 0.07933093612660952, -0.21322714433875528, 1.466470665863558, -0.03662109375, 0.23095703125, 0.73291015625, 48.1875, 40.0, 204.375
-12412, -1873, -766, 10502, 908, 631, 3297, -84, 526, 1530, 0.1163095285494791, -0.21914160128170265, 1.391696238811456, -0.041015625, 0.2568359375, 0.7470703125, 56.75, 39.4375, 206.0625
-12756, -2108, -661, 10042, 980, 632, 3298, -99, 625, 1562, 0.15532094508152156, -0.22236710699939977, 1.3164546727068778, -0.04833984375, 0.30517578125, 0.7626953125, 61.25, 39.5, 206.125
-13079, -2344, -549, 9570, 1021, 619, 3283, -114, 697, 1548, 0.19528959562374995, -0.22246029197695572, 1.2415209369931317, -0.0556640625, 0.34033203125, 0.755859375, 63.8125, 38.6875, 205.1875
-13377, -2581, -436, 9090, 1056, 639, 3234, -45, 713, 1528, 0.23550741578331366, -0.22002578826470007, 1.1675267126928928, -0.02197265625, 0.34814453125, 0.74609375, 66.0, 39.9375, 202.125
-13644, -2834, -321, 8612, 1158, 683, 3130, 8, 802, 1536, 0.277411388738502, -0.2161526483356493, 1.0958782963912612, 0.00390625, 0.3916015625, 0.75, 72.375, 42.6875, 195.625
-13881, -3094, -211, 8133, 1196, 732, 3039, 9, 937, 1458, 0.3195697233261694, -0.21086379297745347, 1.0259163557077657, 0.00439453125, 0.45751953125, 0.7119140625, 74.75, 45.75, 189.9375
-14092, -3352, -110, 7656, 1185, 762, 2952, -6, 1004, 1368, 0.3607695447278561, -0.20416838540493412, 0.9580287123103423, -0.0029296875, 0.490234375, 0.66796875, 74.0625, 47.625, 184.5
-14277, -3619, 0, 7177, 1275, 734, 2896, -52, 1145, 1353, 0.40321410816913095, -0.1947467969797493, 0.8916934137048886, -0.025390625, 0.55908203125, 0.66064453125, 79.6875, 45.875, 181.0
-14442, -3882, 126, 6692, 1306, 648, 2900, -93, 1311, 1315, 0.44563336405379356, -0.18098236840036475, 0.8267353270206165, -0.04541015625, 0.64013671875, 0.64208984375, 81.625, 40.5, 181.25
-14589, -4129, 265, 6203, 1277, 550, 2900, -72, 1320, 1161, 0.4861536072068285, -0.16273845729877234, 0.7636108339288876, -0.03515625, 0.64453125, 0.56689453125, 79.8125, 34.375, 181.25
-14713, -4377, 423, 5713, 1368, 451, 2888, -73, 1246, 1063, 0.5267854272355297, -0.1403991111740907, 0.7028685440717581, -0.03564453125, 0.6083984375, 0.51904296875, 85.5, 28.1875, 180.5
-14806, -4638, 606, 5228, 1523, 337, 2836, -6, 1293, 968, 0.5689414617156382, -0.11405494766787241, 0.6454660295800391, -0.0029296875, 0.63134765625, 0.47265625, 95.1875, 21.0625, 177.25
-14873, -4894, 806, 4759, 1560, 226, 2733, 112, 1365, 928, 0.6100669709710966, -0.08431308421743375, 0.5928458687688885, 0.0546875, 0.66650390625, 0.453125, 97.5, 14.125, 170.8125
-14919, -5124, 1010, 4312, 1459, 121, 2599, 186, 1427, 841, 0.6470428083345098, -0.052375432303577815, 0.545175447746187, 0.0908203125, 0.69677734375, 0.41064453125, 91.1875, 7.5625, 162.4375
-14953, -5319, 1218, 3885, 1299, 6, 2499, 221, 1442, 724, 0.6788896396222497, -0.018266568628632244, 0.5019840067376795, 0.10791015625, 0.7041015625, 0.353515625, 81.1875, 0.375, 156.1875
-14974, -5482, 1441, 3477, 1155, -144, 2427, 317, 1557, 636, 0.7063237048014516, 0.018751378997743873, 0.4632363750165677, 0.15478515625, 0.76025390625, 0.310546875, 72.1875, -9.0, 151.6875
-14989, -5605, 1677, 3091, 963, -294, 2345, 436, 1585, 590, 0.7284134026373309, 0.05823310217411719, 0.4289627566161211, 0.212890625, 0.77392578125, 0.2880859375, 60.1875, -18.375, 146.5625
-14991, -5703, 1933, 2730, 879, -471, 2258, 532, 1492, 566, 0.7473391324205708, 0.10006738194224865, 0.39954329643867, 0.259765625, 0.728515625, 0.2763671875, 54.9375, -29.4375, 141.125
-14991, -5703, 1933, 2730, 879, -471, 2258, 532, 1492, 566, 0.7473391324205708, 0.10006738194224865, 0.39954329643867, 0.259765625, 0.728515625, 0.2763671875, 54.9375, -29.4375, 141.125
