-6679, 1536, -355, 14877, 59, 10, 7, 300, -273, 1915, -0.11742581965838639, 0.15318650434049783, 2.2885667277844366, 0.146484375, -0.13330078125, 0.93505859375, 3.6875, 0.625, 0.4375
-6681, 1533, -348, 14877, 59, 0, 5, 296, -252, 1919, -0.11650659565177508, 0.15319725476608928, 2.288449737351074, 0.14453125, -0.123046875, 0.93701171875, 3.6875, 0.0, 0.3125
-6682, 1531, -343, 14877, 28, -4, 0, 296, -223, 1925, -0.11585262983960593, 0.15322219340973983, 2.2883977609152977, 0.14453125, -0.10888671875, 0.93994140625, 1.75, -0.25, 0.0
-6682, 1531, -343, 14877, -10, -9, -5, 299, -212, 1919, -0.11585262983960593, 0.15322219340973983, 2.2883977609152977, 0.14599609375, -0.103515625, 0.93701171875, -0.625, -0.5625, -0.3125
-6682, 1531, -343, 14877, -10, -9, -5, 299, -212, 1919, -0.11585262983960593, 0.15322219340973983, 2.2883977609152977, 0.14599609375, -0.103515625, 0.93701171875, -0.625, -0.5625, -0.3125
-6679, 1536, -355, 14877, 59, 10, 7, 300, -273, 1915, -0.11742581965838639, 0.15318650434049783, 2.2885667277844366, 0.146484375, -0.13330078125, 0.93505859375, 3.6875, 0.625, 0.4375
-6681, 1533, -348, 14877, 59, 0, 5, 296, -252, 1919, -0.11650659565177508, 0.15319725476608928, 2.288449737351074, 0.14453125, -0.123046875, 0.93701171875, 3.6875, 0.0, 0.3125
-6682, 1531, -343, 14877, 28, -4, 0, 296, -223, 1925, -0.11585262983960593, 0.15322219340973983, 2.2883977609152977, 0.14453125, -0.10888671875, 0.93994140625, 1.75, -0.25, 0.0
-6682, 1531, -343, 14877, -10, -9, -5, 299, -212, 1919, -0.11585262983960593, 0.15322219340973983, 2.2883977609152977, 0.14599609375, -0.103515625, 0.93701171875, -0.625, -0.5625, -0.3125
-6679, 1533, -350, 14878, -50, 2, -14, 295, -206, 1925, -0.11671027060406508, 0.1531133551792102, 2.2887258502011596, 0.14404296875, -0.1005859375, 0.93994140625, -3.125, 0.125, -0.875
-6676, 1535, -356, 14879, -39, 5, -11, 297, -228, 1921, -0.11745596593604817, 0.1530551937795171, 2.2890579521723367, 0.14501953125, -0.111328125, 0.93798828125, -2.4375, 0.3125, -0.6875
-6675, 1534, -354, 14879, 17, 4, -10, 304, -232, 1903, -0.11716774269306537, 0.15304635088007215, 2.289140702535206, 0.1484375, -0.11328125, 0.92919921875, 1.0625, 0.25, -0.625
-6674, 1531, -348, 14880, 32, 6, -11, 308, -224, 1901, -0.11632874925269297, 0.1530259361165068, 2.289377278168024, 0.150390625, -0.109375, 0.92822265625, 2.0, 0.375, -0.6875
-6674, 1532, -349, 14880, 15, 7, -11, 302, -236, 1919, -0.11649343130297012, 0.1530877987772781, 2.28937190288554, 0.1474609375, -0.115234375, 0.93701171875, 0.9375, 0.4375, -0.6875
-6674, 1532, -349, 14880, 3, 1, -4, 298, -246, 1906, -0.11649343130297012, 0.1530877987772781, 2.28937190288554, 0.1455078125, -0.1201171875, 0.9306640625, 0.1875, 0.0625, -0.25
-6673, 1532, -348, 14881, 16, 0, -9, 306, -250, 1909, -0.11637253778304306, 0.15315228553799362, 2.2895851614013263, 0.1494140625, -0.1220703125, 0.93212890625, 1.0, 0.0, -0.5625
-6671, 1533, -346, 14881, 18, -1, -11, 305, -237, 1911, -0.11617815466358693, 0.15337030439575508, 2.289738544465134, 0.14892578125, -0.11572265625, 0.93310546875, 1.125, -0.0625, -0.6875
-6671, 1532, -346, 14881, -10, 2, -11, 290, -215, 1904, -0.11612552282613997, 0.15325811638297585, 2.2897402626196146, 0.1416015625, -0.10498046875, 0.9296875, -0.625, 0.125, -0.6875
-6671, 1533, -350, 14881, -25, 5, -2, 299, -227, 1912, -0.11662630506174068, 0.15316913482661634, 2.289723891205331, 0.14599609375, -0.11083984375, 0.93359375, -1.5625, 0.3125, -0.125
-6671, 1534, -350, 14881, -2, 1, -2, 314, -232, 1897, -0.11667894647734266, 0.153281321297258, 2.2897221533082464, 0.1533203125, -0.11328125, 0.92626953125, -0.125, 0.0625, -0.125
-6671, 1532, -348, 14881, 22, 7, -1, 301, -239, 1894, -0.11634959501391715, 0.15315753256008743, 2.2897329229916363, 0.14697265625, -0.11669921875, 0.9248046875, 1.375, 0.4375, -0.0625
-6671, 1527, -342, 14882, 41, 6, -5, 286, -220, 1926, -0.1154168635012285, 0.15290987171747064, 2.2898992941894156, 0.1396484375, -0.107421875, 0.9404296875, 2.5625, 0.375, -0.3125
-6671, 1525, -339, 14882, 16, 2, -1, 300, -214, 1909, -0.11497555867117845, 0.15283636383092064, 2.2899138225743942, 0.146484375, -0.1044921875, 0.93212890625, 1.0, 0.125, -0.0625
-6671, 1525, -339, 14882, -14, 5, -6, 301, -225, 1922, -0.11497555867117845, 0.15283636383092064, 2.2899138225743942, 0.14697265625, -0.10986328125, 0.9384765625, -0.875, 0.3125, -0.375
-6671, 1526, -339, 14882, 0, 4, -5, 305, -245, 1907, -0.11502815523451634, 0.15294855208114747, 2.2899121389937718, 0.14892578125, -0.11962890625, 0.93115234375, 0.0, 0.25, -0.3125
-6671, 1526, -340, 14882, 7, 2, -9, 297, -238, 1919, -0.11514018980374031, 0.15289826237636459, 2.289908412087969, 0.14501953125, -0.1162109375, 0.93701171875, 0.4375, 0.125, -0.5625
-6671, 1526, -340, 14882, 6, -1, -10, 293, -236, 1904, -0.11514018980374031, 0.15289826237636459, 2.289908412087969, 0.14306640625, -0.115234375, 0.9296875, 0.375, -0.0625, -0.625
-6671, 1526, -340, 14882, 4, -1, 0, 305, -221, 1911, -0.11514018980374031, 0.15289826237636459, 2.289908412087969, 0.14892578125, -0.10791015625, 0.93310546875, 0.25, -0.0625, 0.0
-6671, 1527, -340, 14882, 6, 0, 0, 312, -228, 1905, -0.11519279139871934, 0.1530104516969064, 2.289906723575034, 0.15234375, -0.111328125, 0.93017578125, 0.375, 0.0, 0.0
-6671, 1527, -340, 14882, 12, 1, -4, 295, -225, 1908, -0.11519279139871934, 0.1530104516969064, 2.289906723575034, 0.14404296875, -0.10986328125, 0.931640625, 0.75, 0.0625, -0.25
-6671, 1527, -340, 14882, 10, 4, -8, 300, -214, 1912, -0.11519279139871934, 0.1530104516969064, 2.289906723575034, 0.146484375, -0.1044921875, 0.93359375, 0.625, 0.25, -0.5
-6671, 1527, -340, 14882, -4, 8, -12, 306, -223, 1910, -0.11519279139871934, 0.1530104516969064, 2.289906723575034, 0.1494140625, -0.10888671875, 0.9326171875, -0.25, 0.5, -0.75
-6671, 1527, -340, 14882, -4, 7, -11, 295, -225, 1908, -0.11519279139871934, 0.1530104516969064, 2.289906723575034, 0.14404296875, -0.10986328125, 0.931640625, -0.25, 0.4375, -0.6875
-6672, 1523, -339, 14882, 21, 10, 0, 288, -239, 1940, -0.11488178113111504, 0.1526094376977662, 2.28984328659065, 0.140625, -0.11669921875, 0.947265625, 1.3125, 0.625, 0.0
-6673, 1520, -336, 14882, 34, 7, 3, 294, -248, 1927, -0.11439931762181978, 0.15242124193772705, 2.289785598244968, 0.1435546875, -0.12109375, 0.94091796875, 2.125, 0.4375, 0.1875
-6673, 1517, -332, 14882, 31, 2, 0, 295, -229, 1916, -0.11379348677151677, 0.15228590657344312, 2.289805574769761, 0.14404296875, -0.11181640625, 0.935546875, 1.9375, 0.125, 0.0
-6673, 1518, -332, 14882, 10, 1, -2, 303, -220, 1906, -0.11384605994794328, 0.1523980853252751, 2.2898039262723664, 0.14794921875, -0.107421875, 0.9306640625, 0.625, 0.0625, -0.125
-6673, 1518, -332, 14882, -7, 4, -3, 293, -229, 1913, -0.11384605994794328, 0.1523980853252751, 2.2898039262723664, 0.14306640625, -0.11181640625, 0.93408203125, -0.4375, 0.25, -0.1875
-6673, 1518, -333, 14882, 10, 6, -1, 313, -240, 1886, -0.1139580821910045, 0.15234778480338046, 2.289800161234183, 0.15283203125, -0.1171875, 0.9208984375, 0.625, 0.375, -0.0625
-6673, 1517, -329, 14882, 31, 9, -6, 312, -235, 1898, -0.11345742435914537, 0.15243680787097236, 2.289816923679481, 0.15234375, -0.11474609375, 0.9267578125, 1.9375, 0.5625, -0.375
-6673, 1515, -325, 14883, 32, 8, -4, 312, -229, 1896, -0.11290666001462242, 0.15242507122923316, 2.2899711370742972, 0.15234375, -0.11181640625, 0.92578125, 2.0, 0.5, -0.25
-6673, 1513, -322, 14883, 21, 9, 0, 304, -216, 1913, -0.11246549148051509, 0.15235159897590214, 2.2899858973178153, 0.1484375, -0.10546875, 0.93408203125, 1.3125, 0.5625, 0.0
-6673, 1513, -322, 14883, 8, 3, -2, 299, -216, 1919, -0.11246549148051509, 0.15235159897590214, 2.2899858973178153, 0.14599609375, -0.10546875, 0.93701171875, 0.5, 0.1875, -0.125
-6673, 1513, -322, 14883, 0, 2, -7, 304, -219, 1927, -0.11246549148051509, 0.15235159897590214, 2.2899858973178153, 0.1484375, -0.10693359375, 0.94091796875, 0.0, 0.125, -0.4375
-6673, 1513, -322, 14883, 10, 1, -8, 286, -218, 1929, -0.11246549148051509, 0.15235159897590214, 2.2899858973178153, 0.1396484375, -0.1064453125, 0.94189453125, 0.625, 0.0625, -0.5
-6673, 1513, -322, 14883, 2, 2, -8, 295, -216, 1920, -0.11246549148051509, 0.15235159897590214, 2.2899858973178153, 0.14404296875, -0.10546875, 0.9375, 0.125, 0.125, -0.5
-6673, 1513, -322, 14883, -3, 3, -10, 296, -218, 1907, -0.11246549148051509, 0.15235159897590214, 2.2899858973178153, 0.14453125, -0.1064453125, 0.93115234375, -0.1875, 0.1875, -0.625
-6673, 1513, -322, 14883, -5, 5, -9, 307, -224, 1920, -0.11246549148051509, 0.15235159897590214, 2.2899858973178153, 0.14990234375, -0.109375, 0.9375, -0.3125, 0.3125, -0.5625
-6673, 1513, -322, 14883, 3, 2, -9, 303, -226, 1914, -0.11246549148051509, 0.15235159897590214, 2.2899858973178153, 0.14794921875, -0.1103515625, 0.9345703125, 0.1875, 0.125, -0.5625
-6673, 1513, -322, 14883, -3, 4, -10, 302, -214, 1915, -0.11246549148051509, 0.15235159897590214, 2.2899858973178153, 0.1474609375, -0.1044921875, 0.93505859375, -0.1875, 0.25, -0.625
-6673, 1514, -322, 14883, -10, 5, -10, 301, -224, 1909, -0.11251803573288212, 0.15246378639743866, 2.2899842982401886, 0.14697265625, -0.109375, 0.93212890625, -0.625, 0.3125, -0.625
-6673, 1514, -322, 14883, 11, 4, -7, 302, -215, 1902, -0.11251803573288212, 0.15246378639743866, 2.2899842982401886, 0.1474609375, -0.10498046875, 0.9287109375, 0.6875, 0.25, -0.4375
-6673, 1514, -322, 14883, 6, 5, -4, 303, -211, 1912, -0.11251803573288212, 0.15246378639743866, 2.2899842982401886, 0.14794921875, -0.10302734375, 0.93359375, 0.375, 0.3125, -0.25
-6673, 1514, -322, 14883, -1, 2, -5, 293, -223, 1918, -0.11251803573288212, 0.15246378639743866, 2.2899842982401886, 0.14306640625, -0.10888671875, 0.9365234375, -0.0625, 0.125, -0.3125
-6671, 1514, -326, 14884, -22, 4, -10, 292, -218, 1906, -0.1129458943682182, 0.15227891148343733, 2.290252419128425, 0.142578125, -0.1064453125, 0.9306640625, -1.375, 0.25, -0.625
-6671, 1514, -326, 14884, -16, 5, -11, 292, -221, 1925, -0.1129458943682182, 0.15227891148343733, 2.290252419128425, 0.142578125, -0.10791015625, 0.93994140625, -1.0, 0.3125, -0.6875
-6671, 1514, -326, 14884, -10, 2, -9, 291, -210, 1917, -0.1129458943682182, 0.15227891148343733, 2.290252419128425, 0.14208984375, -0.1025390625, 0.93603515625, -0.625, 0.125, -0.5625
-6670, 1514, -330, 14884, -17, 8, -7, 294, -232, 1911, -0.11338268270961585, 0.15208026310596529, 2.2903111497197157, 0.1435546875, -0.11328125, 0.93310546875, -1.0625, 0.5, -0.4375
-6670, 1514, -330, 14884, -10, 6, -8, 297, -222, 1918, -0.11338268270961585, 0.15208026310596529, 2.2903111497197157, 0.14501953125, -0.1083984375, 0.9365234375, -0.625, 0.375, -0.5
-6668, 1517, -335, 14885, -26, 1, -9, 298, -228, 1912, -0.11408027357393097, 0.15218193829903143, 2.2905709164156263, 0.1455078125, -0.111328125, 0.93359375, -1.625, 0.0625, -0.5625
-6666, 1518, -340, 14885, -31, 4, -10, 296, -224, 1905, -0.11467030769319439, 0.15204795712312236, 2.290698603791981, 0.14453125, -0.109375, 0.93017578125, -1.9375, 0.25, -0.625
-6666, 1519, -341, 14885, -6, 1, -11, 308, -252, 1889, -0.11483489068528484, 0.15210990847081055, 2.2906932242388494, 0.150390625, -0.123046875, 0.92236328125, -0.375, 0.0625, -0.6875
-6666, 1520, -341, 14885, 3, 7, -5, 308, -237, 1911, -0.1148874311445694, 0.1522221068064523, 2.2906915294686607, 0.150390625, -0.11572265625, 0.93310546875, 0.1875, 0.4375, -0.3125
-6666, 1520, -342, 14885, -6, 7, -3, 303, -245, 1910, -0.11499948017433809, 0.15217186040684205, 2.2906878462311644, 0.14794921875, -0.11962890625, 0.9326171875, -0.375, 0.4375, -0.1875
-6665, 1522, -347, 14885, -20, 0, -5, 294, -242, 1899, -0.1156534390181189, 0.15214764187097565, 2.29074012935339, 0.1435546875, -0.1181640625, 0.92724609375, -1.25, 0.0, -0.3125
-6664, 1524, -350, 14885, -18, 0, -7, 303, -231, 1917, -0.11608330285599906, 0.15222396109143524, 2.290799792324856, 0.14794921875, -0.11279296875, 0.93603515625, -1.125, 0.0, -0.4375
-6664, 1524, -350, 14885, -12, 3, -3, 288, -232, 1915, -0.11608330285599906, 0.15222396109143524, 2.290799792324856, 0.140625, -0.11328125, 0.93505859375, -0.75, 0.1875, -0.1875
-6664, 1525, -350, 14885, -8, 0, -1, 303, -234, 1916, -0.11613585919172945, 0.1523361613902217, 2.2907980525256506, 0.14794921875, -0.1142578125, 0.935546875, -0.5, 0.0, -0.0625
-6664, 1525, -350, 14885, 10, 0, -2, 294, -224, 1916, -0.11613585919172945, 0.1523361613902217, 2.2907980525256506, 0.1435546875, -0.109375, 0.935546875, 0.625, 0.0, -0.125
-6664, 1524, -350, 14885, -12, 1, -1, 298, -212, 1909, -0.11608330285599906, 0.15222396109143524, 2.290799792324856, 0.1455078125, -0.103515625, 0.93212890625, -0.75, 0.0625, -0.0625
-6663, 1527, -356, 14885, -33, 2, -2, 295, -233, 1902, -0.11690191096504901, 0.15226185344521878, 2.290847029192303, 0.14404296875, -0.11376953125, 0.9287109375, -2.0625, 0.125, -0.125
-6663, 1527, -357, 14885, -12, 2, -4, 289, -252, 1906, -0.11701397128357259, 0.1522116293524347, 2.2908434790959213, 0.14111328125, -0.123046875, 0.9306640625, -0.75, 0.125, -0.25
-6663, 1525, -355, 14886, 21, 6, -4, 300, -244, 1918, -0.116687385273856, 0.15209917491862993, 2.290989695850418, 0.146484375, -0.119140625, 0.9365234375, 1.3125, 0.375, -0.25
-6663, 1526, -355, 14886, 13, 1, -3, 303, -219, 1906, -0.11673994505342816, 0.15221138060732814, 2.2909879311045813, 0.14794921875, -0.10693359375, 0.9306640625, 0.8125, 0.0625, -0.1875
-6663, 1525, -355, 14886, -11, 4, -3, 296, -223, 1919, -0.116687385273856, 0.15209917491862993, 2.290989695850418, 0.14453125, -0.10888671875, 0.93701171875, -0.6875, 0.25, -0.1875
-6663, 1526, -355, 14886, -7, 2, 0, 290, -237, 1912, -0.11673994505342816, 0.15221138060732814, 2.2909879311045813, 0.1416015625, -0.11572265625, 0.93359375, -0.4375, 0.125, 0.0
-6663, 1526, -355, 14885, 2, 2, -2, 295, -241, 1909, -0.11673728737290262, 0.1521998780409493, 2.2908523555039215, 0.14404296875, -0.11767578125, 0.93212890625, 0.125, 0.125, -0.125
-6663, 1526, -356, 14885, -5, 0, -7, 304, -235, 1909, -0.11684934617377025, 0.15214965442561837, 2.2908487989286277, 0.1484375, -0.11474609375, 0.93212890625, -0.3125, 0.0, -0.4375
-6663, 1526, -356, 14885, 2, 3, -4, 296, -235, 1912, -0.11684934617377025, 0.15214965442561837, 2.2908487989286277, 0.14453125, -0.11474609375, 0.93359375, 0.125, 0.1875, -0.25
-6663, 1526, -356, 14885, 15, 1, -1, 298, -232, 1908, -0.11684934617377025, 0.15214965442561837, 2.2908487989286277, 0.1455078125, -0.11328125, 0.931640625, 0.9375, 0.0625, -0.0625
-6663, 1526, -356, 14885, 15, 1, 2, 300, -228, 1925, -0.11684934617377025, 0.15214965442561837, 2.2908487989286277, 0.146484375, -0.111328125, 0.93994140625, 0.9375, 0.0625, 0.125
-6663, 1527, -356, 14885, 2, 2, -3, 309, -223, 1899, -0.11690191096504901, 0.15226185344521878, 2.290847029192303, 0.15087890625, -0.10888671875, 0.92724609375, 0.125, 0.125, -0.1875
-6663, 1526, -356, 14885, 1, 1, -4, 287, -232, 1918, -0.11684934617377025, 0.15214965442561837, 2.2908487989286277, 0.14013671875, -0.11328125, 0.9365234375, 0.0625, 0.0625, -0.25
-6663, 1526, -356, 14885, -7, 4, -3, 287, -235, 1904, -0.11684934617377025, 0.15214965442561837, 2.2908487989286277, 0.14013671875, -0.11474609375, 0.9296875, -0.4375, 0.25, -0.1875
-6663, 1527, -357, 14885, 1, 5, -5, 299, -247, 1913, -0.11701397128357259, 0.1522116293524347, 2.2908434790959213, 0.14599609375, -0.12060546875, 0.93408203125, 0.0625, 0.3125, -0.3125
-6663, 1527, -357, 14885, 8, 3, -7, 292, -232, 1913, -0.11701397128357259, 0.1522116293524347, 2.2908434790959213, 0.142578125, -0.11328125, 0.93408203125, 0.5, 0.1875, -0.4375
-6663, 1527, -357, 14885, 9, 0, -4, 303, -240, 1922, -0.11701397128357259, 0.1522116293524347, 2.2908434790959213, 0.14794921875, -0.1171875, 0.9384765625, 0.5625, 0.0, -0.25
-6663, 1527, -357, 14885, 3, 0, -4, 299, -231, 1904, -0.11701397128357259, 0.1522116293524347, 2.2908434790959213, 0.14599609375, -0.11279296875, 0.9296875, 0.1875, 0.0, -0.25
-6663, 1527, -357, 14885, -7, -2, -9, 293, -229, 1896, -0.11701397128357259, 0.1522116293524347, 2.2908434790959213, 0.14306640625, -0.11181640625, 0.92578125, -0.4375, -0.125, -0.5625
-6663, 1527, -357, 14885, -6, 0, -2, 292, -232, 1916, -0.11701397128357259, 0.1522116293524347, 2.2908434790959213, 0.142578125, -0.11328125, 0.935546875, -0.375, 0.0, -0.125
-6664, 1526, -354, 14885, 25, -1, 1, 301, -236, 1916, -0.11663665310034486, 0.152247433671334, 2.290781931333011, 0.14697265625, -0.115234375, 0.935546875, 1.5625, -0.0625, 0.0625
-6665, 1524, -350, 14885, 30, 1, 2, 295, -229, 1901, -0.11609471306629847, 0.15222132288125229, 2.290725807244935, 0.14404296875, -0.11181640625, 0.92822265625, 1.875, 0.0625, 0.125
-6665, 1524, -350, 14885, 10, 9, -4, 292, -224, 1910, -0.11609471306629847, 0.15222132288125229, 2.290725807244935, 0.142578125, -0.109375, 0.9326171875, 0.625, 0.5625, -0.25
-6665, 1525, -350, 14885, 7, 8, -7, 307, -248, 1927, -0.11614727701323876, 0.152333523134611, 2.290724067739246, 0.14990234375, -0.12109375, 0.94091796875, 0.4375, 0.5, -0.4375
-6665, 1524, -351, 14885, 7, 8, -5, 288, -231, 1913, -0.11620676832475027, 0.15217108402536744, 2.2907222058470125, 0.140625, -0.11279296875, 0.93408203125, 0.4375, 0.5, -0.3125
-6665, 1525, -351, 14885, -5, 8, -2, 303, -235, 1909, -0.11625933376935278, 0.15228328341381092, 2.290720461399626, 0.14794921875, -0.11474609375, 0.93212890625, -0.3125, 0.5, -0.125
-6665, 1525, -351, 14885, 14, 4, -7, 305, -241, 1925, -0.11625933376935278, 0.15228328341381092, 2.290720461399626, 0.14892578125, -0.11767578125, 0.93994140625, 0.875, 0.25, -0.4375
-6665, 1522, -348, 14885, 20, 3, -1, 291, -221, 1918, -0.11576549126338699, 0.15209740358271354, 2.290736503572101, 0.14208984375, -0.10791015625, 0.9365234375, 1.25, 0.1875, -0.0625
-6665, 1523, -348, 14885, 5, 1, -2, 297, -230, 1916, -0.11581804515296648, 0.15220960170320633, 2.2907347739366277, 0.14501953125, -0.1123046875, 0.935546875, 0.3125, 0.0625, -0.125
-6665, 1523, -348, 14885, 1, 1, -3, 300, -222, 1908, -0.11581804515296648, 0.15220960170320633, 2.2907347739366277, 0.146484375, -0.1083984375, 0.931640625, 0.0625, 0.0625, -0.1875
-6665, 1523, -348, 14885, -7, 4, -4, 293, -220, 1914, -0.11581804515296648, 0.15220960170320633, 2.2907347739366277, 0.14306640625, -0.107421875, 0.9345703125, -0.4375, 0.25, -0.25
-6665, 1523, -348, 14885, 1, 1, -10, 293, -225, 1904, -0.11581804515296648, 0.15220960170320633, 2.2907347739366277, 0.14306640625, -0.10986328125, 0.9296875, 0.0625, 0.0625, -0.625
-6665, 1523, -348, 14885, -2, 4, -7, 291, -233, 1917, -0.11581804515296648, 0.15220960170320633, 2.2907347739366277, 0.14208984375, -0.11376953125, 0.93603515625, -0.125, 0.25, -0.4375
-6665, 1523, -349, 14885, 6, 4, -7, 294, -240, 1925, -0.11593009889965969, 0.15215936293763804, 2.2907311546358518, 0.1435546875, -0.1171875, 0.93994140625, 0.375, 0.25, -0.4375
-6665, 1523, -349, 14885, 12, -3, 0, 303, -234, 1914, -0.11593009889965969, 0.15215936293763804, 2.2907311546358518, 0.14794921875, -0.1142578125, 0.9345703125, 0.75, -0.1875, 0.0
-6665, 1523, -349, 14885, 12, 0, -1, 305, -238, 1911, -0.11593009889965969, 0.15215936293763804, 2.2907311546358518, 0.14892578125, -0.1162109375, 0.93310546875, 0.75, 0.0, -0.0625
-6665, 1523, -349, 14885, 3, -1, -7, 288, -226, 1907, -0.11593009889965969, 0.15215936293763804, 2.2907311546358518, 0.140625, -0.1103515625, 0.93115234375, 0.1875, -0.0625, -0.4375
-6665, 1523, -349, 14885, -3, 0, -3, 289, -228, 1904, -0.11593009889965969, 0.15215936293763804, 2.2907311546358518, 0.14111328125, -0.111328125, 0.9296875, -0.1875, 0.0, -0.1875
-6665, 1523, -349, 14885, -4, 3, 3, 305, -234, 1903, -0.11593009889965969, 0.15215936293763804, 2.2907311546358518, 0.14892578125, -0.1142578125, 0.92919921875, -0.25, 0.1875, 0.1875
-6665, 1524, -350, 14885, 2, 2, -4, 302, -240, 1907, -0.11609471306629847, 0.15222132288125229, 2.290725807244935, 0.1474609375, -0.1171875, 0.93115234375, 0.125, 0.125, -0.25
-6665, 1521, -346, 14885, 29, 4, -3, 291, -233, 1906, -0.11548883940539674, 0.1520856826273866, 2.2907454863151644, 0.14208984375, -0.11376953125, 0.9306640625, 1.8125, 0.25, -0.1875
-6666, 1519, -342, 14885, 28, 1, 1, 295, -218, 1914, -0.11494693821809776, 0.15205966293557285, 2.2906895459438106, 0.14404296875, -0.1064453125, 0.9345703125, 1.75, 0.0625, 0.0625
-6666, 1519, -342, 14885, -4, 1, -2, 307, -226, 1910, -0.11494693821809776, 0.15205966293557285, 2.2906895459438106, 0.14990234375, -0.1103515625, 0.9326171875, -0.25, 0.0625, -0.125
-6666, 1519, -342, 14885, -5, 0, -4, 296, -220, 1917, -0.11494693821809776, 0.15205966293557285, 2.2906895459438106, 0.14453125, -0.107421875, 0.93603515625, -0.3125, 0.0, -0.25
-6665, 1518, -339, 14885, 21, 1, -4, 303, -232, 1919, -0.11454689453072504, 0.15210075781496216, 2.290776287517419, 0.14794921875, -0.11328125, 0.93701171875, 1.3125, 0.0625, -0.25
-6665, 1516, -336, 14886, 22, 2, -4, 293, -231, 1914, -0.1141082385351599, 0.15203850505292418, 2.2909263768970503, 0.14306640625, -0.11279296875, 0.9345703125, 1.375, 0.125, -0.25
-6666, 1514, -334, 14886, 26, 1, -2, 293, -234, 1921, -0.11379046148851733, 0.15191205666443383, 2.2908631801347283, 0.14306640625, -0.1142578125, 0.93798828125, 1.625, 0.0625, -0.125
-6667, 1513, -330, 14886, 30, -1, 2, 300, -230, 1910, -0.1133010989646734, 0.15199834521351513, 2.2908058827386233, 0.146484375, -0.1123046875, 0.9326171875, 1.875, -0.0625, 0.125
-6667, 1513, -327, 14886, 18, 1, 0, 300, -220, 1898, -0.11296496087243964, 0.15214910417653452, 2.290817273338238, 0.146484375, -0.107421875, 0.9267578125, 1.125, 0.0625, 0.0
-6667, 1513, -326, 14886, 12, 2, -8, 303, -208, 1915, -0.1128529147698885, 0.152199357938493, 2.290821093051419, 0.14794921875, -0.1015625, 0.93505859375, 0.75, 0.125, -0.5
-6667, 1513, -327, 14886, 0, 4, -7, 294, -229, 1912, -0.11296496087243964, 0.15214910417653452, 2.290817273338238, 0.1435546875, -0.11181640625, 0.93359375, 0.0, 0.25, -0.4375
-6667, 1511, -324, 14886, 19, 2, -1, 298, -223, 1911, -0.11252382961192173, 0.15207545413245124, 2.290831987643511, 0.1455078125, -0.10888671875, 0.93310546875, 1.1875, 0.125, -0.0625
-6667, 1510, -319, 14886, 30, 1, -3, 304, -220, 1909, -0.11191112927419462, 0.15221451630391128, 2.290852908103199, 0.1484375, -0.107421875, 0.93212890625, 1.875, 0.0625, -0.1875
-6667, 1509, -315, 14886, 24, -2, -5, 299, -213, 1896, -0.1114104867715629, 0.15230332649078257, 2.2908701277154107, 0.14599609375, -0.10400390625, 0.92578125, 1.5, -0.125, -0.3125
-6667, 1510, -315, 14886, 15, 0, -4, 304, -225, 1902, -0.11146296101415366, 0.15241553569452407, 2.2908685617609756, 0.1484375, -0.10986328125, 0.9287109375, 0.9375, 0.0, -0.25
-6667, 1510, -315, 14886, 12, 1, -5, 297, -218, 1925, -0.11146296101415366, 0.15241553569452407, 2.2908685617609756, 0.14501953125, -0.1064453125, 0.93994140625, 0.75, 0.0625, -0.3125
-6667, 1510, -315, 14886, 9, -1, -4, 296, -217, 1915, -0.11146296101415366, 0.15241553569452407, 2.2908685617609756, 0.14453125, -0.10595703125, 0.93505859375, 0.5625, -0.0625, -0.25
-6667, 1508, -312, 14887, 18, 1, -3, 298, -219, 1932, -0.11102423549684765, 0.15235324977458337, 2.2910190886028072, 0.1455078125, -0.10693359375, 0.943359375, 1.125, 0.0625, -0.1875
-6668, 1505, -306, 14886, 48, 1, 2, 293, -227, 1905, -0.11020358514970428, 0.15230447977990066, 2.290838049969492, 0.14306640625, -0.11083984375, 0.93017578125, 3.0, 0.0625, 0.125
-6669, 1501, -297, 14887, 55, 4, -1, 303, -210, 1898, -0.10899900876882426, 0.152317083057295, 2.290942101742263, 0.14794921875, -0.1025390625, 0.9267578125, 3.4375, 0.25, -0.0625
-6668, 1498, -291, 14887, 31, 4, -5, 301, -202, 1925, -0.10815830137438602, 0.15228424825401263, 2.2910452407583435, 0.14697265625, -0.0986328125, 0.93994140625, 1.9375, 0.25, -0.3125
-6668, 1498, -291, 14887, 5, 2, -4, 302, -209, 1925, -0.10815830137438602, 0.15228424825401263, 2.2910452407583435, 0.1474609375, -0.10205078125, 0.93994140625, 0.3125, 0.125, -0.25
-6668, 1498, -292, 14887, 1, -2, -2, 295, -214, 1906, -0.10827033477381666, 0.15223398629986862, 2.291041095709015, 0.14404296875, -0.1044921875, 0.9306640625, 0.0625, -0.125, -0.125
-6670, 1498, -289, 14886, 20, -7, 10, 293, -218, 1899, -0.10795452066704944, 0.15236912459969956, 2.2907699623082474, 0.14306640625, -0.1064453125, 0.92724609375, 1.25, -0.4375, 0.625
-6674, 1498, -282, 14885, 43, -9, 17, 314, -221, 1921, -0.10721313403575272, 0.15270128366875893, 2.2903678978271818, 0.1533203125, -0.10791015625, 0.93798828125, 2.6875, -0.5625, 1.0625
-6677, 1497, -274, 14884, 52, -8, 17, 302, -216, 1902, -0.10629616967176735, 0.15297408531836662, 2.2900461026183074, 0.1474609375, -0.10546875, 0.9287109375, 3.25, -0.5, 1.0625
-6681, 1495, -267, 14883, 42, -8, 14, 295, -206, 1908, -0.10545006341838727, 0.15308270258646683, 2.289648014725515, 0.14404296875, -0.1005859375, 0.931640625, 2.625, -0.5, 0.875
-6682, 1495, -264, 14882, 20, 0, 9, 311, -215, 1899, -0.1051232933694996, 0.15322054239015706, 2.289451647632947, 0.15185546875, -0.10498046875, 0.92724609375, 1.25, 0.0, 0.5625
-6683, 1496, -264, 14881, 17, 1, 4, 306, -227, 1893, -0.10518499394765506, 0.15331946860809464, 2.2892407218536337, 0.1494140625, -0.11083984375, 0.92431640625, 1.0625, 0.0625, 0.25
-6685, 1494, -261, 14881, 31, 4, 6, 294, -222, 1906, -0.10476650719649991, 0.1532423072346259, 2.28910895618913, 0.1435546875, -0.1083984375, 0.9306640625, 1.9375, 0.25, 0.375
-6686, 1491, -256, 14881, 37, 2, 1, 300, -213, 1923, -0.10406037511615442, 0.15315580616872826, 2.289061324730349, 0.146484375, -0.10400390625, 0.93896484375, 2.3125, 0.125, 0.0625
-6687, 1489, -252, 14881, 22, -1, 4, 300, -191, 1920, -0.10351870605025983, 0.15313115425496585, 2.2890080542545532, 0.146484375, -0.09326171875, 0.9375, 1.375, -0.0625, 0.25
-6687, 1489, -247, 14880, 23, -3, 2, 311, -193, 1916, -0.10295696696769806, 0.15337199314893024, 2.288895033107895, 0.15185546875, -0.09423828125, 0.935546875, 1.4375, -0.1875, 0.125
-6688, 1485, -244, 14881, 17, 8, -2, 288, -188, 1924, -0.1024242483816182, 0.15308387109140234, 2.2889756434278103, 0.140625, -0.091796875, 0.939453125, 1.0625, 0.5, -0.125
-6688, 1485, -244, 14881, 13, 6, -1, 290, -200, 1915, -0.1024242483816182, 0.15308387109140234, 2.2889756434278103, 0.1416015625, -0.09765625, 0.93505859375, 0.8125, 0.375, -0.0625
-6687, 1483, -239, 14881, 29, 3, -8, 306, -191, 1921, -0.10174839591209675, 0.15311340041186935, 2.2890749688476157, 0.1494140625, -0.09326171875, 0.93798828125, 1.8125, 0.1875, -0.5
-6686, 1481, -235, 14882, 23, 1, -7, 299, -195, 1916, -0.10118634105756319, 0.15310361508729597, 2.289305581906522, 0.14599609375, -0.09521484375, 0.935546875, 1.4375, 0.0625, -0.4375
-6686, 1480, -231, 14882, 23, -1, 0, 303, -196, 1929, -0.10068604077028298, 0.15319304053681998, 2.289325549856006, 0.14794921875, -0.095703125, 0.94189453125, 1.4375, -0.0625, 0.0
-6687, 1480, -226, 14882, 23, -10, 4, 306, -192, 1914, -0.10013726266225134, 0.1534433659909245, 2.28927544837092, 0.1494140625, -0.09375, 0.9345703125, 1.4375, -0.625, 0.25
-6688, 1481, -222, 14881, 23, -10, 0, 302, -199, 1905, -0.09975118839188214, 0.153744389078316, 2.289083937953546, 0.1474609375, -0.09716796875, 0.93017578125, 1.4375, -0.625, 0.0
-6689, 1482, -218, 14881, 16, -10, 2, 306, -186, 1899, -0.09936681348717155, 0.1540566455365529, 2.289028418697528, 0.1494140625, -0.0908203125, 0.92724609375, 1.0, -0.625, 0.125
-6689, 1482, -218, 14881, 13, -7, 6, 307, -185, 1921, -0.09936681348717155, 0.1540566455365529, 2.289028418697528, 0.14990234375, -0.09033203125, 0.93798828125, 0.8125, -0.4375, 0.375
-6688, 1482, -217, 14881, 8, -6, 7, 300, -183, 1901, -0.09924372054649847, 0.15410871614062047, 2.2891071463820496, 0.146484375, -0.08935546875, 0.92822265625, 0.5, -0.375, 0.4375
-6688, 1482, -217, 14881, 6, 0, -2, 311, -174, 1903, -0.09924372054649847, 0.15410871614062047, 2.2891071463820496, 0.15185546875, -0.0849609375, 0.92919921875, 0.375, 0.0, -0.125
-6688, 1482, -217, 14881, 15, 5, -5, 294, -186, 1916, -0.09924372054649847, 0.15410871614062047, 2.2891071463820496, 0.1435546875, -0.0908203125, 0.935546875, 0.9375, 0.3125, -0.3125
-6688, 1482, -216, 14881, 14, 6, -10, 291, -172, 1919, -0.0991317463337348, 0.15415914344621282, 2.2891120427698186, 0.14208984375, -0.083984375, 0.93701171875, 0.875, 0.375, -0.625
-6688, 1481, -216, 14881, 2, 12, -14, 297, -177, 1939, -0.09907935616777935, 0.1540469417216127, 2.289113114735278, 0.14501953125, -0.08642578125, 0.94677734375, 0.125, 0.75, -0.875
-6688, 1481, -216, 14881, 1, 4, -6, 296, -200, 1927, -0.09907935616777935, 0.1540469417216127, 2.289113114735278, 0.14453125, -0.09765625, 0.94091796875, 0.0625, 0.25, -0.375
-6688, 1481, -216, 14881, 13, 4, -6, 300, -192, 1919, -0.09907935616777935, 0.1540469417216127, 2.289113114735278, 0.146484375, -0.09375, 0.93701171875, 0.8125, 0.25, -0.375
-6688, 1481, -216, 14881, 5, 5, -3, 303, -186, 1919, -0.09907935616777935, 0.1540469417216127, 2.289113114735278, 0.14794921875, -0.0908203125, 0.93701171875, 0.3125, 0.3125, -0.1875
-6688, 1482, -216, 14881, -10, 5, -7, 313, -190, 1888, -0.0991317463337348, 0.15415914344621282, 2.2891120427698186, 0.15283203125, -0.0927734375, 0.921875, -0.625, 0.3125, -0.4375
-6687, 1482, -220, 14882, -21, 8, -7, 299, -194, 1900, -0.09957017353565464, 0.15397026927990515, 2.2893021471347303, 0.14599609375, -0.0947265625, 0.927734375, -1.3125, 0.5, -0.4375
-6686, 1484, -225, 14882, -24, 7, -7, 303, -199, 1912, -0.10022374470238522, 0.15394428726306977, 2.289349628715595, 0.14794921875, -0.09716796875, 0.93359375, -1.5, 0.4375, -0.4375
-6686, 1484, -225, 14882, -9, 8, -9, 312, -209, 1909, -0.10022374470238522, 0.15394428726306977, 2.289349628715595, 0.15234375, -0.10205078125, 0.93212890625, -0.5625, 0.5, -0.5625
-6686, 1484, -225, 14882, 6, 4, -9, 301, -191, 1911, -0.10022374470238522, 0.15394428726306977, 2.289349628715595, 0.14697265625, -0.09326171875, 0.93310546875, 0.375, 0.25, -0.5625
-6686, 1484, -225, 14882, 8, 1, -3, 296, -195, 1915, -0.10022374470238522, 0.15394428726306977, 2.289349628715595, 0.14453125, -0.09521484375, 0.93505859375, 0.5, 0.0625, -0.1875
-6686, 1484, -225, 14882, 7, 5, -4, 295, -182, 1927, -0.10022374470238522, 0.15394428726306977, 2.289349628715595, 0.14404296875, -0.0888671875, 0.94091796875, 0.4375, 0.3125, -0.25
-6686, 1484, -224, 14882, 1, 2, -5, 295, -177, 1916, -0.10011176163053868, 0.15399469820151074, 2.2893544462680038, 0.14404296875, -0.08642578125, 0.935546875, 0.0625, 0.125, -0.3125
-6686, 1483, -224, 14882, -9, 5, -9, 297, -186, 1904, -0.10005936796261189, 0.1538824918017069, 2.289355558128508, 0.14501953125, -0.0908203125, 0.9296875, -0.5625, 0.3125, -0.5625
-6686, 1484, -224, 14882, 1, 6, -7, 302, -201, 1917, -0.10011176163053868, 0.15399469820151074, 2.2893544462680038, 0.1474609375, -0.09814453125, 0.93603515625, 0.0625, 0.375, -0.4375
-6685, 1480, -221, 14883, 31, 10, -5, 301, -199, 1926, -0.09955682908633184, 0.1537099335994953, 2.2895829695360224, 0.14697265625, -0.09716796875, 0.9404296875, 1.9375, 0.625, -0.3125
-6685, 1473, -212, 14884, 52, 16, -7, 301, -180, 1922, -0.09818412540053836, 0.15338918980792848, 2.2897700577884095, 0.14697265625, -0.087890625, 0.9384765625, 3.25, 1.0, -0.4375
-6686, 1466, -206, 14884, 47, 15, -1, 285, -182, 1928, -0.09715702112794952, 0.15290456458753068, 2.2897329703121145, 0.13916015625, -0.0888671875, 0.94140625, 2.9375, 0.9375, -0.0625
-6686, 1460, -201, 14885, 37, 19, -4, 300, -194, 1934, -0.0962848964715895, 0.1524943757644719, 2.2898994714426695, 0.146484375, -0.0947265625, 0.9443359375, 2.3125, 1.1875, -0.25
-6687, 1452, -197, 14885, 44, 24, 3, 285, -195, 1930, -0.09542978081767858, 0.1517968939798787, 2.2898533579775364, 0.13916015625, -0.09521484375, 0.9423828125, 2.75, 1.5, 0.1875
-6687, 1445, -191, 14886, 49, 27, -3, 300, -188, 1923, -0.09439375713559427, 0.15132486799998765, 2.2900256743512215, 0.146484375, -0.091796875, 0.93896484375, 3.0625, 1.6875, -0.1875
-6688, 1437, -186, 14886, 39, 28, -2, 294, -172, 1910, -0.09342706744271606, 0.1506779563499761, 2.289984336688887, 0.1435546875, -0.083984375, 0.9326171875, 2.4375, 1.75, -0.125
-6688, 1430, -185, 14887, 19, 35, -1, 297, -173, 1946, -0.09295118109245958, 0.149953910271536, 2.2901313829541046, 0.14501953125, -0.08447265625, 0.9501953125, 1.1875, 2.1875, -0.0625
-6687, 1422, -184, 14888, 21, 34, -5, 278, -176, 1927, -0.09241263367913435, 0.14911905422223382, 2.2903531704657336, 0.1357421875, -0.0859375, 0.94091796875, 1.3125, 2.125, -0.3125
-6687, 1414, -179, 14889, 36, 36, -7, 299, -171, 1928, -0.09143725132957034, 0.14848429105745217, 2.290520816688797, 0.14599609375, -0.08349609375, 0.94140625, 2.25, 2.25, -0.4375
-6687, 1405, -174, 14890, 42, 38, -4, 297, -165, 1937, -0.0904100245880342, 0.14773730574765973, 2.290689181236167, 0.14501953125, -0.08056640625, 0.94580078125, 2.625, 2.375, -0.25
-6688, 1398, -168, 14890, 44, 32, 3, 305, -170, 1926, -0.08938447310550603, 0.14725315545813972, 2.2906513176002243, 0.14892578125, -0.0830078125, 0.9404296875, 2.75, 2.0, 0.1875
-6688, 1392, -160, 14891, 50, 26, -2, 311, -166, 1937, -0.08817801746304836, 0.14699372499421964, 2.2908322054780292, 0.15185546875, -0.0810546875, 0.94580078125, 3.125, 1.625, -0.125
-6687, 1386, -150, 14892, 45, 19, -7, 316, -134, 1933, -0.08673739978276405, 0.14683608616247842, 2.2910976430863945, 0.154296875, -0.0654296875, 0.94384765625, 2.8125, 1.1875, -0.4375
-6687, 1386, -149, 14892, -8, 1, -8, 293, -148, 1941, -0.08662546446835077, 0.1468864503527074, 2.291102836263483, 0.14306640625, -0.072265625, 0.94775390625, -0.5, 0.0625, -0.5
-6686, 1389, -152, 14892, -29, -6, -7, 292, -160, 1920, -0.08710681932995666, 0.14707299017128606, 2.291159013892302, 0.142578125, -0.078125, 0.9375, -1.8125, -0.375, -0.4375
-6684, 1396, -156, 14892, -24, -22, -9, 297, -186, 1918, -0.08789765083176344, 0.14765908731043673, 2.291280960331443, 0.14501953125, -0.0908203125, 0.9365234375, -1.5, -1.375, -0.5625
-6683, 1403, -157, 14892, -14, -21, -7, 302, -191, 1890, -0.0883631514162615, 0.1483951857018132, 2.2913443503652093, 0.1474609375, -0.09326171875, 0.9228515625, -0.875, -1.3125, -0.4375
-6683, 1404, -158, 14892, -11, -3, -1, 301, -205, 1890, -0.08852712695991462, 0.14845702746485823, 2.2913383743613873, 0.14697265625, -0.10009765625, 0.9228515625, -0.6875, -0.1875, -0.0625
-6683, 1403, -158, 14892, 19, 1, 0, 284, -198, 1891, -0.08847510936624209, 0.14834484034468595, 2.291339159727572, 0.138671875, -0.0966796875, 0.92333984375, 1.1875, 0.0625, 0.0
-6683, 1404, -158, 14892, 2, -4, 13, 283, -201, 1896, -0.08852712695991462, 0.14845702746485823, 2.2913383743613873, 0.13818359375, -0.09814453125, 0.92578125, 0.125, -0.25, 0.8125
-6683, 1403, -159, 14892, 9, -9, 11, 263, -185, 1887, -0.0885870669588423, 0.14829449536634146, 2.2913339805109416, 0.12841796875, -0.09033203125, 0.92138671875, 0.5625, -0.5625, 0.6875
-6683, 1404, -156, 14892, 12, -17, -7, 269, -160, 1890, -0.0883032077640488, 0.1485577202474287, 2.2913487769752576, 0.13134765625, -0.078125, 0.9228515625, 0.75, -1.0625, -0.4375
-6682, 1402, -147, 14893, 38, -8, -10, 288, -155, 1913, -0.08718213435953513, 0.14879813548943197, 2.291607037916215, 0.140625, -0.07568359375, 0.93408203125, 2.375, -0.5, -0.625
-6680, 1397, -141, 14894, 34, 13, -15, 294, -156, 1915, -0.08623054298309947, 0.14855182900738437, 2.291926081199146, 0.1435546875, -0.076171875, 0.93505859375, 2.125, 0.8125, -0.9375
-6677, 1389, -135, 14896, 46, 18, -19, 272, -156, 1942, -0.08511402867470685, 0.1479801397252001, 2.29245671356953, 0.1328125, -0.076171875, 0.9482421875, 2.875, 1.125, -1.1875
-6676, 1382, -127, 14898, 45, 14, -16, 284, -152, 1941, -0.0838466290166633, 0.14761883349251734, 2.292849193147865, 0.138671875, -0.07421875, 0.94775390625, 2.8125, 0.875, -1.0
-6673, 1379, -123, 14899, 22, 9, -16, 298, -156, 1930, -0.08321302388601413, 0.14749649168706516, 2.293230634801723, 0.1455078125, -0.076171875, 0.9423828125, 1.375, 0.5625, -1.0
-6670, 1377, -120, 14900, 19, 10, -21, 293, -158, 1937, -0.08274332403243091, 0.14743591666992936, 2.2936061538531094, 0.14306640625, -0.0771484375, 0.94580078125, 1.1875, 0.625, -1.3125
-6666, 1373, -117, 14903, 6, 6, -28, 270, -131, 1915, -0.08216164911528595, 0.1471722687836973, 2.294327409520541, 0.1318359375, -0.06396484375, 0.93505859375, 0.375, 0.375, -1.75
-6662, 1374, -121, 14904, -28, 2, -23, 288, -160, 1914, -0.08262110529937973, 0.14709767976183147, 2.294737139656975, 0.140625, -0.078125, 0.9345703125, -1.75, 0.125, -1.4375
-6657, 1375, -123, 14907, -8, 6, -29, 292, -166, 1909, -0.08284803553657831, 0.14714528166786486, 2.295502346974442, 0.142578125, -0.0810546875, 0.93212890625, -0.5, 0.375, -1.8125
-6655, 1377, -129, 14907, -21, 5, -13, 288, -189, 1912, -0.08360302991457993, 0.1470709414966896, 2.295617265133906, 0.140625, -0.09228515625, 0.93359375, -1.3125, 0.3125, -0.8125
-6654, 1377, -128, 14908, 37, 5, -13, 303, -226, 1936, -0.08348160695780509, 0.14713240200508867, 2.2958320173886166, 0.14794921875, -0.1103515625, 0.9453125, 2.3125, 0.3125, -0.8125
-6654, 1371, -109, 14909, 117, 1, -11, 304, -171, 1901, -0.08104346470040304, 0.14742125130069844, 2.2960754321502264, 0.1484375, -0.08349609375, 0.92822265625, 7.3125, 0.0625, -0.6875
-6652, 1366, -97, 14910, 64, 5, -18, 299, -136, 1901, -0.0794208777876192, 0.14747294555123447, 2.296429957599332, 0.14599609375, -0.06640625, 0.92822265625, 4.0, 0.3125, -1.125
-6652, 1366, -97, 14910, -12, 2, -3, 290, -157, 1918, -0.0794208777876192, 0.14747294555123447, 2.296429957599332, 0.1416015625, -0.07666015625, 0.9365234375, -0.75, 0.125, -0.1875
-6650, 1364, -96, 14911, 23, 5, -14, 281, -178, 1904, -0.07918589501418828, 0.14731015858803548, 2.29672051149882, 0.13720703125, -0.0869140625, 0.9296875, 1.4375, 0.3125, -0.875
-6649, 1356, -80, 14912, 104, 7, -17, 292, -156, 1907, -0.07697088000966651, 0.14722390086774645, 2.297026300658454, 0.142578125, -0.076171875, 0.93115234375, 6.5, 0.4375, -1.0625
-6647, 1346, -61, 14914, 115, 7, -24, 276, -138, 1906, -0.07430738437690854, 0.14707344961677724, 2.297561764749911, 0.134765625, -0.0673828125, 0.9306640625, 7.1875, 0.4375, -1.5
-6647, 1335, -47, 14915, 98, 23, -11, 291, -143, 1953, -0.0721730852095398, 0.1465487907452677, 2.297784782298346, 0.14208984375, -0.06982421875, 0.95361328125, 6.125, 1.4375, -0.6875
-6648, 1326, -31, 14915, 116, 3, -1, 269, -161, 1919, -0.06992746145036743, 0.14633856503980566, 2.297811419389704, 0.13134765625, -0.07861328125, 0.93701171875, 7.25, 0.1875, -0.0625
-6648, 1320, -12, 14916, 100, 0, -13, 310, -115, 1932, -0.0674900173747771, 0.1466258214140053, 2.29806789801728, 0.1513671875, -0.05615234375, 0.943359375, 6.25, 0.0, -0.8125
-6648, 1316, -1, 14917, 66, 1, -6, 290, -126, 1905, -0.06605184654686416, 0.14673713634553773, 2.2982743581018155, 0.1416015625, -0.0615234375, 0.93017578125, 4.125, 0.0625, -0.375
-6648, 1317, 5, 14916, 28, -7, -3, 307, -133, 1901, -0.0654305116007918, 0.1471399942243819, 2.2981795345293023, 0.14990234375, -0.06494140625, 0.92822265625, 1.75, -0.4375, -0.1875
-6648, 1317, 5, 14916, 14, 2, -6, 281, -133, 1915, -0.0654305116007918, 0.1471399942243819, 2.2981795345293023, 0.13720703125, -0.06494140625, 0.93505859375, 0.875, 0.125, -0.375
-6648, 1310, 12, 14917, 67, 10, -4, 263, -149, 1914, -0.06428699284860478, 0.1467139543705642, 2.2983604882741777, 0.12841796875, -0.07275390625, 0.9345703125, 4.1875, 0.625, -0.25
-6648, 1298, 36, 14918, 138, 12, -14, 297, -99, 1926, -0.06098184080532126, 0.14657722902858472, 2.2986567963515374, 0.14501953125, -0.04833984375, 0.9404296875, 8.625, 0.75, -0.875
-6646, 1289, 50, 14920, 80, 15, -19, 284, -98, 1907, -0.05893187306982743, 0.14628568203235634, 2.2991707687324507, 0.138671875, -0.0478515625, 0.93115234375, 5.0, 0.9375, -1.1875
-6643, 1285, 53, 14921, 27, 18, -19, 292, -112, 1927, -0.058361726919234885, 0.14599487050593166, 2.2995496417646923, 0.142578125, -0.0546875, 0.94091796875, 1.6875, 1.125, -1.1875
-6643, 1279, 57, 14922, 42, 18, -9, 280, -132, 1930, -0.05760644144120992, 0.1455304307554028, 2.299710506980516, 0.13671875, -0.064453125, 0.9423828125, 2.625, 1.125, -0.5625
-6643, 1277, 65, 14922, 53, 4, 0, 304, -124, 1924, -0.05660731036703632, 0.1457058862345641, 2.2997666592528523, 0.1484375, -0.060546875, 0.939453125, 3.3125, 0.25, 0.0
-6643, 1278, 64, 14922, 8, 1, -6, 302, -143, 1922, -0.05677047789088563, 0.14576823049424492, 2.299759850133101, 0.1474609375, -0.06982421875, 0.9384765625, 0.5, 0.0625, -0.375
-6646, 1275, 74, 14921, 59, -1, 10, 292, -108, 1890, -0.05552536527616888, 0.14592344224221931, 2.299471758596193, 0.142578125, -0.052734375, 0.9228515625, 3.6875, -0.0625, 0.625
-6648, 1272, 77, 14920, 26, 10, 8, 285, -112, 1913, -0.05505559435840756, 0.1457280782857653, 2.2992083568732795, 0.13916015625, -0.0546875, 0.93408203125, 1.625, 0.625, 0.5
-6649, 1267, 81, 14920, 32, 14, 6, 278, -115, 1931, -0.0543614941329714, 0.14536717837907884, 2.2991605916374906, 0.1357421875, -0.05615234375, 0.94287109375, 2.0, 0.875, 0.375
-6652, 1258, 91, 14920, 76, 16, 7, 267, -101, 1906, -0.052809638115845166, 0.14485879418903608, 2.2990053279334903, 0.13037109375, -0.04931640625, 0.9306640625, 4.75, 1.0, 0.4375
-6652, 1247, 107, 14920, 91, 17, -3, 275, -79, 1938, -0.050454992319724876, 0.144424449502195, 2.299118099049771, 0.13427734375, -0.03857421875, 0.9462890625, 5.6875, 1.0625, -0.1875
-6653, 1238, 118, 14921, 64, 20, -4, 287, -73, 1944, -0.04877171961344616, 0.1439745934641246, 2.299254967351864, 0.14013671875, -0.03564453125, 0.94921875, 4.0, 1.25, -0.25
-6652, 1234, 126, 14921, 47, 9, -8, 294, -85, 1933, -0.047661835219703186, 0.14392501111532002, 2.2993878352677175, 0.1435546875, -0.04150390625, 0.94384765625, 2.9375, 0.5625, -0.5
-6649, 1238, 126, 14922, -3, -8, -17, 294, -104, 1916, -0.047836605928473504, 0.14438082681518782, 2.29974909074176, 0.1435546875, -0.05078125, 0.935546875, -0.1875, -0.5, -1.0625
-6646, 1238, 133, 14923, 31, 1, -23, 312, -95, 1936, -0.04702275904048894, 0.14473757124895625, 2.3001615714082586, 0.15234375, -0.04638671875, 0.9453125, 1.9375, 0.0625, -1.4375
-6644, 1237, 137, 14924, 29, 2, -14, 300, -102, 1925, -0.046503693234705996, 0.1448326218995887, 2.300475805975683, 0.146484375, -0.0498046875, 0.93994140625, 1.8125, 0.125, -0.875
-6643, 1235, 140, 14925, 25, 1, -7, 271, -93, 1920, -0.0460552309690355, 0.144766205269408, 2.300706784770726, 0.13232421875, -0.04541015625, 0.9375, 1.5625, 0.0625, -0.4375
-6644, 1231, 146, 14925, 36, 4, 3, 277, -90, 1908, -0.04518828898714146, 0.14461790899027105, 2.3006757523183734, 0.13525390625, -0.0439453125, 0.931640625, 2.25, 0.25, 0.1875
-6645, 1226, 147, 14925, 20, 13, 1, 266, -92, 1939, -0.04483133598144654, 0.1441071937442204, 2.300604964080317, 0.1298828125, -0.044921875, 0.94677734375, 1.25, 0.8125, 0.0625
-6646, 1219, 156, 14925, 57, 4, 3, 252, -69, 1899, -0.04347560759247846, 0.1437720729680884, 2.3005952536583654, 0.123046875, -0.03369140625, 0.92724609375, 3.5625, 0.25, 0.1875
-6645, 1216, 162, 14925, 19, 10, -10, 291, -53, 1929, -0.04264122538120547, 0.1437339725862587, 2.300715156269748, 0.14208984375, -0.02587890625, 0.94189453125, 1.1875, 0.625, -0.625
-6644, 1214, 159, 14926, -20, 15, -5, 286, -72, 1937, -0.04286582829823362, 0.14336713258574418, 2.300898885332624, 0.1396484375, -0.03515625, 0.94580078125, -1.25, 0.9375, -0.3125
-6642, 1223, 145, 14926, -90, 0, -6, 297, -86, 1918, -0.04487454330487128, 0.1436759905470229, 2.300946117895621, 0.14501953125, -0.0419921875, 0.9365234375, -5.625, 0.0, -0.375
-6641, 1232, 136, 14926, -64, -9, 2, 313, -104, 1908, -0.04633183790710779, 0.1442362580580168, 2.30095775808333, 0.15283203125, -0.05078125, 0.931640625, -4.0, -0.5625, 0.125
-6640, 1241, 123, 14926, -77, -7, 0, 297, -105, 1896, -0.048237994392317615, 0.14459672944702992, 2.3009389549061563, 0.14501953125, -0.05126953125, 0.92578125, -4.8125, -0.4375, 0.0
-6640, 1253, 104, 14925, -110, -11, 7, 291, -126, 1902, -0.05098020062820385, 0.14498599022839034, 2.3006684732005755, 0.14208984375, -0.0615234375, 0.9287109375, -6.875, -0.6875, 0.4375
-6640, 1263, 88, 14924, -93, -4, 10, 301, -127, 1916, -0.05328448975294992, 0.1453003348859673, 2.3004208017754446, 0.14697265625, -0.06201171875, 0.935546875, -5.8125, -0.25, 0.625
-6641, 1271, 73, 14923, -78, 4, 10, 297, -132, 1913, -0.05538448227707241, 0.14544034779211998, 2.3001059411643485, 0.14501953125, -0.064453125, 0.93408203125, -4.875, 0.25, 0.625
-6641, 1276, 66, 14923, -50, 7, 7, 308, -107, 1884, -0.05642446452236202, 0.14565215722087402, 2.300057488605496, 0.150390625, -0.05224609375, 0.919921875, -3.125, 0.4375, 0.4375
-6638, 1281, 60, 14924, -73, 1, -9, 311, -58, 1892, -0.057323087234524776, 0.1459222749969052, 2.3003752708405703, 0.15185546875, -0.0283203125, 0.923828125, -4.5625, 0.0625, -0.5625
-6634, 1291, 40, 14925, -131, -10, -15, 282, -109, 1984, -0.06003735946098108, 0.14605489793793702, 2.300671371506744, 0.1376953125, -0.05322265625, 0.96875, -8.1875, -0.625, -0.9375
-6636, 1304, 14, 14923, -138, -17, 20, 269, -171, 1917, -0.06363721204726874, 0.14619769019995776, 2.3000775589301874, 0.13134765625, -0.08349609375, 0.93603515625, -8.625, -1.0625, 1.25
-6635, 1320, -5, 14922, -106, -17, 4, 323, -176, 1935, -0.06657660431577557, 0.14703645305701477, 2.299892428385068, 0.15771484375, -0.0859375, 0.94482421875, -6.625, -1.0625, 0.25
-6635, 1321, 2, 14922, 22, -13, -2, 309, -116, 1945, -0.06584274066766843, 0.14749867607364306, 2.299938687395912, 0.15087890625, -0.056640625, 0.94970703125, 1.375, -0.8125, -0.125
-6631, 1328, 1, 14923, -56, -20, -20, 300, -63, 1890, -0.0662732815137128, 0.14824549921051197, 2.3003660415610523, 0.146484375, -0.03076171875, 0.9228515625, -3.5, -1.25, -1.25
-6620, 1342, -24, 14927, -190, -15, -51, 288, -87, 1896, -0.06968425411846693, 0.14861297159294026, 2.301562706902137, 0.140625, -0.04248046875, 0.92578125, -11.875, -0.9375, -3.1875
-6609, 1351, -59, 14931, -191, 23, -51, 263, -158, 1913, -0.0739622655735209, 0.1479251572515727, 2.3027027014964103, 0.12841796875, -0.0771484375, 0.93408203125, -11.9375, 1.4375, -3.1875
-6599, 1364, -84, 14934, -150, -3, -50, 296, -177, 1907, -0.0773330280460771, 0.14817984763567663, 2.303701274758405, 0.14453125, -0.08642578125, 0.93115234375, -9.375, -0.1875, -3.125
-6587, 1381, -101, 14937, -114, -29, -61, 313, -179, 1887, -0.07998961705416531, 0.14928768665555564, 2.304899011484952, 0.15283203125, -0.08740234375, 0.92138671875, -7.125, -1.8125, -3.8125
-6578, 1392, -116, 14940, -114, -6, -44, 328, -150, 1939, -0.08214553292438546, 0.14982055470318867, 2.305886678800479, 0.16015625, -0.0732421875, 0.94677734375, -7.125, -0.375, -2.75
-6566, 1404, -142, 14944, -154, 32, -58, 344, -187, 1928, -0.08555803476284785, 0.14993789058283954, 2.307174122869233, 0.16796875, -0.09130859375, 0.94140625, -9.625, 2.0, -3.625
-6550, 1408, -162, 14950, -112, 21, -86, 286, -179, 1908, -0.08784824467661592, 0.14948200124629493, 2.309075311984108, 0.1396484375, -0.08740234375, 0.931640625, -7.0, 1.3125, -5.375
-6541, 1408, -171, 14954, -81, 1, -51, 238, -107, 1868, -0.08877006788261411, 0.14909187844537655, 2.310244024578498, 0.1162109375, -0.05224609375, 0.912109375, -5.0625, 0.0625, -3.1875
-6540, 1409, -194, 14954, -154, -2, 7, 211, -126, 1980, -0.09139678628187708, 0.14807262188011425, 2.310201277979136, 0.10302734375, -0.0615234375, 0.966796875, -9.625, -0.125, 0.4375
-6546, 1420, -206, 14950, -59, -54, 37, 239, -221, 1888, -0.09336519826834, 0.14866849460809137, 2.309142100945433, 0.11669921875, -0.10791015625, 0.921875, -3.6875, -3.375, 2.3125
-6548, 1430, -197, 14949, -7, -73, 16, 289, -120, 1914, -0.0928842949492209, 0.15022506031428617, 2.308891641869489, 0.14111328125, -0.05859375, 0.9345703125, -0.4375, -4.5625, 1.0
-6541, 1449, -202, 14950, -120, -93, -34, 281, -95, 1878, -0.094344029289543, 0.1521405037140109, 2.3095113498600486, 0.13720703125, -0.04638671875, 0.9169921875, -7.5, -5.8125, -2.125
-6531, 1477, -224, 14951, -213, -97, -41, 286, -131, 1905, -0.09814342236602201, 0.15423943738037735, 2.3102625357218223, 0.1396484375, -0.06396484375, 0.93017578125, -13.3125, -6.0625, -2.5625
-6521, 1509, -263, 14952, -265, -78, -38, 297, -216, 1932, -0.10406204080846744, 0.155957768105436, 2.3109262216253645, 0.14501953125, -0.10546875, 0.943359375, -16.5625, -4.875, -2.375
-6515, 1532, -301, 14951, -222, -42, -17, 308, -269, 1993, -0.10945020685354862, 0.15668465866965348, 2.311041642806786, 0.150390625, -0.13134765625, 0.97314453125, -13.875, -2.625, -1.0625
-6515, 1548, -323, 14949, -100, -26, 9, 317, -316, 1953, -0.11274543511129605, 0.15738461070194792, 2.3106535111524407, 0.15478515625, -0.154296875, 0.95361328125, -6.25, -1.625, 0.5625
-6514, 1548, -317, 14950, 61, -7, -14, 333, -276, 1962, -0.11206057543925628, 0.15769357533805287, 2.310888856508182, 0.16259765625, -0.134765625, 0.9580078125, 3.8125, -0.4375, -0.875
-6514, 1539, -296, 14951, 111, -1, -12, 302, -178, 1894, -0.10923532253360389, 0.15772211506614162, 2.311129534327926, 0.1474609375, -0.0869140625, 0.9248046875, 6.9375, -0.0625, -0.75
-6513, 1540, -301, 14951, -26, 6, -4, 299, -220, 1894, -0.10983820659563778, 0.1575914655818329, 2.311181558151839, 0.14599609375, -0.107421875, 0.9248046875, -1.625, 0.375, -0.25
-6511, 1543, -302, 14952, -20, -8, -14, 315, -198, 1895, -0.11008411664277046, 0.15789690958249258, 2.311458065930099, 0.15380859375, -0.0966796875, 0.92529296875, -1.25, -0.5, -0.875
-6506, 1555, -311, 14953, -76, -34, -21, 315, -202, 1892, -0.11165875484296399, 0.15883199852508967, 2.311913136379512, 0.15380859375, -0.0986328125, 0.923828125, -4.75, -2.125, -1.3125
-6503, 1569, -326, 14952, -98, -45, -14, 302, -250, 1927, -0.11403103652795793, 0.1596708268459085, 2.311919433947947, 0.1474609375, -0.1220703125, 0.94091796875, -6.125, -2.8125, -0.875
-6506, 1584, -352, 14949, -123, -20, 32, 322, -307, 1934, -0.11776077196193538, 0.16004359359375747, 2.3111542922815214, 0.1572265625, -0.14990234375, 0.9443359375, -7.6875, -1.25, 2.0
-6513, 1585, -348, 14946, 36, -13, 36, 307, -257, 1908, -0.11743701988417969, 0.160298552579647, 2.31023621226717, 0.14990234375, -0.12548828125, 0.931640625, 2.25, -0.8125, 2.25
-6521, 1587, -348, 14942, 4, -24, 47, 291, -231, 1875, -0.11762499677897278, 0.16045523734238654, 2.3090904614993186, 0.14208984375, -0.11279296875, 0.91552734375, 0.25, -1.5, 2.9375
-6532, 1592, -356, 14936, -35, -18, 68, 308, -249, 1918, -0.11889968405445635, 0.16052372402057796, 2.30741155005305, 0.150390625, -0.12158203125, 0.9365234375, -2.1875, -1.125, 4.25
-6543, 1592, -360, 14931, -23, -8, 71, 291, -218, 1932, -0.11946771486850813, 0.16023655903993994, 2.305893018307125, 0.14208984375, -0.1064453125, 0.943359375, -1.4375, -0.5, 4.4375
-6554, 1595, -370, 14926, -46, -10, 70, 292, -257, 1986, -0.12086637694100684, 0.1599899042614852, 2.3043464067780564, 0.142578125, -0.12548828125, 0.9697265625, -2.875, -0.625, 4.375
-6573, 1587, -372, 14918, 46, 18, 107, 299, -301, 2026, -0.12087900148525281, 0.15884075892506866, 2.301848007202904, 0.14599609375, -0.14697265625, 0.9892578125, 2.875, 1.125, 6.6875
-6591, 1566, -363, 14913, 125, 91, 99, 325, -277, 1947, -0.11897126772973228, 0.15681521394429734, 2.2998970513607024, 0.15869140625, -0.13525390625, 0.95068359375, 7.8125, 5.6875, 6.1875
-6607, 1543, -347, 14909, 148, 85, 82, 317, -240, 1922, -0.11614988472512568, 0.1549352370227067, 2.298262305635866, 0.15478515625, -0.1171875, 0.9384765625, 9.25, 5.3125, 5.125
-6614, 1535, -319, 14907, 100, 16, 42, 348, -85, 1769, -0.11266485872837813, 0.1553908825249622, 2.2975937700124742, 0.169921875, -0.04150390625, 0.86376953125, 6.25, 1.0, 2.625
-6604, 1548, -334, 14910, -149, 4, -40, 355, -136, 1822, -0.11491886052870018, 0.15616441794540628, 2.2986638630143714, 0.17333984375, -0.06640625, 0.8896484375, -9.3125, 0.25, -2.5
-6595, 1555, -363, 14912, -136, 28, -44, 303, -289, 1909, -0.11844148396736083, 0.15555525801326592, 2.299482733129913, 0.14794921875, -0.14111328125, 0.93212890625, -8.5, 1.75, -2.75
-6593, 1556, -379, 14913, -31, 27, -13, 292, -331, 1954, -0.12027033788858124, 0.15488941108163032, 2.2997071387241563, 0.142578125, -0.16162109375, 0.9541015625, -1.9375, 1.6875, -0.8125
-6598, 1547, -357, 14912, 147, -2, 15, 305, -250, 1873, -0.11738522669608155, 0.15494594512269022, 2.299294965836825, 0.14892578125, -0.1220703125, 0.91455078125, 9.1875, -0.125, 0.9375
-6603, 1540, -326, 14911, 157, -33, 15, 294, -183, 1855, -0.11359436309096109, 0.1556773357242075, 2.298918977560674, 0.1435546875, -0.08935546875, 0.90576171875, 9.8125, -2.0625, 0.9375
-6607, 1538, -310, 14910, 74, -13, 15, 327, -188, 1890, -0.11173736529303988, 0.15622827191049743, 2.2985543489454243, 0.15966796875, -0.091796875, 0.9228515625, 4.625, -0.8125, 0.9375
-6608, 1535, -306, 14910, 31, 1, 4, 289, -216, 1912, -0.11114346547678677, 0.15608792376173, 2.2985011347171524, 0.14111328125, -0.10546875, 0.93359375, 1.9375, 0.0625, 0.25
-6611, 1525, -283, 14910, 154, -7, 1, 298, -230, 1916, -0.10807498083068419, 0.15610327230390103, 2.2983917428661087, 0.1455078125, -0.1123046875, 0.935546875, 9.625, -0.4375, 0.0625
-6616, 1517, -261, 14909, 137, -9, 14, 299, -216, 1894, -0.10524412100200935, 0.15627931179846896, 2.2979943267123097, 0.14599609375, -0.10546875, 0.9248046875, 8.5625, -0.5625, 0.875
-6619, 1511, -243, 14909, 101, -10, 14, 312, -188, 1925, -0.10294578596879166, 0.1564973314889685, 2.297863162378858, 0.15234375, -0.091796875, 0.93994140625, 6.3125, -0.625, 0.875
-6622, 1507, -234, 14908, 53, 8, 9, 322, -196, 1960, -0.10175988636022448, 0.1564801792790064, 2.297552750608884, 0.1572265625, -0.095703125, 0.95703125, 3.3125, 0.5, 0.5625
-6625, 1498, -223, 14908, 86, 3, 9, 284, -214, 1951, -0.10009142903943619, 0.15601255428397087, 2.297393415235366, 0.138671875, -0.1044921875, 0.95263671875, 5.375, 0.1875, 0.5625
-6628, 1491, -204, 14907, 109, 4, 12, 321, -178, 1919, -0.09762785568640248, 0.156158994988817, 2.2971384457497828, 0.15673828125, -0.0869140625, 0.93701171875, 6.8125, 0.25, 0.75
-6631, 1483, -193, 14907, 72, 13, 10, 309, -181, 1927, -0.09601173303295658, 0.15580506468221422, 2.2969796943976832, 0.15087890625, -0.08837890625, 0.94091796875, 4.5, 0.8125, 0.625
-6631, 1480, -182, 14908, 59, 3, -8, 320, -175, 1889, -0.09462329228607633, 0.1560290641431672, 2.2971757862318665, 0.15625, -0.08544921875, 0.92236328125, 3.6875, 0.1875, -0.5
-6627, 1477, -167, 14910, 61, 9, -24, 349, -135, 1898, -0.09274284827991944, 0.15646926494617266, 2.29782860743085, 0.17041015625, -0.06591796875, 0.9267578125, 3.8125, 0.5625, -1.5
-6622, 1478, -171, 14912, -19, 12, -27, 321, -192, 1926, -0.0931906058638729, 0.15641053001673225, 2.298449230002873, 0.15673828125, -0.09375, 0.9404296875, -1.1875, 0.75, -1.6875
-6623, 1479, -166, 14911, 40, -14, -2, 303, -216, 1884, -0.09269112159261082, 0.15676034540097405, 2.2982663906036005, 0.14794921875, -0.10546875, 0.919921875, 2.5, -0.875, -0.125
-6622, 1483, -162, 14911, 29, -9, -8, 340, -210, 1901, -0.09243831836058991, 0.15741133096113427, 2.298360239566507, 0.166015625, -0.1025390625, 0.92822265625, 1.8125, -0.5625, -0.5
-6623, 1483, -158, 14911, 31, -8, -2, 307, -198, 1909, -0.09200052833432619, 0.15760996365782232, 2.298307975589178, 0.14990234375, -0.0966796875, 0.93212890625, 1.9375, -0.5, -0.125
-6625, 1483, -157, 14910, 28, -10, 10, 294, -219, 1906, -0.09190939696983505, 0.15764637153067612, 2.298029222916877, 0.1435546875, -0.10693359375, 0.9306640625, 1.75, -0.625, 0.625
-6630, 1481, -148, 14908, 87, -10, 22, 302, -229, 1898, -0.09084915021922747, 0.1578432990766186, 2.2974386273752203, 0.1474609375, -0.11181640625, 0.9267578125, 5.4375, -0.625, 1.375
-6636, 1477, -132, 14906, 98, -18, 23, 309, -178, 1883, -0.08891110902148168, 0.15816546693332925, 2.296816669637701, 0.15087890625, -0.0869140625, 0.91943359375, 6.125, -1.125, 1.4375
-6638, 1480, -126, 14905, 29, -10, 13, 339, -183, 1930, -0.08841476281813386, 0.15879021890549044, 2.296566120048758, 0.16552734375, -0.08935546875, 0.9423828125, 1.8125, -0.625, 0.8125
-6638, 1478, -115, 14905, 61, -15, -9, 313, -172, 1905, -0.08707690883462368, 0.15911625374800495, 2.2966338509238535, 0.15283203125, -0.083984375, 0.93017578125, 3.8125, -0.9375, -0.5625
-6639, 1476, -101, 14905, 60, -20, -3, 307, -133, 1924, -0.08541357623568908, 0.1595918222494661, 2.296646782662485, 0.14990234375, -0.06494140625, 0.939453125, 3.75, -1.25, -0.1875
-6641, 1477, -95, 14904, 26, -17, 13, 320, -160, 1933, -0.08481367480750787, 0.15999234193123557, 2.2963996870651058, 0.15625, -0.078125, 0.94384765625, 1.625, -1.0625, 0.8125
-6645, 1477, -88, 14903, 50, -20, 16, 305, -179, 1918, -0.0840720515311163, 0.16032938354019938, 2.2960106655601225, 0.14892578125, -0.08740234375, 0.9365234375, 3.125, -1.25, 1.0
-6648, 1472, -73, 14902, 86, -12, 13, 315, -159, 1926, -0.08216268740303359, 0.16050651548251313, 2.2957508782747436, 0.15380859375, -0.07763671875, 0.9404296875, 5.375, -0.75, 0.8125
-6652, 1464, -59, 14901, 93, 5, 12, 301, -161, 1920, -0.0802212795291771, 0.1602963638514483, 2.2954125412060753, 0.14697265625, -0.07861328125, 0.9375, 5.8125, 0.3125, 0.75
-6656, 1458, -45, 14900, 108, -6, 12, 301, -185, 1900, -0.07838364896690171, 0.16031209252234158, 2.2950749158113486, 0.14697265625, -0.09033203125, 0.927734375, 6.75, -0.375, 0.75
-6662, 1451, -30, 14898, 92, -7, 29, 295, -146, 1912, -0.07640379973281934, 0.16025517062173728, 2.294461665709628, 0.14404296875, -0.0712890625, 0.93359375, 5.75, -0.4375, 1.8125
-6668, 1449, -14, 14895, 96, -27, 24, 318, -156, 1906, -0.07457094706774409, 0.16080135418423983, 2.293721472595255, 0.1552734375, -0.076171875, 0.9306640625, 6.0, -1.6875, 1.5
-6671, 1450, 0, 14894, 69, -25, 17, 329, -139, 1907, -0.07308560341654417, 0.16160750587667583, 2.2934631978620086, 0.16064453125, -0.06787109375, 0.93115234375, 4.3125, -1.5625, 1.0625
-6675, 1449, 17, 14892, 85, -36, 17, 309, -124, 1888, -0.07117132995272807, 0.16232985408825243, 2.293019650308566, 0.15087890625, -0.060546875, 0.921875, 5.3125, -2.25, 1.0625
-6680, 1452, 28, 14889, 64, -37, 24, 332, -156, 1906, -0.07014860796198397, 0.1631897277135866, 2.292324505797509, 0.162109375, -0.076171875, 0.9306640625, 4.0, -2.3125, 1.5
-6685, 1450, 46, 14887, 86, -27, 18, 325, -115, 1928, -0.06808200209145908, 0.16385267266833692, 2.291819608619421, 0.15869140625, -0.05615234375, 0.94140625, 5.375, -1.6875, 1.125
-6689, 1450, 57, 14886, 68, -23, 17, 334, -146, 1940, -0.06689282148088205, 0.16439878540235894, 2.291473132361554, 0.1630859375, -0.0712890625, 0.947265625, 4.25, -1.4375, 1.0625
-6693, 1445, 80, 14884, 126, -28, 12, 318, -116, 1922, -0.06409956937135197, 0.16497919345140602, 2.291087258150035, 0.1552734375, -0.056640625, 0.9384765625, 7.875, -1.75, 0.75
-6694, 1442, 99, 14884, 73, -49, 1, 281, -67, 1927, -0.06182469571787315, 0.16560322092040936, 2.2911677257776186, 0.13720703125, -0.03271484375, 0.94091796875, 4.5625, -3.0625, 0.0625
-6695, 1441, 115, 14883, 58, -40, 2, 312, -71, 1922, -0.05999051122530384, 0.16628986684508898, 2.291091742226116, 0.15234375, -0.03466796875, 0.9384765625, 3.625, -2.5, 0.125
-6696, 1444, 122, 14883, 33, -27, 2, 334, -121, 1931, -0.059371815419178936, 0.16698219821967752, 2.2910790858235783, 0.1630859375, -0.05908203125, 0.94287109375, 2.0625, -1.6875, 0.125
-6696, 1438, 134, 14883, 67, -12, -5, 301, -97, 1950, -0.05771539999537938, 0.16691460554779788, 2.2911788872530128, 0.14697265625, -0.04736328125, 0.9521484375, 4.1875, -0.75, -0.3125
-6699, 1430, 149, 14882, 83, -4, 11, 315, -89, 1941, -0.05565277920527617, 0.16676646498929162, 2.290946370802491, 0.15380859375, -0.04345703125, 0.94775390625, 5.1875, -0.25, 0.6875
-6706, 1426, 163, 14879, 38, -39, 40, 276, -25, 1945, -0.053954877637942336, 0.16700160122145238, 2.2901416401618424, 0.134765625, -0.01220703125, 0.94970703125, 2.375, -2.4375, 2.5
-6715, 1454, 136, 14873, -151, -90, 69, 312, -200, 1908, -0.05853829891210392, 0.16872492941287437, 2.288441792688437, 0.15234375, -0.09765625, 0.931640625, -9.4375, -5.625, 4.3125
-6728, 1471, 129, 14865, -6, -26, 78, 426, -236, 1940, -0.060358806775890346, 0.1702045385749234, 2.286342695648607, 0.2080078125, -0.115234375, 0.947265625, -0.375, -1.625, 4.875
-6739, 1465, 150, 14861, 156, -20, 49, 338, -161, 1935, -0.05781918371002271, 0.17056657445396903, 2.285169081168469, 0.1650390625, -0.07861328125, 0.94482421875, 9.75, -1.25, 3.0625
-6749, 1466, 175, 14856, 122, -40, 52, 368, -95, 1897, -0.05518737183757223, 0.17191061730753146, 2.2839798141933656, 0.1796875, -0.04638671875, 0.92626953125, 7.625, -2.5, 3.25
-6758, 1473, 179, 14851, 13, -38, 53, 347, -117, 1869, -0.055211429925786364, 0.1728577207453179, 2.2826790226116596, 0.16943359375, -0.05712890625, 0.91259765625, 0.8125, -2.375, 3.3125
-6767, 1480, 190, 14846, 37, -58, 53, 335, -83, 1857, -0.054452920309480096, 0.1741633323513974, 2.2814450114775378, 0.16357421875, -0.04052734375, 0.90673828125, 2.3125, -3.625, 3.3125
-6771, 1492, 194, 14843, -7, -46, 31, 381, -101, 1883, -0.054682600524294626, 0.17568804135909843, 2.280790796385564, 0.18603515625, -0.04931640625, 0.91943359375, -0.4375, -2.875, 1.9375
-6778, 1487, 212, 14840, 114, -31, 28, 326, -119, 1927, -0.052488279704807454, 0.17602619334148867, 2.2800366610511467, 0.1591796875, -0.05810546875, 0.94091796875, 7.125, -1.9375, 1.75
-6783, 1483, 232, 14838, 97, -16, 22, 358, -72, 1942, -0.050098553598627166, 0.17658919955482189, 2.2795898981527296, 0.1748046875, -0.03515625, 0.9482421875, 6.0625, -1.0, 1.375
-6787, 1479, 249, 14836, 95, -37, 15, 325, -84, 1934, -0.048033732543097035, 0.17699787876957018, 2.279189602724367, 0.15869140625, -0.041015625, 0.9443359375, 5.9375, -2.3125, 0.9375
-6787, 1481, 269, 14836, 74, -51, -6, 354, -49, 1941, -0.04589855532977559, 0.17824999470330327, 2.2793975090897005, 0.1728515625, -0.02392578125, 0.94775390625, 4.625, -3.1875, -0.375
-6785, 1491, 274, 14835, 13, -53, -13, 372, -120, 1947, -0.04584160847028576, 0.17961479673138447, 2.2794721867099246, 0.181640625, -0.05859375, 0.95068359375, 0.8125, -3.3125, -0.8125
-6787, 1491, 291, 14834, 88, -43, 5, 350, -86, 1950, -0.04396168479503866, 0.18048142030096526, 2.2793689519572795, 0.1708984375, -0.0419921875, 0.9521484375, 5.5, -2.6875, 0.3125
-6790, 1492, 306, 14833, 67, -38, 11, 358, -66, 1915, -0.04236936390061551, 0.18136052028885746, 2.279175692844533, 0.1748046875, -0.0322265625, 0.93505859375, 4.1875, -2.375, 0.6875
-6791, 1500, 311, 14831, 1, -43, 10, 370, -73, 1908, -0.0422438791655636, 0.18249629272690185, 2.2788949379030834, 0.1806640625, -0.03564453125, 0.931640625, 0.0625, -2.6875, 0.625
-6792, 1509, 315, 14830, -2, -41, 5, 379, -79, 1881, -0.04228074797925128, 0.18370447654064614, 2.2787425378236645, 0.18505859375, -0.03857421875, 0.91845703125, -0.125, -2.5625, 0.3125
-6791, 1512, 318, 14830, 6, -17, -8, 370, -75, 1893, -0.04209021925442795, 0.18419364944615868, 2.278853571140907, 0.1806640625, -0.03662109375, 0.92431640625, 0.375, -1.0625, -0.5
-6791, 1514, 321, 14830, 17, -12, -1, 356, -88, 1889, -0.041858706771536795, 0.18457285201578846, 2.2788901305140565, 0.173828125, -0.04296875, 0.92236328125, 1.0625, -0.75, -0.0625
-6794, 1521, 322, 14827, -13, -17, 22, 395, -83, 1892, -0.04215524328150374, 0.18538393078495902, 2.2782811670690557, 0.19287109375, -0.04052734375, 0.923828125, -0.8125, -1.0625, 1.375
-6797, 1534, 310, 14825, -71, -17, 29, 409, -113, 1907, -0.04422185772929065, 0.18621091032622125, 2.277673456626262, 0.19970703125, -0.05517578125, 0.93115234375, -4.4375, -1.0625, 1.8125
-6801, 1548, 298, 14822, -69, -36, 27, 378, -132, 1914, -0.0463561271954384, 0.18714000119785126, 2.2768568507641245, 0.1845703125, -0.064453125, 0.9345703125, -4.3125, -2.25, 1.6875
-6802, 1555, 300, 14821, -10, -32, 9, 372, -88, 1870, -0.04651432444544433, 0.18802046588337906, 2.2766787874289296, 0.181640625, -0.04296875, 0.9130859375, -0.625, -2.0, 0.5625
-6801, 1552, 312, 14821, 37, -19, -6, 347, -29, 1873, -0.04499977583104571, 0.18829994512770576, 2.276881324244496, 0.16943359375, -0.01416015625, 0.91455078125, 2.3125, -1.1875, -0.375
-6801, 1552, 313, 14821, -7, -10, 1, 376, -46, 1905, -0.044887689601305715, 0.18835152857020068, 2.2768925702719476, 0.18359375, -0.0224609375, 0.93017578125, -0.4375, -0.625, 0.0625
-6801, 1555, 307, 14821, -24, -2, -1, 368, -108, 1918, -0.04571799564916964, 0.18837926597282043, 2.2768298018174713, 0.1796875, -0.052734375, 0.9365234375, -1.5, -0.125, -0.0625
-6802, 1552, 314, 14820, 46, 1, 4, 367, -93, 1920, -0.044789740907647084, 0.1883937225498009, 2.276693259256185, 0.17919921875, -0.04541015625, 0.9375, 2.875, 0.0625, 0.25
-6803, 1546, 321, 14821, 42, 9, -2, 361, -75, 1926, -0.04369898584908037, 0.1880945948078025, 2.276827589004164, 0.17626953125, -0.03662109375, 0.9404296875, 2.625, 0.5625, -0.125
-6805, 1540, 324, 14820, 15, 18, 11, 354, -58, 1921, -0.04307316284715177, 0.18756819893177856, 2.276568565150118, 0.1728515625, -0.0283203125, 0.93798828125, 0.9375, 1.125, 0.6875
-6806, 1541, 316, 14820, -33, 19, 12, 371, -100, 1929, -0.044033954049436115, 0.1872701418475615, 2.2764070707260933, 0.18115234375, -0.048828125, 0.94189453125, -2.0625, 1.1875, 0.75
-6807, 1539, 308, 14820, -23, 23, 2, 364, -119, 1941, -0.044836860855947576, 0.18663486259421236, 2.276241735770899, 0.177734375, -0.05810546875, 0.94775390625, -1.4375, 1.4375, 0.125
-6807, 1540, 307, 14820, 12, 9, -1, 363, -103, 1893, -0.045001516731348806, 0.18669561953126598, 2.2762321287592666, 0.17724609375, -0.05029296875, 0.92431640625, 0.75, 0.5625, -0.0625
-6806, 1543, 304, 14820, -31, 2, 0, 381, -82, 1894, -0.045483827052714136, 0.1868755894171227, 2.276276179270819, 0.18603515625, -0.0400390625, 0.9248046875, -1.9375, 0.125, 0.0
-6806, 1550, 293, 14819, -58, 2, 4, 380, -113, 1904, -0.0470870261493115, 0.18708278036577108, 2.276027227050506, 0.185546875, -0.05517578125, 0.9296875, -3.625, 0.125, 0.25
-6805, 1554, 288, 14820, -26, 5, -5, 389, -103, 1897, -0.04784393710820432, 0.18728382189245893, 2.2761885547795226, 0.18994140625, -0.05029296875, 0.92626953125, -1.625, 0.3125, -0.3125
-6805, 1554, 289, 14820, -10, 13, -13, 367, -84, 1923, -0.047731891124441206, 0.18733542570699377, 2.2761995260904433, 0.17919921875, -0.041015625, 0.93896484375, -0.625, 0.8125, -0.8125
-6804, 1554, 286, 14820, -23, 0, -3, 351, -80, 1901, -0.04805625427714977, 0.18717844702958208, 2.276239510770513, 0.17138671875, -0.0390625, 0.92822265625, -1.4375, 0.0, -0.1875
-6804, 1554, 286, 14820, 9, -5, 2, 375, -98, 1924, -0.04805625427714977, 0.18717844702958208, 2.276239510770513, 0.18310546875, -0.0478515625, 0.939453125, 0.5625, -0.3125, 0.125
-6805, 1551, 291, 14820, 36, -1, 2, 355, -97, 1897, -0.047349809600244715, 0.1871014873997087, 2.2762172115713297, 0.17333984375, -0.04736328125, 0.92626953125, 2.25, -0.0625, 0.125
-6805, 1546, 303, 14820, 72, 6, -6, 372, -86, 1910, -0.045742035469779424, 0.18715881459651204, 2.276342430497474, 0.181640625, -0.0419921875, 0.9326171875, 4.5, 0.375, -0.375
-6806, 1543, 309, 14820, 33, 7, -1, 374, -78, 1899, -0.044923566808226574, 0.18713363150127937, 2.2763318080866894, 0.1826171875, -0.0380859375, 0.92724609375, 2.0625, 0.4375, -0.0625
-6806, 1543, 310, 14820, -16, 8, -6, 376, -55, 1901, -0.044811510271154015, 0.18718524143052898, 2.2763429688801238, 0.18359375, -0.02685546875, 0.92822265625, -1.0, 0.5, -0.375
-6804, 1545, 298, 14821, -50, 11, -5, 363, -117, 1963, -0.046235691770477566, 0.18679789111322712, 2.2764961235485366, 0.17724609375, -0.05712890625, 0.95849609375, -3.125, 0.6875, -0.3125
-6803, 1542, 303, 14821, 37, -2, -12, 356, -102, 1915, -0.045505921665777785, 0.18671641034674474, 2.2766198882183755, 0.173828125, -0.0498046875, 0.93505859375, 2.3125, -0.125, -0.75
-6802, 1543, 312, 14822, 35, -11, -9, 379, -69, 1893, -0.044535908419907434, 0.1873024007241913, 2.276932156268088, 0.18505859375, -0.03369140625, 0.92431640625, 2.1875, -0.6875, -0.5625
-6801, 1547, 311, 14822, -18, -8, -5, 385, -83, 1896, -0.044846581010784134, 0.18769806955034546, 2.277000030645262, 0.18798828125, -0.04052734375, 0.92578125, -1.125, -0.5, -0.3125
-6801, 1548, 311, 14822, -12, -7, -6, 381, -92, 1885, -0.044899159824937515, 0.187810477526839, 2.2770015612351058, 0.18603515625, -0.044921875, 0.92041015625, -0.75, -0.4375, -0.375
-6801, 1547, 312, 14822, 15, 0, -1, 360, -61, 1916, -0.04473449797274452, 0.18774964708579905, 2.277011238973727, 0.17578125, -0.02978515625, 0.935546875, 0.9375, 0.0, -0.0625
-6800, 1546, 317, 14822, 18, -3, -9, 370, -67, 1931, -0.044109781781465525, 0.1878927260124284, 2.2771388561854, 0.1806640625, -0.03271484375, 0.94287109375, 1.125, -0.1875, -0.5625
-6796, 1550, 318, 14823, -8, -16, -20, 384, -82, 1908, -0.04415853975330949, 0.18839607383314, 2.2775859322122773, 0.1875, -0.0400390625, 0.931640625, -0.5, -1.0, -1.25
-6794, 1556, 318, 14824, -16, -19, -14, 381, -87, 1919, -0.044447802590115174, 0.18907767193340505, 2.2778789330723335, 0.18603515625, -0.04248046875, 0.93701171875, -1.0, -1.1875, -0.875
-6793, 1560, 317, 14824, -10, -22, -7, 366, -98, 1911, -0.04475827907985957, 0.1894735505661224, 2.277946909831021, 0.1787109375, -0.0478515625, 0.93310546875, -0.625, -1.375, -0.4375
-6791, 1562, 319, 14824, 2, -17, -9, 362, -86, 1923, -0.04461541524120755, 0.18979670872955381, 2.278118929548929, 0.1767578125, -0.0419921875, 0.93896484375, 0.125, -1.0625, -0.5625
-6789, 1570, 316, 14825, -28, -29, -11, 379, -104, 1897, -0.045345992802902656, 0.19054904948943654, 2.2783810145174073, 0.18505859375, -0.05078125, 0.92626953125, -1.75, -1.8125, -0.6875
-6784, 1580, 314, 14826, -39, -33, -26, 386, -81, 1900, -0.04603363233437794, 0.19157110651193335, 2.278876983577999, 0.1884765625, -0.03955078125, 0.927734375, -2.4375, -2.0625, -1.625
-6779, 1588, 305, 14827, -66, -28, -22, 362, -94, 1888, -0.047401219059854165, 0.19200838945100354, 2.27929021706003, 0.1767578125, -0.0458984375, 0.921875, -4.125, -1.75, -1.375
-6779, 1596, 295, 14827, -65, -25, 1, 356, -103, 1923, -0.0489436158426783, 0.19239417649746782, 2.279188852180294, 0.173828125, -0.05029296875, 0.93896484375, -4.0625, -1.5625, 0.0625
-6779, 1596, 294, 14827, -12, -15, 10, 375, -133, 1914, -0.04905580759179309, 0.19234271985150117, 2.279177574603149, 0.18310546875, -0.06494140625, 0.9345703125, -0.75, -0.9375, 0.625
-6781, 1598, 300, 14826, 41, -14, 8, 385, -113, 1896, -0.04851429107877685, 0.19286900018532316, 2.2789644624649728, 0.18798828125, -0.05517578125, 0.92578125, 2.5625, -0.875, 0.5
-6781, 1599, 305, 14825, 16, -17, 3, 380, -86, 1920, -0.0480081906279071, 0.1932268075635056, 2.278885360227437, 0.185546875, -0.0419921875, 0.9375, 1.0, -1.0625, 0.1875
-6780, 1603, 307, 14825, -7, -25, -8, 378, -83, 1901, -0.04798198935494311, 0.1937776652201464, 2.2789874986694585, 0.1845703125, -0.04052734375, 0.92822265625, -0.4375, -1.5625, -0.5
-6777, 1608, 310, 14826, -10, -19, -13, 388, -66, 1872, -0.047869357846730465, 0.1945001075099814, 2.279386851838484, 0.189453125, -0.0322265625, 0.9140625, -0.625, -1.1875, -0.8125
-6775, 1615, 300, 14827, -64, -11, -12, 384, -106, 1909, -0.04933303524170817, 0.19478128965736577, 2.2795666265035286, 0.1875, -0.0517578125, 0.93212890625, -4.0, -0.6875, -0.75
-6775, 1616, 299, 14827, -6, -4, -9, 385, -109, 1911, -0.049497872847603076, 0.19484243841573387, 2.279556668321206, 0.18798828125, -0.05322265625, 0.93310546875, -0.375, -0.25, -0.5625
-6776, 1615, 304, 14826, 29, -11, 5, 377, -104, 1928, -0.048898630324442305, 0.19497713991722682, 2.279401717464318, 0.18408203125, -0.05078125, 0.94140625, 1.8125, -0.6875, 0.3125
-6779, 1616, 308, 14824, 29, -19, 14, 378, -109, 1928, -0.048543717297464, 0.19527805735180004, 2.278954434696606, 0.1845703125, -0.05322265625, 0.94140625, 1.8125, -1.1875, 0.875
-6779, 1617, 308, 14824, 8, -15, 15, 401, -104, 1916, -0.048596335437634135, 0.1953906458738531, 2.2789559564492117, 0.19580078125, -0.05078125, 0.935546875, 0.5, -0.9375, 0.9375
-6780, 1620, 310, 14824, 5, -17, 5, 384, -105, 1887, -0.04854202461114978, 0.1958337635074486, 2.2789104222974736, 0.1875, -0.05126953125, 0.92138671875, 0.3125, -1.0625, 0.3125
-6781, 1628, 303, 14823, -33, -16, 7, 392, -126, 1910, -0.04976357647371599, 0.19636402918685053, 2.2786308169861287, 0.19140625, -0.0615234375, 0.9326171875, -2.0625, -1.0, 0.4375
-6781, 1628, 303, 14823, 9, -9, 8, 385, -119, 1896, -0.04976357647371599, 0.19636402918685053, 2.2786308169861287, 0.18798828125, -0.05810546875, 0.92578125, 0.5625, -0.5625, 0.5
-6781, 1628, 302, 14823, 13, -13, 4, 387, -110, 1890, -0.049875811154343835, 0.19631251712318964, 2.2786192849028484, 0.18896484375, -0.0537109375, 0.9228515625, 0.8125, -0.8125, 0.25
-6781, 1629, 302, 14822, 13, -16, 3, 390, -101, 1892, -0.04993078485846516, 0.19641274621347457, 2.278483150446239, 0.1904296875, -0.04931640625, 0.923828125, 0.8125, -1.0, 0.1875
-6781, 1629, 303, 14822, 11, -14, 2, 401, -95, 1881, -0.0498185558533175, 0.19646425930434547, 2.278494688756131, 0.19580078125, -0.04638671875, 0.91845703125, 0.6875, -0.875, 0.125
-6780, 1635, 301, 14822, -31, -16, -1, 393, -80, 1882, -0.05034677725383737, 0.19703456983926254, 2.2785537547668135, 0.19189453125, -0.0390625, 0.9189453125, -1.9375, -1.0, -0.0625
-6780, 1644, 294, 14821, -57, -19, 11, 393, -97, 1879, -0.05160916067983542, 0.19767504149922788, 2.2783485680394127, 0.19189453125, -0.04736328125, 0.91748046875, -3.5625, -1.1875, 0.6875
-6782, 1652, 283, 14819, -63, -13, 20, 388, -115, 1883, -0.05329523409273034, 0.19798849178693345, 2.2778119316414283, 0.189453125, -0.05615234375, 0.91943359375, -3.9375, -0.8125, 1.25
-6785, 1658, 273, 14818, -54, -2, 18, 403, -127, 1918, -0.05477416752433824, 0.19814241259054735, 2.277349145298166, 0.19677734375, -0.06201171875, 0.9365234375, -3.375, -0.125, 1.125
-6785, 1658, 273, 14818, 6, 2, 12, 385, -115, 1924, -0.05477416752433824, 0.19814241259054735, 2.277349145298166, 0.18798828125, -0.05615234375, 0.939453125, 0.375, 0.125, 0.75
-6786, 1657, 277, 14817, 20, -3, 8, 382, -101, 1918, -0.0542871376200008, 0.19822556447954628, 2.2771822726716424, 0.1865234375, -0.04931640625, 0.9365234375, 1.25, -0.1875, 0.5
-6788, 1656, 282, 14816, 25, -3, 8, 394, -93, 1905, -0.05370051342855867, 0.19836251506621755, 2.2769538682594366, 0.1923828125, -0.04541015625, 0.93017578125, 1.5625, -0.1875, 0.5
-6788, 1656, 282, 14816, -11, -5, 4, 399, -92, 1906, -0.05370051342855867, 0.19836251506621755, 2.2769538682594366, 0.19482421875, -0.044921875, 0.9306640625, -0.6875, -0.3125, 0.25
-6787, 1659, 281, 14817, -17, 0, -4, 399, -100, 1900, -0.053956602344009154, 0.1986591972741507, 2.27715755245921, 0.19482421875, -0.048828125, 0.927734375, -1.0625, 0.0, -0.25
-6785, 1661, 276, 14817, -27, 4, -9, 397, -109, 1914, -0.05459821206390381, 0.19862231432968935, 2.277249449734819, 0.19384765625, -0.05322265625, 0.9345703125, -1.6875, 0.25, -0.5625
-6785, 1661, 276, 14817, -9, 4, -6, 393, -118, 1897, -0.05459821206390381, 0.19862231432968935, 2.277249449734819, 0.19189453125, -0.0576171875, 0.92626953125, -0.5625, 0.25, -0.375
-6786, 1661, 280, 14817, 22, 1, 2, 397, -104, 1882, -0.05416195505218231, 0.19883071074447256, 2.2772219836719567, 0.19384765625, -0.05078125, 0.9189453125, 1.375, 0.0625, 0.125
-6786, 1662, 280, 14817, 13, 0, 7, 409, -115, 1885, -0.054214823641457084, 0.19894332597151043, 2.2772233651001104, 0.19970703125, -0.05615234375, 0.92041015625, 0.8125, 0.0, 0.4375
-6788, 1663, 285, 14816, 26, 1, 12, 411, -105, 1878, -0.05373397249787866, 0.19930553309931628, 2.276998049663564, 0.20068359375, -0.05126953125, 0.9169921875, 1.625, 0.0625, 0.75
-6788, 1663, 285, 14816, 1, 2, 13, 405, -104, 1879, -0.05373397249787866, 0.19930553309931628, 2.276998049663564, 0.19775390625, -0.05078125, 0.91748046875, 0.0625, 0.125, 0.8125
-6788, 1663, 285, 14816, 3, 4, 7, 385, -116, 1895, -0.05373397249787866, 0.19930553309931628, 2.276998049663564, 0.18798828125, -0.056640625, 0.92529296875, 0.1875, 0.25, 0.4375
-6789, 1661, 287, 14815, 32, 8, 2, 389, -129, 1904, -0.053418566874239466, 0.1991730485946117, 2.276807267504881, 0.18994140625, -0.06298828125, 0.9296875, 2.0, 0.5, 0.125
-6791, 1660, 290, 14815, 27, -1, 7, 388, -122, 1936, -0.05305425093558485, 0.1992196571970048, 2.2766943071120154, 0.189453125, -0.0595703125, 0.9453125, 1.6875, -0.0625, 0.4375
-6791, 1659, 293, 14814, 16, -2, 1, 391, -100, 1932, -0.05266694631433656, 0.19924929326018384, 2.2765896136882176, 0.19091796875, -0.048828125, 0.943359375, 1.0, -0.125, 0.0625
-6791, 1661, 291, 14815, -19, -6, -3, 394, -93, 1934, -0.05299491786177302, 0.1993838853282967, 2.2767072876050625, 0.1923828125, -0.04541015625, 0.9443359375, -1.1875, -0.375, -0.1875
-6788, 1665, 283, 14815, -51, -1, -8, 394, -110, 1915, -0.054066333999911745, 0.19941492099829186, 2.276839963668385, 0.1923828125, -0.0537109375, 0.93505859375, -3.1875, -0.0625, -0.5
-6786, 1670, 271, 14816, -73, 1, -7, 379, -108, 1918, -0.055650009570890016, 0.1993673908192426, 2.276993713414288, 0.18505859375, -0.052734375, 0.9365234375, -4.5625, 0.0625, -0.4375
-6783, 1675, 263, 14817, -51, -1, -16, 394, -122, 1897, -0.056772239705404764, 0.19952456976268917, 2.2772667807051685, 0.1923828125, -0.0595703125, 0.92626953125, -3.1875, -0.0625, -1.0
-6780, 1680, 257, 14818, -43, 8, -15, 412, -109, 1869, -0.05767005276228115, 0.19978527374027877, 2.2775627533233997, 0.201171875, -0.05322265625, 0.91259765625, -2.6875, 0.5, -0.9375
-6778, 1684, 253, 14818, -27, 7, -5, 415, -117, 1853, -0.058305168298070226, 0.20002584572468973, 2.2776690987616677, 0.20263671875, -0.05712890625, 0.90478515625, -1.6875, 0.4375, -0.3125
-6778, 1685, 253, 14818, -4, 5, -2, 412, -103, 1867, -0.05835810189192683, 0.2001384957682712, 2.2776703480656266, 0.201171875, -0.05029296875, 0.91162109375, -0.25, 0.3125, -0.125
-6778, 1685, 254, 14818, -11, 12, 0, 410, -105, 1883, -0.058245865803717746, 0.20019002463241165, 2.277681599809223, 0.2001953125, -0.05126953125, 0.91943359375, -0.6875, 0.75, 0.0
-6778, 1685, 254, 14818, -13, 11, 0, 398, -122, 1916, -0.058245865803717746, 0.20019002463241165, 2.277681599809223, 0.1943359375, -0.0595703125, 0.935546875, -0.8125, 0.6875, 0.0
-6778, 1685, 252, 14818, 7, 2, 3, 368, -151, 1926, -0.05847033653006644, 0.2000869674427485, 2.2776591080478075, 0.1796875, -0.07373046875, 0.9404296875, 0.4375, 0.125, 0.1875
-6779, 1684, 255, 14818, 33, -4, 0, 376, -139, 1908, -0.05809347935771794, 0.20013084022759856, 2.277618436740958, 0.18359375, -0.06787109375, 0.931640625, 2.0625, -0.25, 0.0
-6779, 1683, 255, 14818, 11, -3, 3, 377, -115, 1921, -0.05804054516165849, 0.2000181903589018, 2.2776171777291285, 0.18408203125, -0.05615234375, 0.93798828125, 0.6875, -0.1875, 0.1875
-6779, 1683, 255, 14818, -11, -2, 5, 381, -115, 1929, -0.05804054516165849, 0.2000181903589018, 2.2776171777291285, 0.18603515625, -0.05615234375, 0.94189453125, -0.6875, -0.125, 0.3125
-6778, 1684, 249, 14818, -41, 2, -1, 385, -101, 1937, -0.05875409025194547, 0.19981974035869585, 2.277624228898016, 0.18798828125, -0.04931640625, 0.94580078125, -2.5625, 0.125, -0.0625
-6776, 1691, 239, 14819, -61, 2, -6, 409, -125, 1904, -0.06021961491312977, 0.20010222518381202, 2.2778053316141342, 0.19970703125, -0.06103515625, 0.9296875, -3.8125, 0.125, -0.375
-6771, 1697, 231, 14821, -53, 1, -28, 412, -133, 1897, -0.06136751505587474, 0.200383099214407, 2.2783653120013176, 0.201171875, -0.06494140625, 0.92626953125, -3.3125, 0.0625, -1.75
-6761, 1701, 229, 14825, -41, 7, -55, 419, -85, 1883, -0.06166787665010673, 0.20076519573210502, 2.279631730115841, 0.20458984375, -0.04150390625, 0.91943359375, -2.5625, 0.4375, -3.4375
-6749, 1703, 224, 14830, -68, 18, -59, 413, -60, 1850, -0.06217156144456079, 0.20077790846346746, 2.2811481462417453, 0.20166015625, -0.029296875, 0.9033203125, -4.25, 1.125, -3.6875
-6744, 1710, 202, 14832, -127, 16, -19, 375, -135, 1865, -0.06494466969218636, 0.20045661794750944, 2.2815580804986886, 0.18310546875, -0.06591796875, 0.91064453125, -7.9375, 1.0, -1.1875
-6744, 1716, 186, 14831, -52, 11, 3, 393, -204, 1873, -0.06706052658340707, 0.20029978944740962, 2.2812546502573583, 0.19189453125, -0.099609375, 0.91455078125, -3.25, 0.6875, 0.1875
-6746, 1716, 185, 14830, 28, 10, 7, 398, -183, 1877, -0.06720027319624362, 0.2002382849660171, 2.2809594046714716, 0.1943359375, -0.08935546875, 0.91650390625, 1.75, 0.625, 0.4375
-6749, 1715, 187, 14829, 30, -6, 9, 376, -156, 1907, -0.06696319577359496, 0.20021933961172045, 2.2806217188600755, 0.18359375, -0.076171875, 0.93115234375, 1.875, -0.375, 0.5625
-6749, 1715, 187, 14829, -1, -7, 7, 391, -128, 1922, -0.06696319577359496, 0.20021933961172045, 2.2806217188600755, 0.19091796875, -0.0625, 0.9384765625, -0.0625, -0.4375, 0.4375
-6747, 1718, 176, 14830, -74, 9, -1, 392, -124, 1930, -0.06832985345079857, 0.20000354104756005, 2.280792372904005, 0.19140625, -0.060546875, 0.9423828125, -4.625, 0.5625, -0.0625
-6747, 1723, 157, 14830, -99, 11, 6, 384, -147, 1921, -0.07072821107032669, 0.19959271664952727, 2.2805980627805065, 0.1875, -0.07177734375, 0.93798828125, -6.1875, 0.6875, 0.375
-6744, 1726, 148, 14830, -53, 16, -9, 396, -138, 1891, -0.07185851761036503, 0.1994659482283733, 2.2807280269969468, 0.193359375, -0.0673828125, 0.92333984375, -3.3125, 1.0, -0.5625
-6743, 1727, 143, 14831, -16, 19, -9, 401, -158, 1862, -0.07245872694055162, 0.19933440196604454, 2.2808886509063533, 0.19580078125, -0.0771484375, 0.9091796875, -1.0, 1.1875, -0.5625
-6743, 1727, 143, 14831, -10, 11, -6, 398, -170, 1867, -0.07245872694055162, 0.19933440196604454, 2.2808886509063533, 0.1943359375, -0.0830078125, 0.91162109375, -0.625, 0.6875, -0.375
-6743, 1728, 143, 14831, 15, 2, -1, 393, -157, 1863, -0.07251174906910034, 0.1994471350590564, 2.2808893595242785, 0.19189453125, -0.07666015625, 0.90966796875, 0.9375, 0.125, -0.0625
-6743, 1728, 142, 14831, 3, -1, -11, 387, -166, 1901, -0.07262402911451239, 0.199395879987378, 2.2808791539456394, 0.18896484375, -0.0810546875, 0.92822265625, 0.1875, -0.0625, -0.6875
-6742, 1729, 144, 14831, 17, -7, -9, 395, -163, 1945, -0.07243938288637039, 0.19961003287373133, 2.2809737914556174, 0.19287109375, -0.07958984375, 0.94970703125, 1.0625, -0.4375, -0.5625
-6742, 1729, 144, 14831, -4, 2, -11, 399, -145, 1953, -0.07243938288637039, 0.19961003287373133, 2.2809737914556174, 0.19482421875, -0.07080078125, 0.95361328125, -0.25, 0.125, -0.6875
-6742, 1729, 144, 14831, -15, 4, -16, 392, -130, 1950, -0.07243938288637039, 0.19961003287373133, 2.2809737914556174, 0.19140625, -0.0634765625, 0.9521484375, -0.9375, 0.25, -1.0
-6738, 1731, 140, 14833, -39, 2, -17, 392, -118, 1890, -0.0729399514577432, 0.19965257114298252, 2.2815035401812125, 0.19140625, -0.0576171875, 0.9228515625, -2.4375, 0.125, -1.0625
-6733, 1737, 130, 14834, -71, 3, -22, 403, -131, 1884, -0.07431424804422848, 0.1998251680748317, 2.281911396421689, 0.19677734375, -0.06396484375, 0.919921875, -4.4375, 0.1875, -1.375
-6728, 1742, 122, 14836, -53, 12, -23, 419, -146, 1888, -0.0754099359789392, 0.20000138204531143, 2.2824769341591935, 0.20458984375, -0.0712890625, 0.921875, -3.3125, 0.75, -1.4375
-6723, 1743, 116, 14838, -43, 21, -27, 405, -137, 1869, -0.07606905812796282, 0.1998293795001459, 2.283060645468678, 0.19775390625, -0.06689453125, 0.91259765625, -2.6875, 1.3125, -1.6875
-6721, 1744, 109, 14839, -26, 10, -11, 381, -168, 1889, -0.07688111096935803, 0.1995960309002123, 2.283276315361361, 0.18603515625, -0.08203125, 0.92236328125, -1.625, 0.625, -0.6875
-6723, 1742, 110, 14839, 29, 8, 3, 386, -187, 1903, -0.07668923765171994, 0.19942319873007888, 2.2831376825054326, 0.1884765625, -0.09130859375, 0.92919921875, 1.8125, 0.5, 0.1875
-6725, 1737, 117, 14838, 71, 0, 7, 371, -181, 1925, -0.0756652861951047, 0.19920552711287212, 2.2829197284421996, 0.18115234375, -0.08837890625, 0.93994140625, 4.4375, 0.0, 0.4375
-6728, 1734, 124, 14837, 54, -12, 9, 372, -164, 1935, -0.07476051137449267, 0.19921464059447277, 2.2826295430932153, 0.181640625, -0.080078125, 0.94482421875, 3.375, -0.75, 0.5625
-6728, 1734, 124, 14837, 11, -12, -11, 398, -161, 1958, -0.07476051137449267, 0.19921464059447277, 2.2826295430932153, 0.1943359375, -0.07861328125, 0.9560546875, 0.6875, -0.75, -0.6875
-6728, 1733, 124, 14837, 14, -12, -11, 377, -133, 1941, -0.07470754816194904, 0.1991018671900603, 2.282628927380567, 0.18408203125, -0.06494140625, 0.94775390625, 0.875, -0.75, -0.6875
-6728, 1733, 125, 14837, -9, -10, -9, 374, -110, 1885, -0.07459523055982524, 0.1991530052062062, 2.2826389656725237, 0.1826171875, -0.0537109375, 0.92041015625, -0.5625, -0.625, -0.5625
-6727, 1736, 119, 14837, -36, 8, -6, 402, -146, 1885, -0.07541489078217255, 0.19918359097820382, 2.2826543547417817, 0.1962890625, -0.0712890625, 0.92041015625, -2.25, 0.5, -0.375
-6726, 1737, 117, 14838, -1, 18, -6, 408, -163, 1847, -0.07567845117500138, 0.19920641641767786, 2.2828460321500175, 0.19921875, -0.07958984375, 0.90185546875, -0.0625, 1.125, -0.375
-6726, 1735, 118, 14838, 31, 16, -1, 399, -183, 1867, -0.0754601893529832, 0.19903197891459315, 2.2828548388347545, 0.19482421875, -0.08935546875, 0.91162109375, 1.9375, 1.0, -0.0625
-6730, 1733, 128, 14836, 69, 2, 12, 407, -164, 1874, -0.0742855135240935, 0.19929519568402243, 2.2823844262280066, 0.19873046875, -0.080078125, 0.9150390625, 4.3125, 0.125, 0.75
-6732, 1732, 138, 14836, 60, -8, 6, 399, -153, 1906, -0.07313563129598355, 0.19969609039099112, 2.282337789931888, 0.19482421875, -0.07470703125, 0.9306640625, 3.75, -0.5, 0.375
-6732, 1730, 143, 14836, 39, -4, -6, 395, -161, 1935, -0.07246810394783973, 0.19972640585960377, 2.2823874452134745, 0.19287109375, -0.07861328125, 0.94482421875, 2.4375, -0.25, -0.375
-6732, 1726, 150, 14836, 46, -3, -4, 379, -142, 1950, -0.07147010165627873, 0.19963351401390142, 2.2824563925859747, 0.18505859375, -0.0693359375, 0.9521484375, 2.875, -0.1875, -0.25
-6732, 1725, 150, 14836, -6, -7, -9, 384, -106, 1944, -0.07141718652746276, 0.19952073866609285, 2.2824556478759526, 0.1875, -0.0517578125, 0.94921875, -0.375, -0.4375, -0.5625
-6732, 1727, 145, 14836, -32, -4, 1, 372, -140, 1916, -0.07208464453053756, 0.19949042445878473, 2.282405777672107, 0.181640625, -0.068359375, 0.935546875, -2.0, -0.25, 0.0625
-6732, 1727, 145, 14836, 1, 10, -8, 386, -136, 1896, -0.07208464453053756, 0.19949042445878473, 2.282405777672107, 0.1884765625, -0.06640625, 0.92578125, 0.0625, 0.625, -0.5
-6731, 1726, 148, 14836, 20, 10, -8, 403, -142, 1880, -0.0716816647658802, 0.19953004276297534, 2.282509483770333, 0.19677734375, -0.0693359375, 0.91796875, 1.25, 0.625, -0.5
-6731, 1726, 148, 14836, 5, 5, -8, 402, -142, 1882, -0.0716816647658802, 0.19953004276297534, 2.282509483770333, 0.1962890625, -0.0693359375, 0.9189453125, 0.3125, 0.3125, -0.5
-6731, 1727, 148, 14836, -2, -3, -4, 400, -151, 1862, -0.07173457950262614, 0.19964281832302785, 2.2825102186477153, 0.1953125, -0.07373046875, 0.9091796875, -0.125, -0.1875, -0.25
-6731, 1728, 148, 14836, 9, 1, -13, 407, -155, 1884, -0.07178749771250205, 0.1997555964565425, 2.2825109535263497, 0.19873046875, -0.07568359375, 0.919921875, 0.5625, 0.0625, -0.8125
-6731, 1728, 148, 14836, 0, -2, -9, 397, -144, 1889, -0.07178749771250205, 0.1997555964565425, 2.2825109535263497, 0.19384765625, -0.0703125, 0.92236328125, 0.0, -0.125, -0.5625
-6729, 1734, 143, 14836, -27, -10, -10, 400, -162, 1894, -0.0726404672048193, 0.2001742800669026, 2.2826112832348775, 0.1953125, -0.0791015625, 0.9248046875, -1.6875, -0.625, -0.625
-6729, 1734, 142, 14836, 0, -4, -9, 403, -163, 1921, -0.07275280055586957, 0.200123123880361, 2.2826010303792934, 0.19677734375, -0.07958984375, 0.93798828125, 0.0, -0.25, -0.5625
-6728, 1732, 147, 14837, 26, 0, -7, 386, -138, 1901, -0.07207102640631145, 0.20016537768152723, 2.2828620345258797, 0.1884765625, -0.0673828125, 0.92822265625, 1.625, 0.0, -0.4375
-6728, 1729, 152, 14837, 21, 1, -4, 385, -113, 1912, -0.07135060574550348, 0.20008273299084292, 2.282911396365335, 0.18798828125, -0.05517578125, 0.93359375, 1.3125, 0.0625, -0.25
-6727, 1727, 156, 14838, 17, 2, -8, 391, -127, 1904, -0.07078118376134268, 0.20007367872616763, 2.283162366910077, 0.19091796875, -0.06201171875, 0.9296875, 1.0625, 0.125, -0.5
-6727, 1728, 156, 14838, -16, 2, -8, 394, -137, 1908, -0.07083405471771545, 0.2001864819107267, 2.283163142125916, 0.1923828125, -0.06689453125, 0.931640625, -1.0, 0.125, -0.5
-6727, 1728, 155, 14838, 2, 1, -3, 392, -159, 1910, -0.07094640787854341, 0.2001353408022043, 2.2831527657481447, 0.19140625, -0.07763671875, 0.9326171875, 0.125, 0.0625, -0.1875
-6726, 1726, 158, 14838, 19, 2, -8, 390, -138, 1909, -0.07049052530554682, 0.2000619561008803, 2.2832561036131858, 0.1904296875, -0.0673828125, 0.93212890625, 1.1875, 0.125, -0.5
-6726, 1726, 159, 14838, 10, 4, -7, 388, -127, 1896, -0.07037817213212767, 0.2001130888458622, 2.283266506569835, 0.189453125, -0.06201171875, 0.92578125, 0.625, 0.25, -0.4375
-6726, 1727, 159, 14838, -10, 8, -6, 405, -139, 1897, -0.07043102582591669, 0.20022589293229356, 2.283267296875548, 0.19775390625, -0.06787109375, 0.92626953125, -0.625, 0.5, -0.375
-6726, 1727, 159, 14838, -15, 6, -3, 403, -144, 1896, -0.07043102582591669, 0.20022589293229356, 2.283267296875548, 0.19677734375, -0.0703125, 0.92578125, -0.9375, 0.375, -0.1875
-6726, 1727, 158, 14838, 9, 2, -7, 381, -139, 1897, -0.07054338099013764, 0.20017475901721207, 2.2832568889323985, 0.18603515625, -0.06787109375, 0.92626953125, 0.5625, 0.125, -0.4375
-6726, 1727, 159, 14838, 8, 5, -10, 395, -133, 1914, -0.07043102582591669, 0.20022589293229356, 2.283267296875548, 0.19287109375, -0.06494140625, 0.9345703125, 0.5, 0.3125, -0.625
-6726, 1728, 158, 14838, 3, 2, -6, 393, -147, 1906, -0.07059624013445362, 0.20028756451530158, 2.283257674253039, 0.19189453125, -0.07177734375, 0.9306640625, 0.1875, 0.125, -0.375
-6726, 1728, 158, 14838, 5, 4, -7, 391, -143, 1894, -0.07059624013445362, 0.20028756451530158, 2.283257674253039, 0.19091796875, -0.06982421875, 0.9248046875, 0.3125, 0.25, -0.4375
-6726, 1725, 160, 14839, 18, 6, -7, 386, -138, 1920, -0.07021175609876391, 0.20006453325152068, 2.2834134288503862, 0.1884765625, -0.0673828125, 0.9375, 1.125, 0.375, -0.4375
-6726, 1725, 160, 14839, 2, -1, -4, 394, -146, 1904, -0.07021175609876391, 0.20006453325152068, 2.2834134288503862, 0.1923828125, -0.0712890625, 0.9296875, 0.125, -0.0625, -0.25
-6726, 1726, 160, 14839, -1, 0, -3, 388, -150, 1883, -0.07026460432313944, 0.20017734382920946, 2.2834142241196425, 0.189453125, -0.0732421875, 0.91943359375, -0.0625, 0.0, -0.1875
-6726, 1726, 160, 14839, 6, 3, -6, 388, -128, 1904, -0.07026460432313944, 0.20017734382920946, 2.2834142241196425, 0.189453125, -0.0625, 0.9296875, 0.375, 0.1875, -0.375
-6724, 1727, 156, 14839, -22, 5, -8, 393, -138, 1904, -0.07074071209997053, 0.20008324994348392, 2.2835209401947623, 0.19189453125, -0.0673828125, 0.9296875, -1.375, 0.3125, -0.5
-6722, 1729, 152, 14840, -23, 4, -10, 399, -145, 1890, -0.07126848229635613, 0.2001152326924258, 2.283765867256626, 0.19482421875, -0.07080078125, 0.9228515625, -1.4375, 0.25, -0.625
-6722, 1730, 152, 14840, -10, 3, -9, 404, -136, 1885, -0.07132132895733938, 0.20022805203285984, 2.2837666231398064, 0.197265625, -0.06640625, 0.92041015625, -0.625, 0.1875, -0.5625
-6722, 1730, 153, 14840, 14, 7, -7, 392, -136, 1874, -0.07120895913772086, 0.20027915609080302, 2.283776980431019, 0.19140625, -0.06640625, 0.9150390625, 0.875, 0.4375, -0.4375
-6723, 1727, 154, 14840, 20, 12, 1, 388, -141, 1883, -0.07095116626817635, 0.19999297410893974, 2.2837112573667206, 0.189453125, -0.06884765625, 0.91943359375, 1.25, 0.75, 0.0625
-6723, 1725, 157, 14840, 23, 11, -2, 401, -141, 1908, -0.07050839942425005, 0.19992067100880084, 2.283740823537008, 0.19580078125, -0.06884765625, 0.931640625, 1.4375, 0.6875, -0.125
-6723, 1724, 159, 14840, 20, 3, -1, 394, -153, 1898, -0.0702308432066124, 0.19991007383973602, 2.283760822995626, 0.1923828125, -0.07470703125, 0.9267578125, 1.25, 0.1875, -0.0625
-6723, 1724, 159, 14840, 20, 3, -1, 394, -153, 1898, -0.0702308432066124, 0.19991007383973602, 2.283760822995626, 0.1923828125, -0.07470703125, 0.9267578125, 1.25, 0.1875, -0.0625
