-12118, -586, 9932, 4752, 133, 418, -399, 1778, 826, 527, 0.9952501477237236, 1.0674523623851009, 1.3686946304371679, 0.8681640625, 0.4033203125, 0.25732421875, 8.3125, 26.125, -24.9375
-12142, -671, 9879, 4791, 131, 422, -407, 1749, 855, 558, 0.9929978262104548, 1.0546983404066084, 1.3629002323083077, 0.85400390625, 0.41748046875, 0.2724609375, 8.1875, 26.375, -25.4375
-12165, -756, 9825, 4832, 116, 419, -409, 1720, 893, 577, 0.9909639549421695, 1.0417422170646324, 1.3575200157679967, 0.83984375, 0.43603515625, 0.28173828125, 7.25, 26.1875, -25.5625
-12189, -839, 9766, 4876, 96, 434, -410, 1716, 916, 606, 0.9878935397262778, 1.0282959585422022, 1.3515733751932288, 0.837890625, 0.447265625, 0.2958984375, 6.0, 27.125, -25.625
-12216, -925, 9704, 4917, 114, 456, -414, 1707, 920, 631, 0.9845369441945554, 1.0147245491465213, 1.3448173497464038, 0.83349609375, 0.44921875, 0.30810546875, 7.125, 28.5, -25.875
-12245, -1030, 9640, 4951, 219, 487, -428, 1693, 979, 694, 0.9827872063576047, 1.000026838548603, 1.337360206192858, 0.82666015625, 0.47802734375, 0.3388671875, 13.6875, 30.4375, -26.75
-12274, -1153, 9573, 4981, 296, 516, -445, 1674, 1058, 737, 0.9825403622880219, 0.9838692487426881, 1.3294536865788404, 0.8173828125, 0.5166015625, 0.35986328125, 18.5, 32.25, -27.8125
-12303, -1281, 9500, 5017, 289, 549, -475, 1667, 1115, 765, 0.9822953391549673, 0.9665481334833257, 1.321694849043472, 0.81396484375, 0.54443359375, 0.37353515625, 18.0625, 34.3125, -29.6875
-12334, -1410, 9417, 5063, 250, 584, -528, 1674, 1152, 811, 0.9809843659102737, 0.9478982020830817, 1.3137661381701202, 0.8173828125, 0.5625, 0.39599609375, 15.625, 36.5, -33.0
-12366, -1545, 9324, 5118, 228, 631, -585, 1664, 1203, 853, 0.9792460194571413, 0.9275323279921392, 1.3057744681042083, 0.8125, 0.58740234375, 0.41650390625, 14.25, 39.4375, -36.5625
-12395, -1683, 9225, 5184, 177, 669, -640, 1644, 1252, 828, 0.9778125908389461, 0.9058086424145917, 1.2988983428790004, 0.802734375, 0.611328125, 0.404296875, 11.0625, 41.8125, -40.0
-12424, -1819, 9117, 5259, 131, 709, -691, 1638, 1267, 847, 0.9753830414920743, 0.8830068158564132, 1.2921042530144058, 0.7998046875, 0.61865234375, 0.41357421875, 8.1875, 44.3125, -43.1875
-12454, -1958, 8999, 5340, 95, 761, -741, 1623, 1292, 851, 0.9722706504539055, 0.8588806810685762, 1.284989364198763, 0.79248046875, 0.630859375, 0.41552734375, 5.9375, 47.5625, -46.3125
-12483, -2098, 8873, 5429, 70, 797, -795, 1594, 1298, 879, 0.9688477569061474, 0.833629908634603, 1.2783008886918854, 0.7783203125, 0.6337890625, 0.42919921875, 4.375, 49.8125, -49.6875
-12509, -2239, 8743, 5522, 57, 822, -857, 1574, 1277, 881, 0.9656875124806412, 0.8077361741299275, 1.2722130297394794, 0.7685546875, 0.62353515625, 0.43017578125, 3.5625, 51.375, -53.5625
-12531, -2387, 8610, 5621, 56, 847, -919, 1554, 1296, 862, 0.9637475807936446, 0.780859930040601, 1.267351048535466, 0.7587890625, 0.6328125, 0.4208984375, 3.5, 52.9375, -57.4375
-12548, -2536, 8472, 5725, 28, 866, -964, 1502, 1320, 848, 0.9618698907409492, 0.7530596928300125, 1.2629978963285171, 0.7333984375, 0.64453125, 0.4140625, 1.75, 54.125, -60.25
-12563, -2680, 8328, 5838, -31, 874, -1002, 1459, 1333, 864, 0.9594316135235571, 0.7247441262877027, 1.2595000665107012, 0.71240234375, 0.65087890625, 0.421875, -1.9375, 54.625, -62.625
-12573, -2817, 8181, 5957, -80, 867, -1025, 1418, 1349, 859, 0.9565156587046609, 0.6962400408766674, 1.2568270297233344, 0.6923828125, 0.65869140625, 0.41943359375, -5.0, 54.1875, -64.0625
-12580, -2952, 8034, 6077, -100, 853, -1036, 1349, 1351, 864, 0.9539511349037805, 0.6679208501620714, 1.2548586711937535, 0.65869140625, 0.65966796875, 0.421875, -6.25, 53.3125, -64.75
-12583, -3084, 7887, 6196, -102, 847, -1044, 1307, 1348, 853, 0.9514708037487498, 0.6398090496432797, 1.2532166907409024, 0.63818359375, 0.658203125, 0.41650390625, -6.375, 52.9375, -65.25
-12583, -3216, 7744, 6309, -78, 837, -1033, 1282, 1351, 863, 0.9497851599381489, 0.6124021274168778, 1.2518003592828848, 0.6259765625, 0.65966796875, 0.42138671875, -4.875, 52.3125, -64.5625
-12579, -3347, 7602, 6419, -66, 822, -1023, 1226, 1363, 882, 0.9483870252196496, 0.5852343233558934, 1.2505076755919577, 0.5986328125, 0.66552734375, 0.4306640625, -4.125, 51.375, -63.9375
-12573, -3476, 7463, 6525, -53, 793, -1001, 1154, 1379, 899, 0.9474085579740931, 0.5587411766692969, 1.2494431505798185, 0.5634765625, 0.67333984375, 0.43896484375, -3.3125, 49.5625, -62.5625
-12562, -3600, 7328, 6630, -65, 761, -992, 1114, 1382, 901, 0.9466574490778983, 0.5328935444014576, 1.2489996187824217, 0.5439453125, 0.6748046875, 0.43994140625, -4.0625, 47.5625, -62.0
-12547, -3720, 7199, 6733, -62, 728, -981, 1074, 1389, 883, 0.9464354435418819, 0.5079271645828111, 1.2492688275498198, 0.5244140625, 0.67822265625, 0.43115234375, -3.875, 45.5, -61.3125
-12529, -3833, 7074, 6835, -77, 700, -976, 1048, 1381, 867, 0.9461260123218008, 0.4838058588514579, 1.2500392934113143, 0.51171875, 0.67431640625, 0.42333984375, -4.8125, 43.75, -61.0
-12506, -3945, 6952, 6938, -71, 667, -995, 1009, 1362, 875, 0.9462698156017244, 0.4598802336164564, 1.2515108161354445, 0.49267578125, 0.6650390625, 0.42724609375, -4.4375, 41.6875, -62.1875
-12477, -4058, 6833, 7044, -49, 635, -1020, 950, 1369, 895, 0.9471008599374192, 0.4359042662517449, 1.253949046440666, 0.4638671875, 0.66845703125, 0.43701171875, -3.0625, 39.6875, -63.75
-12438, -4177, 6717, 7153, -27, 605, -1045, 887, 1419, 877, 0.9490679705751902, 0.41136136968249065, 1.257331273231504, 0.43310546875, 0.69287109375, 0.42822265625, -1.6875, 37.8125, -65.3125
-12396, -4291, 6600, 7267, -63, 568, -1051, 822, 1470, 911, 0.9505953314456983, 0.3868030869386754, 1.2614022172468053, 0.4013671875, 0.7177734375, 0.44482421875, -3.9375, 35.5, -65.6875
-12350, -4394, 6484, 7386, -110, 523, -1052, 761, 1476, 912, 0.9512008549723594, 0.36272298179799695, 1.2662852472255814, 0.37158203125, 0.720703125, 0.4453125, -6.875, 32.6875, -65.75
-12300, -4494, 6373, 7506, -96, 479, -1062, 722, 1448, 922, 0.9521207954427449, 0.33917865223063837, 1.2719738145496438, 0.3525390625, 0.70703125, 0.4501953125, -6.0, 29.9375, -66.375
-12242, -4597, 6266, 7627, -70, 438, -1069, 661, 1493, 938, 0.9538070264592922, 0.31550304460993345, 1.2783525008301482, 0.32275390625, 0.72900390625, 0.4580078125, -4.375, 27.375, -66.8125
-12181, -4694, 6161, 7750, -93, 398, -1065, 596, 1516, 941, 0.9551086621585616, 0.29224611335561024, 1.2852973408971429, 0.291015625, 0.740234375, 0.45947265625, -5.8125, 24.875, -66.5625
-12117, -4783, 6059, 7877, -114, 354, -1061, 544, 1527, 960, 0.9559448868575015, 0.2695448830799339, 1.2931737955764526, 0.265625, 0.74560546875, 0.46875, -7.125, 22.125, -66.3125
-12049, -4866, 5960, 8003, -122, 302, -1046, 486, 1534, 966, 0.9563663478130903, 0.24741286495272954, 1.301281574818593, 0.2373046875, 0.7490234375, 0.4716796875, -7.625, 18.875, -65.375
-11979, -4942, 5864, 8131, -150, 260, -1024, 423, 1566, 979, 0.9563652265105368, 0.22589148315607815, 1.310072533347047, 0.20654296875, 0.7646484375, 0.47802734375, -9.375, 16.25, -64.0
-11910, -5008, 5769, 8261, -189, 220, -1006, 384, 1569, 996, 0.9554307475687372, 0.20511704436940464, 1.3193776422510812, 0.1875, 0.76611328125, 0.486328125, -11.8125, 13.75, -62.875
-11840, -5064, 5676, 8391, -220, 179, -988, 335, 1567, 1007, 0.9535681128025141, 0.18517381193910382, 1.32898923086677, 0.16357421875, 0.76513671875, 0.49169921875, -13.75, 11.1875, -61.75
-11769, -5114, 5585, 8520, -226, 150, -963, 290, 1572, 1025, 0.9512026258879598, 0.16585364633558936, 1.338813553301714, 0.1416015625, 0.767578125, 0.50048828125, -14.125, 9.375, -60.1875
-11698, -5158, 5500, 8645, -224, 120, -934, 269, 1557, 1031, 0.9486988555610935, 0.1476708531612653, 1.3487866392061267, 0.13134765625, 0.76025390625, 0.50341796875, -14.0, 7.5, -58.375
-11629, -5197, 5417, 8767, -223, 97, -907, 230, 1544, 1057, 0.9458112095364821, 0.1302479197178937, 1.358716936197872, 0.1123046875, 0.75390625, 0.51611328125, -13.9375, 6.0625, -56.6875
-11559, -5233, 5338, 8886, -212, 70, -865, 171, 1552, 1075, 0.9429056127007598, 0.11350358613517003, 1.3687457666835043, 0.08349609375, 0.7578125, 0.52490234375, -13.25, 4.375, -54.0625
-11490, -5262, 5262, 9001, -227, 39, -827, 128, 1562, 1092, 0.9394374380668415, 0.0977366631278205, 1.3786200979465835, 0.0625, 0.7626953125, 0.533203125, -14.1875, 2.4375, -51.6875
-11423, -5287, 5193, 9112, -205, 11, -788, 108, 1539, 1111, 0.9361827276405664, 0.0831286668480841, 1.3886974492228372, 0.052734375, 0.75146484375, 0.54248046875, -12.8125, 0.6875, -49.25
-11353, -5313, 5134, 9218, -149, -15, -770, 98, 1531, 1124, 0.9338732962997627, 0.0694286273343851, 1.3990168730600567, 0.0478515625, 0.74755859375, 0.548828125, -9.3125, -0.9375, -48.125
-11279, -5343, 5083, 9319, -96, -32, -757, 81, 1577, 1150, 0.9326139912165244, 0.05620502787163117, 1.4093831803889736, 0.03955078125, 0.77001953125, 0.5615234375, -6.0, -2.0, -47.3125
-11206, -5372, 5035, 9416, -107, -40, -723, 37, 1622, 1129, 0.9314596660402514, 0.04352108994619064, 1.4195398457143478, 0.01806640625, 0.7919921875, 0.55126953125, -6.6875, -2.5, -45.1875
-11139, -5390, 4983, 9512, -171, -49, -691, 21, 1616, 1149, 0.9287430787170166, 0.03156558068896562, 1.429370992993175, 0.01025390625, 0.7890625, 0.56103515625, -10.6875, -3.0625, -43.1875
-11077, -5398, 4928, 9608, -201, -57, -668, 6, 1576, 1174, 0.924685565589152, 0.020292840373937075, 1.4391189468899088, 0.0029296875, 0.76953125, 0.5732421875, -12.5625, -3.5625, -41.75
-11013, -5407, 4878, 9701, -171, -73, -651, -17, 1566, 1192, 0.921122052479959, 0.009448273982778583, 1.4489412181809156, -0.00830078125, 0.7646484375, 0.58203125, -10.6875, -4.5625, -40.6875
-10945, -5420, 4836, 9792, -118, -87, -660, -19, 1544, 1177, 0.9186678448984961, -0.0010626020047013293, 1.4591982272571085, -0.00927734375, 0.75390625, 0.57470703125, -7.375, -5.4375, -41.25
-10870, -5441, 4802, 9880, -57, -92, -679, -26, 1561, 1161, 0.9176773803916336, -0.011618249725350685, 1.4697056773488044, -0.0126953125, 0.76220703125, 0.56689453125, -3.5625, -5.75, -42.4375
-10791, -5465, 4771, 9968, -35, -91, -693, -34, 1597, 1173, 0.9172106851398043, -0.022288461613625774, 1.4805421504677923, -0.0166015625, 0.77978515625, 0.57275390625, -2.1875, -5.6875, -43.3125
-10715, -5482, 4732, 10059, -90, -93, -700, -59, 1610, 1205, 0.9152514363847479, -0.03308704667562008, 1.4913781409175308, -0.02880859375, 0.7861328125, 0.58837890625, -5.625, -5.8125, -43.75
-10637, -5493, 4691, 10154, -133, -114, -712, -88, 1599, 1185, 0.9124201647734612, -0.04380669704908143, 1.502813201219378, -0.04296875, 0.78076171875, 0.57861328125, -8.3125, -7.125, -44.5
-10557, -5502, 4646, 10253, -142, -124, -732, -117, 1601, 1215, 0.9089656545845302, -0.05489501294538145, 1.5147398498195013, -0.05712890625, 0.78173828125, 0.59326171875, -8.875, -7.75, -45.75
-10473, -5514, 4604, 10352, -124, -127, -752, -128, 1566, 1190, 0.9060273399123002, -0.06608434360090971, 1.5270508688768694, -0.0625, 0.7646484375, 0.5810546875, -7.75, -7.9375, -47.0
-10383, -5527, 4564, 10452, -101, -133, -785, -127, 1560, 1181, 0.9032442198844604, -0.07741576196542423, 1.539827693988423, -0.06201171875, 0.76171875, 0.57666015625, -6.3125, -8.3125, -49.0625
-10287, -5544, 4527, 10554, -70, -141, -811, -142, 1555, 1190, 0.9010740814928333, -0.08909359886362699, 1.5533136992135859, -0.0693359375, 0.75927734375, 0.5810546875, -4.375, -8.8125, -50.6875
-10191, -5558, 4487, 10656, -78, -141, -818, -174, 1546, 1213, 0.8982239435625972, -0.10074595631855056, 1.5667956978772788, -0.0849609375, 0.7548828125, 0.59228515625, -4.875, -8.8125, -51.125
-10092, -5569, 4442, 10763, -109, -153, -847, -205, 1543, 1225, 0.8945135607510302, -0.11282106137946947, 1.5809626565326507, -0.10009765625, 0.75341796875, 0.59814453125, -6.8125, -9.5625, -52.9375
-9986, -5575, 4396, 10877, -102, -188, -885, -223, 1495, 1257, 0.8900597313199515, -0.12505451334935325, 1.596452338716157, -0.10888671875, 0.72998046875, 0.61376953125, -6.375, -11.75, -55.3125
-9872, -5587, 4352, 10992, -72, -181, -936, -224, 1509, 1235, 0.886248423424476, -0.1378950416852084, 1.6125272478281696, -0.109375, 0.73681640625, 0.60302734375, -4.5, -11.3125, -58.5
-9754, -5600, 4304, 11109, -90, -174, -964, -259, 1505, 1242, 0.8820195051770154, -0.15129570853997734, 1.6289865836057642, -0.12646484375, 0.73486328125, 0.6064453125, -5.625, -10.875, -60.25
-9634, -5609, 4247, 11230, -136, -166, -1005, -270, 1506, 1243, 0.8763825737683755, -0.1652107167272387, 1.6458922296553937, -0.1318359375, 0.7353515625, 0.60693359375, -8.5, -10.375, -62.8125
-9514, -5615, 4183, 11353, -184, -161, -1019, -304, 1502, 1249, 0.8696606360453859, -0.1794024555551439, 1.663083779198362, -0.1484375, 0.7333984375, 0.60986328125, -11.5, -10.0625, -63.6875
-9394, -5615, 4112, 11479, -222, -167, -1032, -333, 1450, 1257, 0.8615335177490324, -0.19362977700888162, 1.6807842668597133, -0.16259765625, 0.7080078125, 0.61376953125, -13.875, -10.4375, -64.5
-9268, -5617, 4042, 11604, -190, -173, -1044, -376, 1427, 1275, 0.8534690981967932, -0.20801516716232635, 1.6988660163884175, -0.18359375, 0.69677734375, 0.62255859375, -11.875, -10.8125, -65.25
-9138, -5624, 3977, 11725, -153, -173, -1037, -415, 1432, 1273, 0.8462049456598737, -0.22236192799193072, 1.7170268683610543, -0.20263671875, 0.69921875, 0.62158203125, -9.5625, -10.8125, -64.8125
-9009, -5631, 3909, 11844, -163, -167, -1026, -466, 1420, 1271, 0.8385269959909394, -0.23672968416730975, 1.7351173609049664, -0.2275390625, 0.693359375, 0.62060546875, -10.1875, -10.4375, -64.125
-8879, -5638, 3842, 11961, -151, -174, -1010, -522, 1393, 1296, 0.8307942001656303, -0.2508998112021746, 1.753381106056258, -0.2548828125, 0.68017578125, 0.6328125, -9.4375, -10.875, -63.125
-8749, -5644, 3782, 12072, -131, -201, -969, -574, 1421, 1295, 0.8234812035337464, -0.26417237089355233, 1.7714181027092155, -0.2802734375, 0.69384765625, 0.63232421875, -8.1875, -12.5625, -60.5625
-8624, -5645, 3726, 12178, -134, -218, -927, -597, 1396, 1288, 0.8160092812896252, -0.27628046146926977, 1.7891364914658345, -0.29150390625, 0.681640625, 0.62890625, -8.375, -13.625, -57.9375
-8499, -5643, 3679, 12281, -98, -241, -896, -601, 1371, 1293, 0.8090359011884347, -0.2873108724039555, 1.8071529547574947, -0.29345703125, 0.66943359375, 0.63134765625, -6.125, -15.0625, -56.0
-8374, -5641, 3642, 12378, -49, -257, -868, -591, 1348, 1282, 0.8029533055478335, -0.29736612556979564, 1.8249371179407414, -0.28857421875, 0.658203125, 0.6259765625, -3.0625, -16.0625, -54.25
-8250, -5639, 3612, 12471, -14, -250, -856, -569, 1341, 1293, 0.7975239128082547, -0.30672125954139895, 1.8426278770801479, -0.27783203125, 0.65478515625, 0.63134765625, -0.875, -15.625, -53.5
-8124, -5635, 3580, 12564, -27, -254, -864, -578, 1320, 1296, 0.7915495288181686, -0.3160295067372925, 1.8605996887530294, -0.2822265625, 0.64453125, 0.6328125, -1.6875, -15.875, -54.0
-7996, -5627, 3548, 12659, -27, -264, -883, -567, 1295, 1309, 0.7850719849373055, -0.3250431260776635, 1.8793112780775185, -0.27685546875, 0.63232421875, 0.63916015625, -1.6875, -16.5, -55.1875
-7864, -5617, 3519, 12754, -13, -280, -902, -561, 1278, 1286, 0.7785382066094496, -0.33373132018066926, 1.8985982781311035, -0.27392578125, 0.6240234375, 0.6279296875, -0.8125, -17.5, -56.375
-7726, -5607, 3488, 12850, -29, -291, -934, -584, 1279, 1282, 0.7715663016995861, -0.34270239602899105, 1.918509401853796, -0.28515625, 0.62451171875, 0.6259765625, -1.8125, -18.1875, -58.375
-7586, -5594, 3452, 12949, -49, -301, -945, -617, 1256, 1294, 0.7636633157345853, -0.35179999348086866, 1.9392062818954043, -0.30126953125, 0.61328125, 0.6318359375, -3.0625, -18.8125, -59.0625
-7442, -5580, 3414, 13048, -56, -308, -976, -620, 1242, 1291, 0.755245302872316, -0.36095073969339697, 1.9603733046608165, -0.302734375, 0.6064453125, 0.63037109375, -3.5, -19.25, -61.0
-7292, -5567, 3377, 13148, -39, -315, -996, -640, 1228, 1292, 0.7468083062018739, -0.3702767587839634, 1.982372085157014, -0.3125, 0.599609375, 0.630859375, -2.4375, -19.6875, -62.25
-7139, -5556, 3343, 13245, -20, -313, -1000, -667, 1206, 1282, 0.7386978400311638, -0.37951418310187046, 2.0044728420111326, -0.32568359375, 0.5888671875, 0.6259765625, -1.25, -19.5625, -62.5
-6979, -5547, 3313, 13341, 32, -326, -1011, -694, 1175, 1289, 0.7309356140293319, -0.38881673468037187, 2.027231443604062, -0.3388671875, 0.57373046875, 0.62939453125, 2.0, -20.375, -63.1875
-6816, -5542, 3294, 13432, 94, -325, -1010, -712, 1195, 1312, 0.7245922561623479, -0.3977473979805421, 2.0499660553933734, -0.34765625, 0.58349609375, 0.640625, 5.875, -20.3125, -63.125
-6655, -5534, 3271, 13521, 70, -327, -994, -741, 1187, 1327, 0.717453290555119, -0.40639800712471413, 2.0725945451136356, -0.36181640625, 0.57958984375, 0.64794921875, 4.375, -20.4375, -62.125
-6499, -5525, 3241, 13607, 38, -313, -964, -781, 1149, 1338, 0.7094411207792037, -0.4150014621735354, 2.094693304549234, -0.38134765625, 0.56103515625, 0.6533203125, 2.375, -19.5625, -60.25
-6343, -5521, 3217, 13688, 95, -295, -933, -819, 1117, 1364, 0.7024694498117964, -0.4235714047933921, 2.11641820617568, -0.39990234375, 0.54541015625, 0.666015625, 5.9375, -18.4375, -58.3125
-6182, -5524, 3208, 13762, 205, -287, -918, -836, 1107, 1378, 0.6976036641099467, -0.4319515414499057, 2.1378680459343737, -0.408203125, 0.54052734375, 0.6728515625, 12.8125, -17.9375, -57.375
-6017, -5533, 3218, 13829, 321, -289, -904, -836, 1103, 1363, 0.6952887730713183, -0.43987255761069016, 2.159046844380785, -0.408203125, 0.53857421875, 0.66552734375, 20.0625, -18.0625, -56.5
-5852, -5541, 3241, 13891, 369, -301, -872, -838, 1131, 1367, 0.6943417329481272, -0.4468879925562347, 2.1799807019075113, -0.4091796875, 0.55224609375, 0.66748046875, 23.0625, -18.8125, -54.5
-5695, -5541, 3263, 13952, 316, -323, -851, -804, 1151, 1331, 0.6927744167816904, -0.4528579486823289, 2.200609792895837, -0.392578125, 0.56201171875, 0.64990234375, 19.75, -20.1875, -53.1875
-5541, -5530, 3274, 14015, 245, -342, -839, -821, 1132, 1357, 0.6889650343531829, -0.45813840233373126, 2.2216073489668102, -0.40087890625, 0.552734375, 0.66259765625, 15.3125, -21.375, -52.4375
-5390, -5513, 3277, 14080, 196, -374, -829, -850, 1087, 1347, 0.6837578395089177, -0.4631147037757474, 2.242946154090417, -0.4150390625, 0.53076171875, 0.65771484375, 12.25, -23.375, -51.8125
-5238, -5489, 3280, 14146, 178, -407, -832, -836, 1089, 1331, 0.6779087066703384, -0.4673392269031516, 2.264889831531619, -0.408203125, 0.53173828125, 0.64990234375, 11.125, -25.4375, -52.0
-5085, -5461, 3282, 14212, 153, -422, -841, -823, 1087, 1314, 0.6715678250717029, -0.47114849531513503, 2.2872198943984436, -0.40185546875, 0.53076171875, 0.6416015625, 9.5625, -26.375, -52.5625
-4934, -5429, 3275, 14279, 110, -418, -847, -815, 1050, 1320, 0.6638552272692175, -0.4748233448967461, 2.309766341003237, -0.39794921875, 0.5126953125, 0.64453125, 6.875, -26.125, -52.9375
-4779, -5398, 3269, 14344, 129, -424, -856, -837, 1043, 1340, 0.6562119476423091, -0.47855081801752697, 2.3325841834733025, -0.40869140625, 0.50927734375, 0.654296875, 8.0625, -26.5, -53.5
-4621, -5364, 3266, 14409, 147, -442, -863, -854, 1025, 1349, 0.6486333286372901, -0.4818382381067327, 2.3559893182275897, -0.4169921875, 0.50048828125, 0.65869140625, 9.1875, -27.625, -53.9375
-4459, -5329, 3265, 14474, 161, -459, -870, -862, 1018, 1358, 0.641144179289514, -0.48499902492257563, 2.3800193324670063, -0.4208984375, 0.4970703125, 0.6630859375, 10.0625, -28.6875, -54.375
-4295, -5293, 3268, 14535, 181, -472, -867, -867, 1004, 1332, 0.634002401273343, -0.4877329026541783, 2.4039503092602827, -0.42333984375, 0.490234375, 0.650390625, 11.3125, -29.5, -54.1875
-4132, -5257, 3273, 14595, 185, -470, -866, -869, 1009, 1347, 0.6272140061993747, -0.4903001434154691, 2.4278951915577625, -0.42431640625, 0.49267578125, 0.65771484375, 11.5625, -29.375, -54.125
-3969, -5220, 3275, 14653, 178, -483, -850, -903, 977, 1340, 0.6199828526665647, -0.4927366288869509, 2.4518046468405195, -0.44091796875, 0.47705078125, 0.654296875, 11.125, -30.1875, -53.125
-3807, -5179, 3281, 14709, 197, -486, -838, -870, 956, 1349, 0.6130500956036207, -0.49440297049741333, 2.475656021699294, -0.4248046875, 0.466796875, 0.65869140625, 12.3125, -30.375, -52.375
-3647, -5138, 3291, 14761, 224, -486, -810, -878, 926, 1346, 0.6067369062244427, -0.49569502371232155, 2.4989897095282965, -0.4287109375, 0.4521484375, 0.6572265625, 14.0, -30.375, -50.625
-3485, -5098, 3312, 14809, 298, -494, -784, -885, 897, 1349, 0.6019278794185661, -0.4966627346144391, 2.52216385653632, -0.43212890625, 0.43798828125, 0.65869140625, 18.625, -30.875, -49.0
-3322, -5057, 3350, 14852, 395, -507, -760, -880, 885, 1361, 0.5993256015713629, -0.49686530295365633, 2.5449742989615376, -0.4296875, 0.43212890625, 0.66455078125, 24.6875, -31.6875, -47.5
-3154, -5014, 3399, 14892, 468, -527, -753, -881, 878, 1383, 0.5979861914138642, -0.49661256632602874, 2.568114666260557, -0.43017578125, 0.4287109375, 0.67529296875, 29.25, -32.9375, -47.0625
-2980, -4965, 3463, 14930, 539, -576, -757, -871, 898, 1364, 0.598212275083419, -0.4954237394390988, 2.5918955903649223, -0.42529296875, 0.4384765625, 0.666015625, 33.6875, -36.0, -47.3125
-2806, -4910, 3531, 14966, 526, -606, -765, -848, 955, 1337, 0.598758192282711, -0.49345463619163205, 2.6157336893461154, -0.4140625, 0.46630859375, 0.65283203125, 32.875, -37.875, -47.8125
-2638, -4851, 3582, 15004, 406, -619, -761, -879, 1008, 1359, 0.5971766578131583, -0.491425503050805, 2.6394626301622774, -0.42919921875, 0.4921875, 0.66357421875, 25.375, -38.6875, -47.5625
-2477, -4781, 3608, 15047, 268, -653, -739, -884, 961, 1374, 0.5920095348898226, -0.48861864780422176, 2.6634887834223484, -0.431640625, 0.46923828125, 0.6708984375, 16.75, -40.8125, -46.1875
-2317, -4701, 3632, 15092, 266, -687, -732, -863, 926, 1416, 0.5862867381798333, -0.48465238903210744, 2.68795413628353, -0.42138671875, 0.4521484375, 0.69140625, 16.625, -42.9375, -45.75
-2152, -4617, 3668, 15133, 334, -727, -726, -874, 931, 1421, 0.5820320766165447, -0.47997121595584574, 2.7126746740819243, -0.4267578125, 0.45458984375, 0.69384765625, 20.875, -45.4375, -45.375
-1985, -4526, 3712, 15173, 358, -767, -722, -843, 963, 1410, 0.5787355270325093, -0.47434453014912703, 2.737702837036725, -0.41162109375, 0.47021484375, 0.6884765625, 22.375, -47.9375, -45.125
-1822, -4434, 3753, 15210, 327, -781, -701, -895, 991, 1429, 0.5753589050010023, -0.46847804247643926, 2.762103163321676, -0.43701171875, 0.48388671875, 0.69775390625, 20.4375, -48.8125, -43.8125
-1662, -4340, 3788, 15247, 283, -818, -675, -954, 1008, 1435, 0.5714692176464442, -0.4624179059603021, 2.7862943383100163, -0.4658203125, 0.4921875, 0.70068359375, 17.6875, -51.125, -42.1875
-1505, -4236, 3821, 15284, 256, -854, -654, -931, 1021, 1445, 0.5672450755324749, -0.4550728738373983, 2.8104453394891302, -0.45458984375, 0.49853515625, 0.70556640625, 16.0, -53.375, -40.875
-1351, -4125, 3863, 15319, 292, -881, -623, -858, 980, 1387, 0.5643827794730889, -0.4466258000743939, 2.8341692933529212, -0.4189453125, 0.478515625, 0.67724609375, 18.25, -55.0625, -38.9375
-1199, -4008, 3919, 15348, 371, -876, -605, -743, 968, 1367, 0.5635330691862164, -0.4370973141263384, 2.8572336907593225, -0.36279296875, 0.47265625, 0.66748046875, 23.1875, -54.75, -37.8125
-1043, -3889, 3993, 15371, 501, -869, -593, -697, 938, 1397, 0.5652935324828685, -0.4272285294059359, 2.8802334124648263, -0.34033203125, 0.4580078125, 0.68212890625, 31.3125, -54.3125, -37.0625
-882, -3768, 4081, 15388, 586, -877, -604, -661, 959, 1407, 0.5690934300160295, -0.41717736163445696, 2.903393802449006, -0.32275390625, 0.46826171875, 0.68701171875, 36.625, -54.8125, -37.75
-718, -3642, 4167, 15404, 573, -886, -626, -613, 983, 1417, 0.5727710058748452, -0.4068259385422719, 2.9270880997846764, -0.29931640625, 0.47998046875, 0.69189453125, 35.8125, -55.375, -39.125
-553, -3511, 4240, 15421, 514, -910, -644, -586, 984, 1446, 0.5749069223948606, -0.39621379745920426, 2.9513175244850123, -0.2861328125, 0.48046875, 0.7060546875, 32.125, -56.875, -40.25
-389, -3375, 4303, 15439, 449, -928, -647, -567, 1012, 1451, 0.5760014403194774, -0.3852095382295965, 2.9757703760455945, -0.27685546875, 0.494140625, 0.70849609375, 28.0625, -58.0, -40.4375
-227, -3234, 4350, 15459, 372, -948, -646, -539, 991, 1482, 0.575281847936041, -0.3737727364907446, 3.000426660756621, -0.26318359375, 0.48388671875, 0.7236328125, 23.25, -59.25, -40.375
-63, -3088, 4392, 15479, 371, -972, -640, -530, 948, 1500, 0.5741930059118057, -0.361919341149839, 3.025508960805736, -0.2587890625, 0.462890625, 0.732421875, 23.1875, -60.75, -40.0
100, -2938, 4444, 15493, 425, -983, -630, -494, 975, 1519, 0.5748007804138865, -0.3495231186768736, 3.050204380504453, -0.2412109375, 0.47607421875, 0.74169921875, 26.5625, -61.4375, -39.375
260, -2786, 4499, 15503, 427, -983, -610, -471, 1028, 1521, 0.5762688655570338, -0.3368501808359008, 3.074401995433163, -0.22998046875, 0.501953125, 0.74267578125, 26.6875, -61.4375, -38.125
412, -2630, 4542, 15514, 374, -984, -578, -435, 1004, 1559, 0.5766706463883533, -0.3235554767510637, 3.0979236855472903, -0.21240234375, 0.490234375, 0.76123046875, 23.375, -61.5, -36.125
562, -2474, 4585, 15523, 389, -983, -557, -421, 974, 1566, 0.5775818409607644, -0.31028474852534393, 3.121094589936552, -0.20556640625, 0.4755859375, 0.7646484375, 24.3125, -61.4375, -34.8125
711, -2318, 4634, 15526, 422, -987, -544, -409, 996, 1559, 0.5796970910574037, -0.29703770021127895, -3.1392750888062024, -0.19970703125, 0.486328125, 0.76123046875, 26.375, -61.6875, -34.0
852, -2162, 4682, 15527, 404, -969, -507, -392, 1030, 1559, 0.5822371107176038, -0.2836192901368183, -3.1174767236398613, -0.19140625, 0.5029296875, 0.76123046875, 25.25, -60.5625, -31.6875
988, -2006, 4730, 15525, 416, -963, -477, -371, 1009, 1562, 0.5852416444854877, -0.27012603183618566, -3.096335731483306, -0.18115234375, 0.49267578125, 0.7626953125, 26.0, -60.1875, -29.8125
1122, -1851, 4787, 15518, 480, -951, -465, -345, 1003, 1582, 0.5898639983998893, -0.256840840223206, -3.0756646693354877, -0.16845703125, 0.48974609375, 0.7724609375, 30.0, -59.4375, -29.0625
1254, -1697, 4852, 15506, 542, -925, -446, -325, 1019, 1617, 0.5959436090798619, -0.24379236944792698, -3.055411293979787, -0.15869140625, 0.49755859375, 0.78955078125, 33.875, -57.8125, -27.875
1386, -1552, 4921, 15488, 573, -909, -446, -374, 1034, 1621, 0.6028887973660768, -0.23198431769496905, -3.0355145722233656, -0.1826171875, 0.5048828125, 0.79150390625, 35.8125, -56.8125, -27.875
1518, -1409, 5004, 15463, 630, -901, -435, -401, 1115, 1641, 0.6119976360492176, -0.22071125573895026, -3.015863461878896, -0.19580078125, 0.54443359375, 0.80126953125, 39.375, -56.3125, -27.1875
1637, -1264, 5093, 15434, 629, -888, -383, -363, 1226, 1620, 0.6223269912037449, -0.20898542176465182, -2.9976854767576864, -0.17724609375, 0.5986328125, 0.791015625, 39.3125, -55.5, -23.9375
1745, -1117, 5172, 15407, 545, -858, -340, -293, 1283, 1618, 0.6317737417920894, -0.1967307441011181, -2.9805148378233137, -0.14306640625, 0.62646484375, 0.7900390625, 34.0625, -53.625, -21.25
1839, -977, 5228, 15386, 434, -817, -277, -279, 1278, 1661, 0.6386069903682355, -0.18467807671195452, -2.964877804258118, -0.13623046875, 0.6240234375, 0.81103515625, 27.125, -51.0625, -17.3125
1925, -838, 5270, 15370, 371, -807, -228, -263, 1226, 1659, 0.6439839906655601, -0.17240095378102865, -2.950037316475706, -0.12841796875, 0.5986328125, 0.81005859375, 23.1875, -50.4375, -14.25
2006, -696, 5308, 15353, 386, -802, -212, -194, 1180, 1674, 0.6491081440267323, -0.15962423446352983, -2.935541011157486, -0.0947265625, 0.576171875, 0.8173828125, 24.125, -50.125, -13.25
2089, -550, 5361, 15330, 461, -806, -217, -159, 1219, 1647, 0.656480090594199, -0.14678612905234936, -2.920783569688832, -0.07763671875, 0.59521484375, 0.80419921875, 28.8125, -50.375, -13.5625
2167, -409, 5410, 15306, 406, -779, -211, -128, 1267, 1589, 0.663546326183322, -0.1343926275368139, -2.9066498514335652, -0.0625, 0.61865234375, 0.77587890625, 25.375, -48.6875, -13.1875
2240, -280, 5435, 15290, 260, -729, -198, -106, 1270, 1589, 0.6676702568501451, -0.12291302743541287, -2.893326007443419, -0.0517578125, 0.6201171875, 0.77587890625, 16.25, -45.5625, -12.375
2309, -159, 5446, 15277, 198, -683, -199, -74, 1210, 1582, 0.6700839498869408, -0.11202158898259593, -2.8805948532364383, -0.0361328125, 0.5908203125, 0.7724609375, 12.375, -42.6875, -12.4375
2379, -41, 5469, 15259, 292, -660, -207, -50, 1179, 1599, 0.6742091146308117, -0.10177448020072583, -2.8679439481896605, -0.0244140625, 0.57568359375, 0.78076171875, 18.25, -41.25, -12.9375
2448, 77, 5509, 15234, 370, -645, -207, -30, 1231, 1569, 0.680714641985134, -0.09186827334154544, -2.855474119798977, -0.0146484375, 0.60107421875, 0.76611328125, 23.125, -40.3125, -12.9375
2511, 190, 5545, 15209, 343, -628, -180, -53, 1266, 1585, 0.6867865509504014, -0.08230098326169895, -2.8437580540122633, -0.02587890625, 0.6181640625, 0.77392578125, 21.4375, -39.25, -11.25
2568, 298, 5570, 15189, 246, -614, -140, -61, 1313, 1560, 0.6915701665749964, -0.07291217511936389, -2.8328782375130173, -0.02978515625, 0.64111328125, 0.76171875, 15.375, -38.375, -8.75
2619, 403, 5571, 15177, 119, -602, -111, -37, 1282, 1563, 0.6933453139616205, -0.06317912173780574, -2.8226253039416065, -0.01806640625, 0.6259765625, 0.76318359375, 7.4375, -37.625, -6.9375
2663, 506, 5561, 15170, 73, -589, -66, -15, 1229, 1541, 0.6938424015032526, -0.05316946577222062, -2.8132367956521103, -0.00732421875, 0.60009765625, 0.75244140625, 4.5625, -36.8125, -4.125
2702, 609, 5556, 15162, 96, -586, -35, -18, 1216, 1516, 0.6951440694973633, -0.043067639932256326, -2.8044733070901833, -0.0087890625, 0.59375, 0.740234375, 6.0, -36.625, -2.1875
2737, 711, 5554, 15152, 100, -579, -15, -13, 1237, 1499, 0.6969095532919941, -0.032998843258507285, -2.7961528608799457, -0.00634765625, 0.60400390625, 0.73193359375, 6.25, -36.1875, -0.9375
2766, 815, 5546, 15144, 65, -589, 28, -11, 1242, 1474, 0.6980594400677318, -0.022337774380734053, -2.788385186281934, -0.00537109375, 0.6064453125, 0.7197265625, 4.0625, -36.8125, 1.75
2787, 922, 5532, 15139, 15, -596, 83, 6, 1243, 1435, 0.6986386074391837, -0.01087453042371772, -2.7814095469053752, 0.0029296875, 0.60693359375, 0.70068359375, 0.9375, -37.25, 5.1875
2801, 1035, 5506, 15139, -44, -620, 134, 50, 1212, 1422, 0.697956833213856, 0.0018370087345920478, -2.775006491444628, 0.0244140625, 0.591796875, 0.6943359375, -2.75, -38.75, 8.375
2811, 1157, 5472, 15140, -45, -648, 164, 106, 1143, 1426, 0.6965596167471232, 0.015909061367647092, -2.7686170305283158, 0.0517578125, 0.55810546875, 0.6962890625, -2.8125, -40.5, 10.25
2814, 1287, 5443, 15140, -3, -664, 200, 155, 1138, 1419, 0.6961663568311222, 0.031063321777518835, -2.7627623630074276, 0.07568359375, 0.5556640625, 0.69287109375, -0.1875, -41.5, 12.5
2812, 1424, 5411, 15139, -29, -693, 241, 188, 1185, 1428, 0.6956678641697617, 0.04727070464938007, -2.7570968092598656, 0.091796875, 0.57861328125, 0.697265625, -1.8125, -43.3125, 15.0625
2809, 1567, 5361, 15144, -127, -754, 288, 188, 1191, 1442, 0.6932302897806029, 0.06465348054706743, -2.751416187024452, 0.091796875, 0.58154296875, 0.7041015625, -7.9375, -47.125, 18.0
2807, 1719, 5284, 15154, -261, -840, 331, 182, 1192, 1474, 0.6877336916668475, 0.08367477784503687, -2.745241086934705, 0.0888671875, 0.58203125, 0.7197265625, -16.3125, -52.5, 20.6875
2800, 1876, 5189, 15170, -363, -888, 394, 184, 1173, 1466, 0.6803087883677142, 0.10397172479122001, -2.739688326242914, 0.08984375, 0.57275390625, 0.7158203125, -22.6875, -55.5, 24.625
2789, 2038, 5090, 15184, -366, -891, 403, 271, 1152, 1469, 0.6726627199176894, 0.12511581135728944, -2.734414110685483, 0.13232421875, 0.5625, 0.71728515625, -22.875, -55.6875, 25.1875
2772, 2198, 5001, 15195, -307, -859, 422, 334, 1167, 1524, 0.6664010821742758, 0.14607224130295215, -2.7300267798747955, 0.1630859375, 0.56982421875, 0.744140625, -19.1875, -53.6875, 26.375
2748, 2354, 4914, 15204, -280, -836, 455, 344, 1158, 1552, 0.6603328583167889, 0.1668203578958265, -2.7266155179830394, 0.16796875, 0.5654296875, 0.7578125, -17.5, -52.25, 28.4375
2721, 2504, 4834, 15211, -234, -801, 453, 384, 1141, 1586, 0.6550770775050535, 0.1868660808486524, -2.723873595802751, 0.1875, 0.55712890625, 0.7744140625, -14.625, -50.0625, 28.3125
2682, 2646, 4770, 15214, -137, -714, 472, 454, 1121, 1572, 0.6515375087358202, 0.2060714623062009, -2.7227310561753164, 0.2216796875, 0.54736328125, 0.767578125, -8.5625, -44.625, 29.5
2635, 2768, 4727, 15214, -23, -570, 447, 519, 1084, 1573, 0.6499289186748687, 0.22279836850792772, -2.723221976335564, 0.25341796875, 0.529296875, 0.76806640625, -1.4375, -35.625, 27.9375
2584, 2870, 4735, 15201, 270, -432, 373, 540, 1101, 1653, 0.654060542726878, 0.2360724962508228, -2.724358326719337, 0.263671875, 0.53759765625, 0.80712890625, 16.875, -27.0, 23.3125
2534, 2948, 4793, 15176, 510, -307, 300, 520, 1204, 1686, 0.6637377476792609, 0.24529205646713317, -2.7257027979700883, 0.25390625, 0.587890625, 0.8232421875, 31.875, -19.1875, 18.75
2492, 3011, 4861, 15150, 504, -244, 239, 519, 1328, 1698, 0.6743187681419388, 0.25228480226549344, -2.7266683423919944, 0.25341796875, 0.6484375, 0.8291015625, 31.5, -15.25, 14.9375
2462, 3064, 4905, 15129, 328, -219, 188, 542, 1378, 1666, 0.6815700837028329, 0.2582609257585849, -2.7268301847064413, 0.2646484375, 0.6728515625, 0.8134765625, 20.5, -13.6875, 11.75
2445, 3109, 4918, 15119, 121, -203, 147, 560, 1367, 1619, 0.6847728082787999, 0.26366925437309435, -2.7264313766571746, 0.2734375, 0.66748046875, 0.79052734375, 7.5625, -12.6875, 9.1875
2435, 3142, 4904, 15118, -49, -163, 121, 578, 1311, 1570, 0.6841076100335636, 0.26814070258913986, -2.7261582581655617, 0.2822265625, 0.64013671875, 0.7666015625, -3.0625, -10.1875, 7.5625
2434, 3168, 4890, 15117, -48, -137, 60, 571, 1266, 1551, 0.6833018783514855, 0.27145604262133805, -2.7251714388910075, 0.27880859375, 0.6181640625, 0.75732421875, -3.0, -8.5625, 3.75
2436, 3189, 4900, 15109, 70, -113, 11, 557, 1292, 1550, 0.6854493695531557, 0.2734504046148927, -2.7236921199627013, 0.27197265625, 0.630859375, 0.7568359375, 4.375, -7.0625, 0.6875
2439, 3207, 4924, 15097, 113, -95, -2, 538, 1336, 1499, 0.6893082574764869, 0.2746905877522903, -2.7220115165504604, 0.2626953125, 0.65234375, 0.73193359375, 7.0625, -5.9375, -0.125
2447, 3219, 4939, 15089, 45, -73, -26, 544, 1359, 1488, 0.691862089950655, 0.27530460160992687, -2.720241564608964, 0.265625, 0.66357421875, 0.7265625, 2.8125, -4.5625, -1.625
2455, 3227, 4948, 15083, 4, -54, -26, 532, 1320, 1454, 0.693459731331953, 0.275612310474031, -2.71871668276401, 0.259765625, 0.64453125, 0.7099609375, 0.25, -3.375, -1.625
2465, 3233, 4958, 15077, 14, -53, -38, 521, 1299, 1435, 0.6951430426282029, 0.275588849856595, -2.7170578977115207, 0.25439453125, 0.63427734375, 0.70068359375, 0.875, -3.3125, -2.375
2476, 3242, 4973, 15068, 45, -53, -57, 538, 1290, 1419, 0.6975935020015749, 0.27570373093946776, -2.7149965335162074, 0.2626953125, 0.6298828125, 0.69287109375, 2.8125, -3.3125, -3.5625
2490, 3249, 4991, 15058, 54, -49, -79, 536, 1289, 1400, 0.7003974951645339, 0.27538275153625913, -2.7126365855201002, 0.26171875, 0.62939453125, 0.68359375, 3.375, -3.0625, -4.9375
2511, 3255, 5009, 15047, 44, -56, -119, 535, 1299, 1381, 0.7032613481372358, 0.2746437021018576, -2.7094943679653776, 0.26123046875, 0.63427734375, 0.67431640625, 2.75, -3.5, -7.4375
2539, 3260, 5021, 15038, 6, -63, -148, 540, 1299, 1402, 0.7054386901348115, 0.2736776021979155, -2.705755618940295, 0.263671875, 0.63427734375, 0.6845703125, 0.375, -3.9375, -9.25
2575, 3264, 5026, 15029, -33, -83, -179, 531, 1301, 1413, 0.7067498518872422, 0.2724175576192064, -2.7011460234568605, 0.25927734375, 0.63525390625, 0.68994140625, -2.0625, -5.1875, -11.1875
2615, 3269, 5033, 15019, -32, -95, -205, 524, 1314, 1409, 0.7084348386058372, 0.2710494234668381, -2.696029161921917, 0.255859375, 0.6416015625, 0.68798828125, -2.0, -5.9375, -12.8125
2660, 3274, 5036, 15008, -55, -105, -225, 528, 1312, 1398, 0.7096321942853613, 0.26953885393260524, -2.690273724452853, 0.2578125, 0.640625, 0.6826171875, -3.4375, -6.5625, -14.0625
2712, 3283, 5040, 14996, -53, -127, -270, 550, 1287, 1361, 0.71127058975139, 0.26817062046623935, -2.6835886069493986, 0.2685546875, 0.62841796875, 0.66455078125, -3.3125, -7.9375, -16.875
2773, 3297, 5054, 14977, -18, -156, -321, 538, 1305, 1319, 0.7145129829154238, 0.2666336212941188, -2.6753443933856067, 0.2626953125, 0.63720703125, 0.64404296875, -1.125, -9.75, -20.0625
2842, 3312, 5074, 14954, -5, -181, -361, 529, 1348, 1307, 0.7186804362483629, 0.26464854584708664, -2.6660022449400063, 0.25830078125, 0.658203125, 0.63818359375, -0.3125, -11.3125, -22.5625
2918, 3328, 5080, 14934, -96, -213, -371, 506, 1370, 1288, 0.7211936044822298, 0.26287022293694695, -2.6560153088111877, 0.2470703125, 0.6689453125, 0.62890625, -6.0, -13.3125, -23.1875
3007, 3352, 5066, 14915, -222, -297, -396, 491, 1359, 1257, 0.7216518520170601, 0.26198076377996143, -2.644269488463267, 0.23974609375, 0.66357421875, 0.61376953125, -13.875, -18.5625, -24.75
3116, 3385, 5027, 14899, -341, -402, -452, 499, 1334, 1290, 0.7196558525415881, 0.26203757622920487, -2.6301411833592203, 0.24365234375, 0.6513671875, 0.6298828125, -21.3125, -25.125, -28.25
3238, 3427, 4973, 14881, -420, -489, -491, 480, 1297, 1270, 0.7163620322847094, 0.26300679975864283, -2.614059485593749, 0.234375, 0.63330078125, 0.6201171875, -26.25, -30.5625, -30.6875
3383, 3465, 4899, 14865, -502, -526, -604, 512, 1241, 1355, 0.7107625237731229, 0.26331000884437483, -2.595793559823846, 0.25, 0.60595703125, 0.66162109375, -31.375, -32.875, -37.75
3544, 3496, 4839, 14839, -430, -509, -738, 543, 1213, 1391, 0.7068621568461068, 0.26171935281146674, -2.5755656379862906, 0.26513671875, 0.59228515625, 0.67919921875, -26.875, -31.8125, -46.125
3721, 3516, 4802, 14803, -307, -463, -885, 570, 1255, 1501, 0.7056107489375432, 0.2574900808721495, -2.5536823567585976, 0.2783203125, 0.61279296875, 0.73291015625, -19.1875, -28.9375, -55.3125
3908, 3524, 4784, 14759, -219, -402, -986, 570, 1300, 1559, 0.7062711143168425, 0.2508370806240374, -2.5309354993120876, 0.2783203125, 0.634765625, 0.76123046875, -13.6875, -25.125, -61.625
4111, 3520, 4773, 14708, -239, -378, -1090, 532, 1370, 1563, 0.707318774992631, 0.24189082037402335, -2.506696503219974, 0.259765625, 0.6689453125, 0.76318359375, -14.9375, -23.625, -68.125
4324, 3504, 4751, 14658, -314, -368, -1131, 478, 1396, 1610, 0.7064125102825142, 0.23168136345630488, -2.4820405802765246, 0.2333984375, 0.681640625, 0.7861328125, -19.625, -23.0, -70.6875
4545, 3487, 4717, 14606, -407, -400, -1146, 434, 1438, 1608, 0.7039570437269689, 0.22154301061946455, -2.4564820149308577, 0.2119140625, 0.7021484375, 0.78515625, -25.4375, -25.0, -71.625
4775, 3468, 4649, 14559, -600, -442, -1155, 430, 1400, 1575, 0.6972555564598119, 0.2123821491491828, -2.4302096050913615, 0.2099609375, 0.68359375, 0.76904296875, -37.5, -27.625, -72.1875
5012, 3443, 4551, 14516, -729, -457, -1188, 468, 1307, 1639, 0.6866063931093005, 0.20383319202189054, -2.4034833326909744, 0.228515625, 0.63818359375, 0.80029296875, -45.5625, -28.5625, -74.25
5252, 3416, 4457, 14467, -680, -460, -1216, 412, 1247, 1659, 0.6763611078172086, 0.19503192679275513, -2.3762588081905838, 0.201171875, 0.60888671875, 0.81005859375, -42.5, -28.75, -76.0
5491, 3387, 4377, 14409, -617, -436, -1234, 385, 1246, 1655, 0.6676131425486752, 0.18560862816423282, -2.348768335424118, 0.18798828125, 0.6083984375, 0.80810546875, -38.5625, -27.25, -77.125
5727, 3353, 4295, 14350, -657, -406, -1228, 365, 1252, 1592, 0.6582728866219545, 0.17613266177183062, -2.3217647730984203, 0.17822265625, 0.611328125, 0.77734375, -41.0625, -25.375, -76.75
5953, 3308, 4191, 14299, -779, -364, -1168, 357, 1157, 1553, 0.6455373491743832, 0.16731545057354644, -2.296426443923387, 0.17431640625, 0.56494140625, 0.75830078125, -48.6875, -22.75, -73.0
6172, 3262, 4084, 14248, -775, -336, -1140, 362, 1080, 1522, 0.6323229270370795, 0.15914876158182276, -2.2718130823371725, 0.1767578125, 0.52734375, 0.7431640625, -48.4375, -21.0, -71.25
6376, 3220, 3980, 14196, -716, -321, -1081, 369, 982, 1483, 0.6195230332395704, 0.15209054437157424, -2.2483965800317036, 0.18017578125, 0.4794921875, 0.72412109375, -44.75, -20.0625, -67.5625
6568, 3185, 3886, 14143, -637, -303, -1034, 374, 933, 1459, 0.6082459724099877, 0.1459695900109769, -2.2260873635997407, 0.1826171875, 0.45556640625, 0.71240234375, -39.8125, -18.9375, -64.625
6746, 3161, 3808, 14086, -506, -309, -975, 355, 890, 1438, 0.599358560990869, 0.14081204434712488, -2.2046797676987295, 0.17333984375, 0.4345703125, 0.7021484375, -31.625, -19.3125, -60.9375
6910, 3146, 3743, 14027, -399, -310, -912, 343, 876, 1460, 0.5923934210544963, 0.1365070080508706, -2.184342091457315, 0.16748046875, 0.427734375, 0.712890625, -24.9375, -19.375, -57.0
7058, 3139, 3688, 13969, -319, -307, -830, 320, 858, 1439, 0.5869436229198786, 0.13315342472452474, -2.165492839661564, 0.15625, 0.4189453125, 0.70263671875, -19.9375, -19.1875, -51.875
7189, 3143, 3641, 13914, -268, -313, -740, 325, 886, 1407, 0.5830061926978585, 0.1311824389545068, -2.1483193016639723, 0.15869140625, 0.4326171875, 0.68701171875, -16.75, -19.5625, -46.25
7305, 3154, 3598, 13862, -187, -318, -654, 330, 865, 1490, 0.5798693011871713, 0.13028672329084498, -2.132592769151132, 0.1611328125, 0.42236328125, 0.7275390625, -11.6875, -19.875, -40.875
7402, 3177, 3569, 13813, -73, -323, -550, 302, 878, 1520, 0.5789800920332806, 0.13050317480505502, -2.118752250109119, 0.1474609375, 0.4287109375, 0.7421875, -4.5625, -20.1875, -34.375
7480, 3205, 3541, 13771, -38, -332, -421, 275, 927, 1601, 0.5784040495808919, 0.13188004249949103, -2.1070117318153, 0.13427734375, 0.45263671875, 0.78173828125, -2.375, -20.75, -26.3125
7540, 3232, 3497, 13743, -126, -340, -285, 276, 955, 1626, 0.5759066159788622, 0.13489165394973657, -2.097844550627986, 0.134765625, 0.46630859375, 0.7939453125, -7.875, -21.25, -17.8125
7584, 3255, 3433, 13730, -197, -341, -159, 290, 934, 1722, 0.5708669852005662, 0.13944412045643087, -2.091205865983051, 0.1416015625, 0.4560546875, 0.8408203125, -12.3125, -21.3125, -9.9375
7603, 3278, 3366, 13731, -167, -306, -1, 307, 933, 1847, 0.5653175190850389, 0.14518880251019087, -2.0879304949185755, 0.14990234375, 0.45556640625, 0.90185546875, -10.4375, -19.125, -0.0625
7600, 3290, 3285, 13749, -204, -252, 145, 354, 960, 2094, 0.5572760443537181, 0.15158984141388665, -2.088127901952938, 0.1728515625, 0.46875, 1.0224609375, -12.75, -15.75, 9.0625
7573, 3289, 3189, 13786, -322, -193, 313, 382, 1054, 2245, 0.5464552744442004, 0.1585551430148566, -2.0922644772966916, 0.1865234375, 0.5146484375, 1.09619140625, -20.125, -12.0625, 19.5625
7526, 3270, 3064, 13845, -506, -95, 451, 480, 1007, 2233, 0.5310197867357499, 0.1662683961594865, -2.1003585872155375, 0.234375, 0.49169921875, 1.09033203125, -31.625, -5.9375, 28.1875
7447, 3232, 2938, 13923, -552, 91, 611, 573, 934, 2163, 0.5137619738876003, 0.17311975707541213, -2.1135249573674963, 0.27978515625, 0.4560546875, 1.05615234375, -34.5, 5.6875, 38.1875
7337, 3177, 2842, 14015, -442, 309, 738, 607, 904, 2146, 0.498294662479474, 0.17731194864946193, -2.1317629263747913, 0.29638671875, 0.44140625, 1.0478515625, -27.625, 19.3125, 46.125
7202, 3098, 2767, 14117, -421, 494, 857, 563, 946, 2168, 0.48322929611853643, 0.17831595714040047, -2.15396712636358, 0.27490234375, 0.4619140625, 1.05859375, -26.3125, 30.875, 53.5625
7049, 2988, 2678, 14235, -613, 623, 984, 514, 979, 2110, 0.4644924547375807, 0.1771837042165985, -2.1799602852020805, 0.2509765625, 0.47802734375, 1.0302734375, -38.3125, 38.9375, 61.5
6879, 2858, 2564, 14365, -799, 696, 1111, 494, 921, 2017, 0.4416794452537471, 0.1753708692237315, -2.208855039302406, 0.2412109375, 0.44970703125, 0.98486328125, -49.9375, 43.5, 69.4375
6692, 2721, 2447, 14499, -808, 770, 1185, 531, 820, 1958, 0.4181379771347379, 0.1727915423020329, -2.2398815949968225, 0.25927734375, 0.400390625, 0.9560546875, -50.5, 48.125, 74.0625
6490, 2582, 2351, 14632, -705, 832, 1246, 505, 802, 1960, 0.3969800547216155, 0.16859835098036288, -2.272570353734082, 0.24658203125, 0.3916015625, 0.95703125, -44.0625, 52.0, 77.875
6276, 2443, 2276, 14761, -648, 871, 1295, 455, 857, 1928, 0.3784072783382679, 0.16297135202238464, -2.306245473066247, 0.22216796875, 0.41845703125, 0.94140625, -40.5, 54.4375, 80.9375
6057, 2294, 2183, 14890, -763, 890, 1326, 455, 825, 1920, 0.3575590843622606, 0.15661912558349725, -2.3405298828186463, 0.22216796875, 0.40283203125, 0.9375, -47.6875, 55.625, 82.875
5837, 2141, 2078, 15015, -839, 916, 1322, 478, 780, 1866, 0.3355203507885422, 0.14970298732125722, -2.3746265778683266, 0.2333984375, 0.380859375, 0.9111328125, -52.4375, 57.25, 82.625
5614, 1986, 1975, 15134, -824, 948, 1318, 492, 715, 1817, 0.31400184657195546, 0.1418008767220346, -2.408576908908496, 0.240234375, 0.34912109375, 0.88720703125, -51.5, 59.25, 82.375
5390, 1828, 1889, 15246, -761, 988, 1301, 453, 696, 1746, 0.29477035432522036, 0.13217018225178423, -2.4422161538742317, 0.22119140625, 0.33984375, 0.8525390625, -47.5625, 61.75, 81.3125
5162, 1660, 1816, 15353, -731, 1047, 1307, 392, 687, 1656, 0.27708449729774665, 0.12033236453820491, -2.476048221113084, 0.19140625, 0.33544921875, 0.80859375, -45.6875, 65.4375, 81.6875
4938, 1486, 1741, 15453, -735, 1061, 1278, 341, 611, 1630, 0.2594966567606966, 0.10724122558777824, -2.5089580757355288, 0.16650390625, 0.29833984375, 0.7958984375, -45.9375, 66.3125, 79.875
4720, 1315, 1666, 15544, -705, 1008, 1230, 273, 545, 1613, 0.2426181639219703, 0.09384243515088912, -2.540452559027978, 0.13330078125, 0.26611328125, 0.78759765625, -44.0625, 63.0, 76.875
4510, 1157, 1581, 15628, -717, 931, 1190, 276, 487, 1669, 0.225621425836105, 0.08168424586680928, -2.5703832020994595, 0.134765625, 0.23779296875, 0.81494140625, -44.8125, 58.1875, 74.375
4300, 1009, 1484, 15707, -736, 869, 1185, 271, 394, 1641, 0.20800412663305293, 0.07059448189833693, -2.599758638154007, 0.13232421875, 0.1923828125, 0.80126953125, -46.0, 54.3125, 74.0625
4093, 870, 1399, 15778, -600, 839, 1149, 264, 267, 1612, 0.1925182583095161, 0.059645614638835366, -2.6281536611850367, 0.12890625, 0.13037109375, 0.787109375, -37.5, 52.4375, 71.8125
3888, 741, 1364, 15840, -290, 834, 1126, 214, 222, 1686, 0.1836818131293686, 0.04795696563646976, -2.655776281946494, 0.1044921875, 0.1083984375, 0.8232421875, -18.125, 52.125, 70.375
3674, 615, 1371, 15895, -126, 828, 1166, 111, 353, 1711, 0.18028518448937253, 0.03531095256505838, -2.6840481623807166, 0.05419921875, 0.17236328125, 0.83544921875, -7.875, 51.75, 72.875
3443, 481, 1349, 15953, -299, 827, 1268, 55, 365, 1726, 0.17359458791031, 0.022568129890199053, -2.7144567527268966, 0.02685546875, 0.17822265625, 0.8427734375, -18.6875, 51.6875, 79.25
3200, 343, 1300, 16011, -398, 831, 1332, 46, 266, 1803, 0.16399886071795003, 0.009922644901259083, -2.746198864654299, 0.0224609375, 0.1298828125, 0.88037109375, -24.875, 51.9375, 83.25
2944, 214, 1274, 16065, -223, 817, 1400, 36, 185, 1822, 0.1578386981429924, -0.0023301413879716145, -2.7792678591911004, 0.017578125, 0.09033203125, 0.8896484375, -13.9375, 51.0625, 87.5
2681, 94, 1290, 16111, -9, 823, 1433, 23, 264, 1932, 0.15738999773968376, -0.01448485242106013, -2.8129283853264573, 0.01123046875, 0.12890625, 0.943359375, -0.5625, 51.4375, 89.5625
2411, -25, 1309, 16152, -22, 824, 1466, 3, 330, 1999, 0.1577876641524276, -0.026525679878671587, -2.8473163478394414, 0.00146484375, 0.1611328125, 0.97607421875, -1.375, 51.5, 91.625
2132, -148, 1315, 16190, -122, 827, 1509, -46, 388, 2069, 0.1570329855815791, -0.03875048115412051, -2.882754914525386, -0.0224609375, 0.189453125, 1.01025390625, -7.625, 51.6875, 94.3125
1851, -273, 1297, 16225, -261, 825, 1519, -61, 391, 2096, 0.15382826353996368, -0.05091073674308982, -2.9183312757419064, -0.02978515625, 0.19091796875, 1.0234375, -16.3125, 51.5625, 94.9375
1567, -403, 1260, 16255, -341, 865, 1522, -54, 336, 2086, 0.14873963699293322, -0.06356036576880575, -2.9541184142684567, -0.0263671875, 0.1640625, 1.0185546875, -21.3125, 54.0625, 95.125
1287, -540, 1238, 16277, -260, 902, 1500, -98, 333, 2056, 0.14591108559114938, -0.07743589414318858, -2.989438564229668, -0.0478515625, 0.16259765625, 1.00390625, -16.25, 56.375, 93.75
1009, -689, 1232, 16291, -192, 979, 1479, -114, 364, 2059, 0.14549721712132097, -0.09302487083572207, -3.024652008354783, -0.0556640625, 0.177734375, 1.00537109375, -12.0, 61.1875, 92.4375
737, -841, 1242, 16298, -139, 1000, 1440, -157, 434, 2001, 0.1476084875107183, -0.10915883485374568, -3.0592883383054383, -0.07666015625, 0.2119140625, 0.97705078125, -8.6875, 62.5, 90.0
470, -1004, 1250, 16298, -148, 1059, 1403, -178, 429, 1976, 0.15003037325576074, -0.1266306529048443, -3.093460492706733, -0.0869140625, 0.20947265625, 0.96484375, -9.25, 66.1875, 87.6875
208, -1178, 1251, 16292, -157, 1120, 1369, -226, 387, 1959, 0.1522150270878726, -0.14544229055350663, -3.1271704878608504, -0.1103515625, 0.18896484375, 0.95654296875, -9.8125, 70.0, 85.5625
-48, -1362, 1250, 16279, -146, 1178, 1337, -256, 366, 1961, 0.15482208136145664, -0.16550172724306783, 3.1228273424198614, -0.125, 0.1787109375, 0.95751953125, -9.125, 73.625, 83.5625
-301, -1545, 1268, 16258, -89, 1128, 1318, -363, 457, 1902, 0.16048562102290104, -0.18536427466843935, 3.0896117366656446, -0.17724609375, 0.22314453125, 0.9287109375, -5.5625, 70.5, 82.375
-550, -1727, 1268, 16234, -176, 1135, 1293, -389, 456, 1892, 0.16462321315140216, -0.20512477624757064, 3.056878042525883, -0.18994140625, 0.22265625, 0.923828125, -11.0, 70.9375, 80.8125
-799, -1907, 1241, 16205, -280, 1155, 1282, -385, 363, 1863, 0.16610810557363787, -0.2247443181209554, 3.0242625325076564, -0.18798828125, 0.17724609375, 0.90966796875, -17.5, 72.1875, 80.125
-1045, -2089, 1207, 16171, -287, 1166, 1262, -415, 312, 1813, 0.16743562272075915, -0.24472771891400016, 2.991874290672619, -0.20263671875, 0.15234375, 0.88525390625, -17.9375, 72.875, 78.875
-1288, -2272, 1170, 16132, -290, 1189, 1250, -430, 298, 1835, 0.16910566346206854, -0.26493883507206606, 2.9596581993455495, -0.2099609375, 0.1455078125, 0.89599609375, -18.125, 74.3125, 78.125
-1531, -2453, 1139, 16086, -256, 1180, 1263, -468, 292, 1782, 0.1722472276546165, -0.28483568151298866, 2.927036287687071, -0.228515625, 0.142578125, 0.8701171875, -16.0, 73.75, 78.9375
-1778, -2635, 1122, 16033, -211, 1166, 1285, -505, 362, 1714, 0.1780256390358767, -0.3045889392016077, 2.8932905004795284, -0.24658203125, 0.1767578125, 0.8369140625, -13.1875, 72.875, 80.3125
-2031, -2815, 1109, 15973, -215, 1164, 1319, -546, 416, 1708, 0.18520808018874146, -0.3238579754072224, 2.8582796684412353, -0.2666015625, 0.203125, 0.833984375, -13.4375, 72.75, 82.4375
-2291, -2988, 1078, 15909, -311, 1144, 1355, -575, 390, 1679, 0.1909571782744774, -0.34242341954576816, 2.822430669216803, -0.28076171875, 0.1904296875, 0.81982421875, -19.4375, 71.5, 84.6875
-2548, -3155, 1033, 15840, -333, 1143, 1342, -592, 297, 1727, 0.19553993684638107, -0.3604909843263285, 2.7868385625780965, -0.2890625, 0.14501953125, 0.84326171875, -20.8125, 71.4375, 83.875
-2798, -3323, 1000, 15766, -239, 1138, 1331, -643, 282, 1738, 0.20233838731575107, -0.37846260505163876, 2.751433340199255, -0.31396484375, 0.1376953125, 0.8486328125, -14.9375, 71.125, 83.1875
-3045, -3487, 974, 15686, -232, 1106, 1315, -681, 357, 1698, 0.21065089515575014, -0.3956714655465575, 2.715730619757781, -0.33251953125, 0.17431640625, 0.8291015625, -14.5, 69.125, 82.1875
-3300, -3645, 933, 15601, -375, 1089, 1328, -714, 455, 1660, 0.2179065607205783, -0.4123271000618327, 2.6789480263416507, -0.3486328125, 0.22216796875, 0.810546875, -23.4375, 68.0625, 83.0
-3568, -3789, 863, 15511, -561, 1057, 1372, -717, 448, 1600, 0.22214488372107627, -0.4278743261545055, 2.6409153697373386, -0.35009765625, 0.21875, 0.78125, -35.0625, 66.0625, 85.75
-3842, -3922, 765, 15417, -660, 1053, 1407, -721, 312, 1592, 0.22337394200720373, -0.4429478275226501, 2.6025762672154906, -0.35205078125, 0.15234375, 0.77734375, -41.25, 65.8125, 87.9375
-4109, -4057, 692, 15317, -521, 1026, 1408, -771, 328, 1603, 0.22845819877391269, -0.4576061854031615, 2.563974860850455, -0.37646484375, 0.16015625, 0.78271484375, -32.5625, 64.125, 88.0
-4375, -4191, 645, 15209, -406, 985, 1443, -803, 396, 1551, 0.2375654058616182, -0.4711174071437706, 2.5241249539686597, -0.39208984375, 0.193359375, 0.75732421875, -25.375, 61.5625, 90.1875
-4641, -4323, 598, 15095, -423, 989, 1441, -816, 422, 1542, 0.2474034699111245, -0.48421642820448174, 2.4836671832372303, -0.3984375, 0.2060546875, 0.7529296875, -26.4375, 61.8125, 90.0625
-4908, -4449, 542, 14975, -458, 977, 1457, -836, 402, 1526, 0.2566503082593221, -0.49674474405985475, 2.4427104732698286, -0.408203125, 0.1962890625, 0.7451171875, -28.625, 61.0625, 91.0625
-5178, -4573, 491, 14848, -447, 971, 1487, -865, 427, 1520, 0.2673518623095381, -0.5085959235444665, 2.400594728566151, -0.42236328125, 0.20849609375, 0.7421875, -27.9375, 60.6875, 92.9375
-5448, -4696, 448, 14714, -425, 963, 1499, -933, 513, 1595, 0.27983313080742306, -0.519709123254044, 2.357524330979956, -0.45556640625, 0.25048828125, 0.77880859375, -26.5625, 60.1875, 93.6875
-5726, -4818, 413, 14569, -455, 908, 1559, -981, 626, 1459, 0.29438986343191353, -0.5298019830599309, 2.312198314029859, -0.47900390625, 0.3056640625, 0.71240234375, -28.4375, 56.75, 97.4375
-6015, -4914, 352, 14421, -681, 854, 1554, -959, 699, 1444, 0.3051672552383453, -0.5377547115281229, 2.2664991631005083, -0.46826171875, 0.34130859375, 0.705078125, -42.5625, 53.375, 97.125
-6316, -4984, 250, 14270, -892, 850, 1582, -933, 577, 1491, 0.31024764747022526, -0.544667044297405, 2.220891697627371, -0.45556640625, 0.28173828125, 0.72802734375, -55.75, 53.125, 98.875
-6607, -5048, 148, 14116, -836, 848, 1566, -936, 481, 1540, 0.3151418899431886, -0.5511001386305284, 2.176202459447661, -0.45703125, 0.23486328125, 0.751953125, -52.25, 53.0, 97.875
-6883, -5128, 80, 13955, -632, 851, 1555, -928, 537, 1488, 0.32542206742685775, -0.5575044735270241, 2.131194909203743, -0.453125, 0.26220703125, 0.7265625, -39.5, 53.1875, 97.1875
-7152, -5224, 36, 13784, -506, 869, 1564, -951, 636, 1435, 0.340286839757442, -0.564010969876458, 2.084902329214245, -0.46435546875, 0.310546875, 0.70068359375, -31.625, 54.3125, 97.75
-7415, -5325, -1, 13605, -455, 882, 1571, -961, 655, 1380, 0.3568892615217064, -0.5702288036138469, 2.0379306283295273, -0.46923828125, 0.31982421875, 0.673828125, -28.4375, 55.125, 98.1875
-7670, -5432, -26, 13420, -339, 898, 1584, -974, 624, 1402, 0.3758077240803949, -0.5759288584303974, 1.9906023024339738, -0.4755859375, 0.3046875, 0.6845703125, -21.1875, 56.125, 99.0
-7908, -5559, -8, 13228, -50, 890, 1613, -995, 765, 1395, 0.40142617644738077, -0.5803847375416886, 1.942510649853304, -0.48583984375, 0.37353515625, 0.68115234375, -3.125, 55.625, 100.8125
-8145, -5690, 23, 13028, 12, 879, 1655, -1004, 894, 1318, 0.4294987147718884, -0.5834550960091328, 1.8933678561347154, -0.490234375, 0.4365234375, 0.6435546875, 0.75, 54.9375, 103.4375
-8391, -5800, 34, 12821, -154, 852, 1664, -1050, 995, 1292, 0.45418104233992784, -0.5846565103546709, 1.843663663541135, -0.5126953125, 0.48583984375, 0.630859375, -9.625, 53.25, 104.0
-8651, -5886, 28, 12607, -330, 812, 1719, -1017, 984, 1248, 0.47552172324849046, -0.583638915678077, 1.793358377674039, -0.49658203125, 0.48046875, 0.609375, -20.625, 50.75, 107.4375
-8910, -5966, 16, 12388, -353, 817, 1730, -970, 869, 1257, 0.49590335368491545, -0.5818691765408366, 1.743272303712331, -0.4736328125, 0.42431640625, 0.61376953125, -22.0625, 51.0625, 108.125
-9146, -6070, 43, 12163, -66, 808, 1724, -1033, 911, 1254, 0.5222271703402761, -0.5789457840897203, 1.6932498254245396, -0.50439453125, 0.44482421875, 0.6123046875, -4.125, 50.5, 107.75
-9357, -6189, 96, 11940, 130, 795, 1668, -983, 1017, 1232, 0.5519451967830473, -0.5750543181319071, 1.6450482034464111, -0.47998046875, 0.49658203125, 0.6015625, 8.125, 49.6875, 104.25
-9561, -6311, 150, 11712, 148, 802, 1647, -993, 1169, 1181, 0.5820015741107329, -0.5704610891111263, 1.5971414705582678, -0.48486328125, 0.57080078125, 0.57666015625, 9.25, 50.125, 102.9375
-9764, -6427, 203, 11478, 26, 779, 1594, -974, 1187, 1178, 0.6112614683292105, -0.5643360502153196, 1.5493485354271215, -0.4755859375, 0.57958984375, 0.5751953125, 1.625, 48.6875, 99.625
-9969, -6525, 235, 11244, -86, 786, 1579, -956, 1159, 1190, 0.6364758474803236, -0.5576255114539146, 1.5028265612245595, -0.466796875, 0.56591796875, 0.5810546875, -5.375, 49.125, 98.6875
-10167, -6615, 256, 11012, -109, 779, 1551, -979, 1103, 1159, 0.6594375903023985, -0.5507669404355522, 1.4578799105183482, -0.47802734375, 0.53857421875, 0.56591796875, -6.8125, 48.6875, 96.9375
-10336, -6719, 305, 10788, 93, 736, 1450, -914, 1179, 1144, 0.6853006471665356, -0.5428336137237659, 1.4157915329133544, -0.4462890625, 0.57568359375, 0.55859375, 5.8125, 46.0, 90.625
-10485, -6846, 374, 10560, 205, 727, 1390, -928, 1430, 1074, 0.7150566079917642, -0.5345035000661424, 1.3741830488339157, -0.453125, 0.6982421875, 0.5244140625, 12.8125, 45.4375, 86.875
-10642, -6943, 416, 10334, -50, 703, 1335, -885, 1492, 981, 0.7387742294750959, -0.5254324502869298, 1.3338605652073119, -0.43212890625, 0.728515625, 0.47900390625, -3.125, 43.9375, 83.4375
-10820, -7005, 419, 10106, -319, 736, 1361, -933, 1465, 1064, 0.7554458610538014, -0.5163021090962351, 1.293894076430379, -0.45556640625, 0.71533203125, 0.51953125, -19.9375, 46.0, 85.0625
-11001, -7042, 396, 9883, -394, 724, 1396, -970, 1189, 1074, 0.7667788733116391, -0.5075912031998706, 1.2553808402403583, -0.4736328125, 0.58056640625, 0.5244140625, -24.625, 45.25, 87.25
-11130, -7113, 421, 9684, 49, 617, 1243, -858, 1070, 1023, 0.7841919515444475, -0.498719793599553, 1.2222014843356839, -0.4189453125, 0.5224609375, 0.49951171875, 3.0625, 38.5625, 77.6875
-11202, -7257, 510, 9489, 572, 592, 1109, -840, 1396, 973, 0.814290819692597, -0.48985067521887676, 1.1909345872185466, -0.41015625, 0.681640625, 0.47509765625, 35.75, 37.0, 69.3125
-11280, -7388, 590, 9288, 386, 565, 1097, -855, 1611, 845, 0.8420256559635069, -0.4798789813404133, 1.1594679891164457, -0.41748046875, 0.78662109375, 0.41259765625, 24.125, 35.3125, 68.5625
-11388, -7456, 624, 9098, -19, 541, 1077, -818, 1506, 887, 0.858419865600489, -0.46952546049033494, 1.1301328101223025, -0.3994140625, 0.7353515625, 0.43310546875, -1.1875, 33.8125, 67.3125
-11500, -7514, 646, 8906, -75, 531, 1137, -933, 1477, 905, 0.872631479513876, -0.4592100545246105, 1.1008516961835704, -0.45556640625, 0.72119140625, 0.44189453125, -4.6875, 33.1875, 71.0625
-11605, -7569, 684, 8719, -21, 452, 1124, -850, 1417, 824, 0.8869024039960891, -0.44732254937063787, 1.0735263865980489, -0.4150390625, 0.69189453125, 0.40234375, -1.3125, 28.25, 70.25
-11687, -7641, 747, 8539, 182, 383, 1093, -771, 1341, 750, 0.9041910048810992, -0.4346349525463102, 1.0483859374299955, -0.37646484375, 0.65478515625, 0.3662109375, 11.375, 23.9375, 68.3125
-11745, -7751, 860, 8347, 472, 299, 1176, -803, 1579, 700, 0.9289936532655217, -0.41892492820322474, 1.0234888329757126, -0.39208984375, 0.77099609375, 0.341796875, 29.5, 18.6875, 73.5
-11808, -7880, 1030, 8116, 587, 182, 1467, -904, 2009, 645, 0.9595552193028966, -0.3961607289572743, 0.9963184364760134, -0.44140625, 0.98095703125, 0.31494140625, 36.6875, 11.375, 91.6875
-11936, -7899, 1184, 7885, 182, 74, 1684, -743, 1811, 640, 0.9738756055283583, -0.3669346410252688, 0.9717414507808151, -0.36279296875, 0.88427734375, 0.3125, 11.375, 4.625, 105.25
-12037, -7891, 1287, 7723, 2, -22, 1272, -716, 1307, 799, 0.9805240855601389, -0.3454638564461288, 0.9553064736605439, -0.349609375, 0.63818359375, 0.39013671875, 0.125, -1.375, 79.5
-12069, -7928, 1406, 7613, 389, -134, 900, -653, 1292, 754, 0.9928618086112434, -0.3291694938750492, 0.9461157124681705, -0.31884765625, 0.630859375, 0.3681640625, 24.3125, -8.375, 56.25
-12049, -8042, 1570, 7491, 867, -69, 765, -496, 1712, 737, 1.017727221458869, -0.3129854310522666, 0.9368555470539964, -0.2421875, 0.8359375, 0.35986328125, 54.1875, -4.3125, 47.8125
-12038, -8133, 1693, 7384, 448, -69, 635, -665, 2263, 613, 1.03731787802248, -0.30007555111021145, 0.9283265316490009, -0.32470703125, 1.10498046875, 0.29931640625, 28.0, -4.3125, 39.6875
-12110, -8070, 1735, 7325, -529, -176, 546, -597, 1935, 703, 1.0315717531075796, -0.2878395035474413, 0.9240536404534254, -0.29150390625, 0.94482421875, 0.34326171875, -33.0625, -11.0, 34.125
-12183, -7995, 1765, 7278, -513, -174, 500, -566, 1727, 811, 1.023514307621505, -0.27684451395512605, 0.9207955016962074, -0.2763671875, 0.84326171875, 0.39599609375, -32.0625, -10.875, 31.25
-12237, -7943, 1810, 7235, -310, -215, 502, -586, 1561, 778, 1.0192909939481705, -0.2662799637043634, 0.9185670973355292, -0.2861328125, 0.76220703125, 0.3798828125, -19.375, -13.4375, 31.375
-12268, -7906, 1876, 7206, -110, -297, 411, -466, 1421, 762, 1.0179095646819043, -0.2557705134555948, 0.9190042584188034, -0.2275390625, 0.69384765625, 0.3720703125, -6.875, -18.5625, 25.6875
-12287, -7887, 1967, 7169, 65, -342, 482, -459, 1413, 762, 1.0202486523654717, -0.24360261408852807, 0.9195893507268971, -0.22412109375, 0.68994140625, 0.3720703125, 4.0625, -21.375, 30.125
-12306, -7870, 2081, 7124, 115, -417, 569, -426, 1420, 704, 1.024169301010411, -0.22891712758402954, 0.9205526702814983, -0.2080078125, 0.693359375, 0.34375, 7.1875, -26.0625, 35.5625
-12330, -7833, 2196, 7088, 12, -495, 572, -412, 1400, 687, 1.025462561167506, -0.21354071339783112, 0.9229751417494251, -0.201171875, 0.68359375, 0.33544921875, 0.75, -30.9375, 35.75
-12365, -7767, 2309, 7064, -167, -588, 571, -362, 1207, 553, 1.0228836344494023, -0.19734268410863162, 0.927137919475461, -0.1767578125, 0.58935546875, 0.27001953125, -10.4375, -36.75, 35.6875
-12409, -7668, 2422, 7058, -277, -697, 548, -283, 917, 525, 1.0160550025450072, -0.18028174609033093, 0.933836408173335, -0.13818359375, 0.44775390625, 0.25634765625, -17.3125, -43.5625, 34.25
-12429, -7580, 2611, 7050, 40, -947, 602, -125, 1200, 750, 1.0150313085485865, -0.15700874363909018, 0.9445786576041605, -0.06103515625, 0.5859375, 0.3662109375, 2.5, -59.1875, 37.625
-12440, -7503, 2839, 7025, 155, -1025, 687, 38, 1232, 629, 1.0181736080724548, -0.12994150315149336, 0.9556213997029499, 0.0185546875, 0.6015625, 0.30712890625, 9.6875, -64.0625, 42.9375
-12481, -7371, 3015, 7017, -320, -1003, 689, -120, 1338, 663, 1.0117218195055018, -0.10518813640175503, 0.9660405492900533, -0.05859375, 0.6533203125, 0.32373046875, -20.0, -62.6875, 43.0625
-12576, -7141, 3132, 7034, -1005, -1022, 720, -197, 1214, 686, 0.9899009712580056, -0.08086552587160041, 0.9762775286488106, -0.09619140625, 0.5927734375, 0.3349609375, -62.8125, -63.875, 45.0
-12698, -6843, 3236, 7065, -1293, -1121, 762, -131, 1170, 974, 0.9595137846276958, -0.054080819576144586, 0.9873778787491296, -0.06396484375, 0.5712890625, 0.4755859375, -80.8125, -70.0625, 47.625
-12795, -6578, 3416, 7056, -893, -1276, 963, 16, 1284, 1033, 0.9387598222887297, -0.020167466151496508, 0.9977153972770242, 0.0078125, 0.626953125, 0.50439453125, -55.8125, -79.75, 60.1875
-12859, -6363, 3670, 7010, -443, -1405, 1117, 166, 1346, 949, 0.9296817549099855, 0.019282552434146134, 1.0079309635349751, 0.0810546875, 0.6572265625, 0.46337890625, -27.6875, -87.8125, 69.8125
-12907, -6167, 3973, 6930, -73, -1486, 1254, 356, 1181, 1028, 0.9269766349005931, 0.06368740188260946, 1.017317359626011, 0.173828125, 0.57666015625, 0.501953125, -4.5625, -92.875, 78.375
-12930, -6011, 4337, 6805, 297, -1569, 1433, 559, 1513, 1120, 0.9341976261900119, 0.1132865051106364, 1.0261000619429397, 0.27294921875, 0.73876953125, 0.546875, 18.5625, -98.0625, 89.5625
-12964, -5831, 4686, 6665, 129, -1550, 1590, 548, 1631, 1141, 0.9385344345968378, 0.1637924781499735, 1.0329706516035762, 0.267578125, 0.79638671875, 0.55712890625, 8.0625, -96.875, 99.375
-13013, -5595, 4998, 6544, -212, -1528, 1547, 576, 1285, 1011, 0.9346276687102795, 0.21340097234212818, 1.0399127161985497, 0.28125, 0.62744140625, 0.49365234375, -13.25, -95.5, 96.6875
-13043, -5342, 5303, 6455, -170, -1590, 1251, 837, 916, 1094, 0.9295841015446309, 0.2613853148983096, 1.0507725337295413, 0.40869140625, 0.447265625, 0.5341796875, -10.625, -99.375, 78.1875
-12998, -5219, 5627, 6372, 438, -1609, 1012, 1188, 1204, 1267, 0.9426032208933874, 0.30171798948942585, 1.066261644772442, 0.580078125, 0.587890625, 0.61865234375, 27.375, -100.5625, 63.25
-12927, -5143, 5968, 6266, 739, -1484, 868, 1209, 1716, 1196, 0.9637305599898824, 0.34128388109419494, 1.0824588334811498, 0.59033203125, 0.837890625, 0.583984375, 46.1875, -92.75, 54.25
-12873, -5031, 6239, 6204, 217, -1336, 773, 1041, 1747, 979, 0.9761253902143947, 0.37453608689500084, 1.0987228031665963, 0.50830078125, 0.85302734375, 0.47802734375, 13.5625, -83.5, 48.3125
-12828, -4853, 6470, 6202, -234, -1346, 499, 1202, 1441, 903, 0.9790766100184001, 0.40511796028715, 1.1186566283103812, 0.5869140625, 0.70361328125, 0.44091796875, -14.625, -84.125, 31.1875
-12767, -4716, 6692, 6199, 61, -1326, 387, 1400, 1808, 1396, 0.986896706297119, 0.43205695061692584, 1.1390292969641707, 0.68359375, 0.8828125, 0.681640625, 3.8125, -82.875, 24.1875
-12692, -4623, 6931, 6160, 324, -1309, 527, 1361, 2000, 1312, 1.0019732468118523, 0.4592091236208585, 1.1583093866450116, 0.66455078125, 0.9765625, 0.640625, 20.25, -81.8125, 32.9375
-12627, -4510, 7134, 6145, 27, -1265, 592, 1101, 2083, 1181, 1.0122519736012086, 0.4832628760084653, 1.1773536094882446, 0.53759765625, 1.01708984375, 0.57666015625, 1.6875, -79.0625, 37.0
-12568, -4351, 7336, 6143, -233, -1295, 564, 1198, 1759, 925, 1.0185163046689434, 0.5095613743539771, 1.1980977130262105, 0.5849609375, 0.85888671875, 0.45166015625, -14.5625, -80.9375, 35.25
-12515, -4214, 7530, 6111, 34, -1144, 502, 1457, 1533, 1064, 1.026613304917976, 0.5354893177370296, 1.2153228375823106, 0.71142578125, 0.74853515625, 0.51953125, 2.125, -71.5, 31.375
-12455, -4156, 7725, 6030, 571, -1026, 563, 1491, 1777, 1319, 1.0434656399708044, 0.558765744915069, 1.2286630839763093, 0.72802734375, 0.86767578125, 0.64404296875, 35.6875, -64.125, 35.1875
-12384, -4136, 7922, 5935, 742, -1030, 675, 1234, 1920, 1237, 1.0654351124551684, 0.5800388388956362, 1.2421680568928484, 0.6025390625, 0.9375, 0.60400390625, 46.375, -64.375, 42.1875
-12315, -4106, 8103, 5853, 567, -1005, 730, 1021, 1926, 1039, 1.0853198965274684, 0.5997382044613861, 1.2560274189656249, 0.49853515625, 0.9404296875, 0.50732421875, 35.4375, -62.8125, 45.625
-12260, -4035, 8276, 5776, 304, -956, 783, 1209, 1896, 882, 1.1005198600603594, 0.6215789364125753, 1.269673537001848, 0.59033203125, 0.92578125, 0.4306640625, 19.0, -59.75, 48.9375
-12227, -3927, 8432, 5694, 99, -850, 850, 1316, 1737, 786, 1.109783460704481, 0.6454311753942479, 1.2804332441148005, 0.642578125, 0.84814453125, 0.3837890625, 6.1875, -53.125, 53.125
-12202, -3826, 8581, 5592, 213, -787, 904, 1344, 1619, 831, 1.1189551951662702, 0.669648743456993, 1.2884932617811955, 0.65625, 0.79052734375, 0.40576171875, 13.3125, -49.1875, 56.5
-12169, -3770, 8744, 5448, 573, -751, 977, 1324, 1623, 837, 1.1349842034884035, 0.694182491507578, 1.2951155617688022, 0.646484375, 0.79248046875, 0.40869140625, 35.8125, -46.9375, 61.0625
-12124, -3750, 8919, 5276, 819, -745, 1047, 1235, 1668, 744, 1.1572212182730661, 0.7184930862287654, 1.3020048845722296, 0.60302734375, 0.814453125, 0.36328125, 51.1875, -46.5625, 65.4375
-12075, -3744, 9095, 5090, 902, -722, 1136, 1185, 1761, 674, 1.1820246933791771, 0.7426645163212463, 1.3090178770265393, 0.57861328125, 0.85986328125, 0.3291015625, 56.375, -45.125, 71.0
-12038, -3717, 9254, 4906, 760, -659, 1237, 1218, 1835, 641, 1.20271609876932, 0.7672054187709129, 1.3142852615124434, 0.5947265625, 0.89599609375, 0.31298828125, 47.5, -41.1875, 77.3125
-12019, -3648, 9392, 4740, 517, -642, 1273, 1234, 1734, 701, 1.216359620683627, 0.79263852834313, 1.3182759390949643, 0.6025390625, 0.8466796875, 0.34228515625, 32.3125, -40.125, 79.5625
-11989, -3585, 9530, 4585, 525, -663, 1137, 1339, 1619, 646, 1.2319838315281002, 0.8165684934085123, 1.3248575571851986, 0.65380859375, 0.79052734375, 0.3154296875, 32.8125, -41.4375, 71.0625
-11941, -3569, 9665, 4440, 705, -630, 844, 1579, 1627, 618, 1.25370678381807, 0.8357581820052755, 1.3342908116913295, 0.77099609375, 0.79443359375, 0.3017578125, 44.0625, -39.375, 52.75
-11887, -3597, 9770, 4330, 741, -504, 503, 1794, 1761, 635, 1.2760217043419881, 0.8469103209689877, 1.3436881556481435, 0.8759765625, 0.85986328125, 0.31005859375, 46.3125, -31.5, 31.4375
-11850, -3644, 9817, 4284, 532, -333, 214, 1704, 1887, 757, 1.2901992406187597, 0.8487072816943595, 1.349257414944558, 0.83203125, 0.92138671875, 0.36962890625, 33.25, -20.8125, 13.375
-11839, -3696, 9807, 4293, 284, -133, 37, 1515, 1954, 852, 1.2941223966973858, 0.8432859993801594, 1.3492682651471115, 0.73974609375, 0.9541015625, 0.416015625, 17.75, -8.3125, 2.3125
-11843, -3772, 9752, 4344, 184, 33, -199, 1403, 2035, 961, 1.292271010786088, 0.8307056790736095, 1.3452353858082597, 0.68505859375, 0.99365234375, 0.46923828125, 11.5, 2.0625, -12.4375
-11844, -3891, 9665, 4426, 218, 160, -439, 1283, 2168, 1001, 1.2896234057973923, 0.8104162767204838, 1.3393588455584704, 0.62646484375, 1.05859375, 0.48876953125, 13.625, 10.0, -27.4375
-11843, -4041, 9561, 4521, 250, 280, -634, 1270, 2216, 953, 1.2879182000265756, 0.7859809752582377, 1.3327622979497036, 0.6201171875, 1.08203125, 0.46533203125, 15.625, 17.5, -39.625
-11851, -4205, 9428, 4629, 212, 455, -825, 1355, 2198, 953, 1.2832127588698194, 0.7579545344690662, 1.3230593932712822, 0.66162109375, 1.0732421875, 0.46533203125, 13.25, 28.4375, -51.5625
-11873, -4371, 9264, 4748, 126, 630, -978, 1399, 2167, 983, 1.2743172457935776, 0.7273259815390614, 1.3099856800138698, 0.68310546875, 1.05810546875, 0.47998046875, 7.875, 39.375, -61.125
-11900, -4535, 9076, 4887, -9, 746, -1126, 1397, 2143, 956, 1.262800804277441, 0.6939409317628915, 1.2963596952592595, 0.68212890625, 1.04638671875, 0.466796875, -0.5625, 46.625, -70.375
-11923, -4695, 8876, 5047, -154, 801, -1271, 1401, 2157, 871, 1.250837975442865, 0.6585082059238568, 1.2846835284163747, 0.68408203125, 1.05322265625, 0.42529296875, -9.625, 50.0625, -79.4375
-11946, -4845, 8656, 5228, -330, 880, -1402, 1411, 2169, 807, 1.2365319469451475, 0.620821363168511, 1.273708721894709, 0.68896484375, 1.05908203125, 0.39404296875, -20.625, 55.0, -87.625
-11970, -4980, 8423, 5422, -512, 947, -1487, 1408, 2167, 720, 1.220459757951513, 0.5823820765888018, 1.2638006092086893, 0.6875, 1.05810546875, 0.3515625, -32.0, 59.1875, -92.9375
-11998, -5106, 8166, 5634, -620, 1008, -1613, 1357, 2132, 762, 1.2019537544738843, 0.5417582226507435, 1.2543133680084493, 0.66259765625, 1.041015625, 0.3720703125, -38.75, 63.0, -100.8125
-12022, -5235, 7896, 5844, -626, 1068, -1660, 1318, 2006, 762, 1.1837167183487818, 0.49987236286719006, 1.2448481563648577, 0.6435546875, 0.9794921875, 0.3720703125, -39.125, 66.75, -103.75
-12031, -5387, 7628, 6040, -470, 1090, -1702, 1277, 1987, 721, 1.1697981474456953, 0.4570859146780885, 1.2362061367119341, 0.62353515625, 0.97021484375, 0.35205078125, -29.375, 68.125, -106.375
-12023, -5552, 7367, 6229, -368, 1069, -1731, 1218, 2036, 648, 1.15957866220749, 0.4139808630394833, 1.2293816723403688, 0.5947265625, 0.994140625, 0.31640625, -23.0, 66.8125, -108.1875
-12011, -5700, 7097, 6427, -475, 1052, -1762, 1224, 2045, 625, 1.1477491214232207, 0.3705831594008387, 1.2238053519544538, 0.59765625, 0.99853515625, 0.30517578125, -29.6875, 65.75, -110.125
-11999, -5829, 6817, 6635, -603, 1035, -1786, 1163, 2004, 617, 1.1340150740782078, 0.3270831687417208, 1.2196361158813855, 0.56787109375, 0.978515625, 0.30126953125, -37.6875, 64.6875, -111.625
-11976, -5947, 6540, 6847, -638, 968, -1811, 1125, 1927, 581, 1.1204845201054783, 0.2839723624645361, 1.2176226076249552, 0.54931640625, 0.94091796875, 0.28369140625, -39.875, 60.5, -113.1875
-11931, -6072, 6270, 7065, -565, 900, -1894, 1113, 1902, 532, 1.1094514447180497, 0.24003669198678862, 1.2184598504283095, 0.54345703125, 0.9287109375, 0.259765625, -35.3125, 56.25, -118.375
-11866, -6200, 6009, 7286, -506, 827, -1940, 1010, 1941, 448, 1.1003936759017372, 0.195931856207724, 1.2217550583389483, 0.4931640625, 0.94775390625, 0.21875, -31.625, 51.6875, -121.25
-11784, -6327, 5749, 7517, -501, 759, -2020, 913, 1841, 388, 1.091985461012548, 0.15097143603918511, 1.2275245609361707, 0.44580078125, 0.89892578125, 0.189453125, -31.3125, 47.4375, -126.25
-11674, -6460, 5491, 7763, -436, 677, -2157, 762, 1871, 450, 1.0849370334107256, 0.10414577304771978, 1.236465556096582, 0.3720703125, 0.91357421875, 0.2197265625, -27.25, 42.3125, -134.8125
-11550, -6584, 5232, 8019, -460, 595, -2213, 606, 1902, 541, 1.077143681713875, 0.05689728017181541, 1.2477438178424396, 0.2958984375, 0.9287109375, 0.26416015625, -28.75, 37.1875, -138.3125
-11415, -6686, 4971, 8290, -549, 493, -2260, 466, 1919, 538, 1.0668913274247382, 0.009812758388694533, 1.2620476952803437, 0.2275390625, 0.93701171875, 0.2626953125, -34.3125, 30.8125, -141.25
-11265, -6769, 4715, 8572, -603, 363, -2307, 367, 1880, 537, 1.0548952592190428, -0.036585989617957365, 1.279600227020108, 0.17919921875, 0.91796875, 0.26220703125, -37.6875, 22.6875, -144.1875
-11100, -6842, 4473, 8855, -572, 248, -2304, 279, 1877, 525, 1.042785310785398, -0.08156706039341675, 1.2998864089424336, 0.13623046875, 0.91650390625, 0.25634765625, -35.75, 15.5, -144.0
-10930, -6897, 4231, 9138, -623, 185, -2291, 191, 1858, 534, 1.0283194311094057, -0.1253484071682484, 1.3218221672849153, 0.09326171875, 0.9072265625, 0.2607421875, -38.9375, 11.5625, -143.1875
-10754, -6937, 3990, 9420, -659, 127, -2278, 114, 1776, 547, 1.0118174905732293, -0.16796539388367052, 1.3454973671220378, 0.0556640625, 0.8671875, 0.26708984375, -41.1875, 7.9375, -142.375
-10577, -6965, 3757, 9693, -654, 78, -2214, 24, 1683, 594, 0.9941916327422281, -0.20843813880403209, 1.370336584176556, 0.01171875, 0.82177734375, 0.2900390625, -40.875, 4.875, -138.375
-10391, -6977, 3535, 9965, -647, -26, -2190, -68, 1617, 645, 0.9749509665668519, -0.24683024741970586, 1.3976753353311036, -0.033203125, 0.78955078125, 0.31494140625, -40.4375, -1.625, -136.875
-10188, -6962, 3336, 10249, -647, -255, -2198, -175, 1657, 683, 0.9534882925377689, -0.2821290453562963, 1.4303410349737296, -0.08544921875, 0.80908203125, 0.33349609375, -40.4375, -15.9375, -137.375
-9998, -6882, 3144, 10546, -896, -526, -2109, -251, 1670, 670, 0.9241709287578305, -0.31156182799025944, 1.4679553768481648, -0.12255859375, 0.8154296875, 0.3271484375, -56.0, -32.875, -131.8125
-9842, -6716, 2934, 10856, -1366, -777, -1979, -300, 1660, 576, 0.8828478963401241, -0.33425707345057565, 1.5095796129538672, -0.146484375, 0.810546875, 0.28125, -85.375, -48.5625, -123.6875
-9721, -6485, 2677, 11167, -1830, -819, -1896, -194, 1290, 495, 0.8299846180357405, -0.3529514034292384, 1.5521389626890496, -0.0947265625, 0.6298828125, 0.24169921875, -114.375, -51.1875, -118.5
-9571, -6288, 2411, 11467, -1641, -655, -2013, -101, 888, 535, 0.7795323230652146, -0.37394768327000927, 1.5955071446301519, -0.04931640625, 0.43359375, 0.26123046875, -102.5625, -40.9375, -125.8125
-9337, -6183, 2224, 11751, -817, -586, -2181, -282, 819, 769, 0.7443869662022073, -0.3969612428390214, 1.6420647716806767, -0.1376953125, 0.39990234375, 0.37548828125, -51.0625, -36.625, -136.3125
-9034, -6148, 2132, 12020, -71, -643, -2264, -481, 1041, 931, 0.7236033860453706, -0.41926403296481285, 1.6918818869131844, -0.23486328125, 0.50830078125, 0.45458984375, -4.4375, -40.1875, -141.5
-8732, -6094, 2063, 12280, -37, -774, -2170, -608, 1231, 999, 0.7022712602381993, -0.43713268473357486, 1.7430009554146142, -0.296875, 0.60107421875, 0.48779296875, -2.3125, -48.375, -135.625
-8467, -5979, 1956, 12537, -461, -883, -2044, -618, 1213, 1012, 0.6710700257430061, -0.4501422010382595, 1.794284730123461, -0.3017578125, 0.59228515625, 0.494140625, -28.8125, -55.1875, -127.75
-8225, -5815, 1803, 12795, -835, -939, -2006, -634, 1073, 1143, 0.6304185541470099, -0.4598964301319437, 1.8465480052431542, -0.3095703125, 0.52392578125, 0.55810546875, -52.1875, -58.6875, -125.375
-7983, -5642, 1646, 13044, -845, -952, -1970, -661, 835, 1222, 0.588416986344806, -0.4672347110766659, 1.8991333890164916, -0.32275390625, 0.40771484375, 0.5966796875, -52.8125, -59.5, -123.125
-7714, -5489, 1541, 13282, -504, -1001, -1973, -689, 828, 1277, 0.5531975392317043, -0.4719418535261251, 1.952872634560746, -0.33642578125, 0.404296875, 0.62353515625, -31.5, -62.5625, -123.3125
-7431, -5366, 1484, 13499, -177, -950, -1913, -703, 904, 1379, 0.525864893483833, -0.4752103241673547, 2.0049904892982675, -0.34326171875, 0.44140625, 0.67333984375, -11.0625, -59.375, -119.5625
-7156, -5258, 1433, 13694, -123, -850, -1825, -729, 1022, 1512, 0.5011155468608779, -0.4780652577545046, 2.053936356749048, -0.35595703125, 0.4990234375, 0.73828125, -7.6875, -53.125, -114.0625
-6899, -5150, 1368, 13872, -215, -768, -1723, -768, 1003, 1630, 0.4756313893116868, -0.4802017420672866, 2.0999569417142117, -0.375, 0.48974609375, 0.7958984375, -13.4375, -48.0, -107.6875
-6648, -5046, 1301, 14039, -201, -723, -1664, -778, 873, 1728, 0.4507057076844643, -0.48178826243215256, 2.144605160840329, -0.3798828125, 0.42626953125, 0.84375, -12.5625, -45.1875, -104.0
-6393, -4957, 1262, 14191, -22, -687, -1610, -750, 824, 1750, 0.4303337738785582, -0.48250367641210284, 2.1875468674667418, -0.3662109375, 0.40234375, 0.8544921875, -1.375, -42.9375, -100.625
-6147, -4876, 1261, 14328, 145, -584, -1545, -704, 877, 1806, 0.41562540909802886, -0.4811175763001602, 2.2277233824046165, -0.34375, 0.42822265625, 0.8818359375, 9.0625, -36.5, -96.5625
-5908, -4811, 1253, 14450, 114, -452, -1510, -709, 908, 1845, 0.40180016966536386, -0.4811534226640642, 2.2654644013725553, -0.34619140625, 0.443359375, 0.90087890625, 7.125, -28.25, -94.375
-5678, -4763, 1229, 14560, 71, -345, -1450, -766, 852, 1830, 0.38777290503738937, -0.48329611214535595, 2.301193708546343, -0.3740234375, 0.416015625, 0.8935546875, 4.4375, -21.5625, -90.625
-5455, -4723, 1205, 14660, 74, -289, -1406, -781, 840, 1851, 0.37460547879410216, -0.4857789956740492, 2.3352715653589353, -0.38134765625, 0.41015625, 0.90380859375, 4.625, -18.0625, -87.875
-5237, -4686, 1186, 14753, 82, -255, -1366, -775, 863, 1884, 0.36246636799992876, -0.4879334824342416, 2.368247066811061, -0.37841796875, 0.42138671875, 0.919921875, 5.125, -15.9375, -85.375
-5031, -4652, 1160, 14837, 42, -209, -1301, -762, 816, 1840, 0.35010026226562735, -0.49016404854586476, 2.399341201780548, -0.3720703125, 0.3984375, 0.8984375, 2.625, -13.0625, -81.3125
-4835, -4623, 1123, 14914, -11, -148, -1253, -726, 754, 1801, 0.3370425260372843, -0.49296946942840925, 2.4290392857306657, -0.3544921875, 0.3681640625, 0.87939453125, -0.6875, -9.25, -78.3125
-4641, -4603, 1079, 14985, -20, -81, -1242, -728, 690, 1787, 0.3237019844124633, -0.49678438142912673, 2.4581518891263827, -0.35546875, 0.3369140625, 0.87255859375, -1.25, -5.0625, -77.625
-4449, -4594, 1036, 15048, 8, -14, -1212, -737, 658, 1788, 0.31112533685335597, -0.5014773408241064, 2.4862988777986392, -0.35986328125, 0.3212890625, 0.873046875, 0.5, -0.875, -75.75
-4262, -4598, 1000, 15104, 53, 46, -1166, -761, 634, 1766, 0.3002562336393525, -0.5071351642144764, 2.5131854952227015, -0.37158203125, 0.3095703125, 0.8623046875, 3.3125, 2.875, -72.875
-4077, -4612, 963, 15153, 75, 87, -1138, -807, 589, 1748, 0.2897320816142431, -0.5137383575880505, 2.5393191240453836, -0.39404296875, 0.28759765625, 0.853515625, 4.6875, 5.4375, -71.125
-3896, -4636, 928, 15195, 107, 117, -1089, -842, 516, 1675, 0.2799655287951985, -0.5211887007242707, 2.5644504344611274, -0.4111328125, 0.251953125, 0.81787109375, 6.6875, 7.3125, -68.0625
-3718, -4664, 908, 15232, 177, 148, -1054, -846, 534, 1711, 0.2722784860866456, -0.5283994883522276, 2.588630235623415, -0.4130859375, 0.2607421875, 0.83544921875, 11.0625, 9.25, -65.875
-3556, -4694, 898, 15262, 183, 149, -961, -870, 572, 1695, 0.2664309352489838, -0.5351458019474433, 2.6102622202783463, -0.4248046875, 0.279296875, 0.82763671875, 11.4375, 9.3125, -60.0625
-3407, -4721, 868, 15290, 70, 172, -912, -854, 522, 1681, 0.25815804258055364, -0.5419177980227475, 2.6310150036750506, -0.4169921875, 0.2548828125, 0.82080078125, 4.375, 10.75, -57.0
-3265, -4745, 819, 15316, 12, 194, -870, -809, 372, 1611, 0.24733583551981622, -0.5486589839879964, 2.651568384689022, -0.39501953125, 0.181640625, 0.78662109375, 0.75, 12.125, -54.375
-3118, -4783, 780, 15337, 126, 265, -854, -786, 262, 1559, 0.23810949230507825, -0.5567515917468836, 2.6721017518429035, -0.3837890625, 0.1279296875, 0.76123046875, 7.875, 16.5625, -53.375
-2963, -4838, 783, 15350, 353, 309, -840, -840, 308, 1598, 0.23474195911710635, -0.5657145013558511, 2.6916724556276805, -0.41015625, 0.150390625, 0.7802734375, 22.0625, 19.3125, -52.5
-2812, -4899, 814, 15358, 483, 328, -782, -840, 357, 1569, 0.235408753941918, -0.5746236423975787, 2.7095629821695324, -0.41015625, 0.17431640625, 0.76611328125, 30.1875, 20.5, -48.875
-2665, -4962, 846, 15362, 487, 322, -742, -877, 329, 1520, 0.23631465228087695, -0.5837199894833786, 2.72673916627096, -0.42822265625, 0.16064453125, 0.7421875, 30.4375, 20.125, -46.375
-2518, -5018, 860, 15368, 405, 283, -759, -881, 268, 1450, 0.23432518891209714, -0.5924914476289848, 2.744964644678705, -0.43017578125, 0.130859375, 0.7080078125, 25.3125, 17.6875, -47.4375
-2374, -5068, 862, 15374, 351, 266, -752, -876, 221, 1442, 0.23040007810788604, -0.6007586202078739, 2.763498252723083, -0.427734375, 0.10791015625, 0.7041015625, 21.9375, 16.625, -47.0
-2226, -5112, 863, 15382, 342, 209, -771, -915, 211, 1393, 0.2257647228587514, -0.6083899529675386, 2.7830164436485902, -0.44677734375, 0.10302734375, 0.68017578125, 21.375, 13.0625, -48.1875
-2086, -5147, 861, 15390, 274, 153, -750, -940, 270, 1381, 0.22056567869714025, -0.614801355629933, 2.8018737201801818, -0.458984375, 0.1318359375, 0.67431640625, 17.125, 9.5625, -46.875
-1961, -5174, 822, 15399, 79, 125, -709, -975, 187, 1361, 0.2104174093955467, -0.6207074933139352, 2.820525030278078, -0.47607421875, 0.09130859375, 0.66455078125, 4.9375, 7.8125, -44.3125
-1829, -5186, 768, 15414, 64, 33, -717, -956, -4, 1293, 0.19718370366370847, -0.6250175053331342, 2.8414576661080586, -0.466796875, -0.001953125, 0.63134765625, 4.0, 2.0625, -44.8125
-1677, -5190, 745, 15431, 265, -52, -762, -948, -48, 1235, 0.18705349560085463, -0.6278242933314643, 2.8641729641670772, -0.462890625, -0.0234375, 0.60302734375, 16.5625, -3.25, -47.625
-1516, -5185, 740, 15450, 352, -132, -787, -938, -21, 1150, 0.17874592464333483, -0.6291956292984076, 2.8876644526182447, -0.4580078125, -0.01025390625, 0.5615234375, 22.0, -8.25, -49.1875
-1357, -5170, 729, 15470, 286, -197, -804, -964, 25, 1165, 0.169394671854724, -0.6292346750797045, 2.911340693392087, -0.470703125, 0.01220703125, 0.56884765625, 17.875, -12.3125, -50.25
-1198, -5142, 707, 15493, 240, -276, -799, -991, -39, 1172, 0.15819380710942785, -0.6276447396703531, 2.935773481025329, -0.48388671875, -0.01904296875, 0.572265625, 15.0, -17.25, -49.9375
-1041, -5106, 706, 15517, 353, -363, -749, -1023, -64, 1128, 0.15000849702762414, -0.6246732395952841, 2.959091698024193, -0.49951171875, -0.03125, 0.55078125, 22.0625, -22.6875, -46.8125
-887, -5057, 745, 15541, 538, -451, -667, -1048, -28, 1142, 0.14753415239391923, -0.6194947936383189, 2.980274165465839, -0.51171875, -0.013671875, 0.5576171875, 33.625, -28.1875, -41.6875
-741, -4992, 819, 15566, 695, -542, -569, -1034, 3, 1166, 0.15027247400428817, -0.6119067493036026, 2.998914814393839, -0.5048828125, 0.00146484375, 0.5693359375, 43.4375, -33.875, -35.5625
-609, -4914, 909, 15591, 737, -591, -475, -1028, 44, 1239, 0.15584964436490456, -0.6024897231099674, 3.0149872914733353, -0.501953125, 0.021484375, 0.60498046875, 46.0625, -36.9375, -29.6875
-491, -4822, 1002, 15618, 721, -663, -404, -1024, 93, 1272, 0.16240297468238724, -0.5912962275468783, 3.0291586631430594, -0.5, 0.04541015625, 0.62109375, 45.0625, -41.4375, -25.25
-382, -4709, 1085, 15650, 648, -742, -369, -947, 91, 1320, 0.16779307870926935, -0.5775689393590392, 3.0428146463087327, -0.46240234375, 0.04443359375, 0.64453125, 40.5, -46.375, -23.0625
-274, -4581, 1179, 15683, 695, -800, -349, -900, 139, 1368, 0.17474681521979313, -0.5619901544428967, 3.0560751929934558, -0.439453125, 0.06787109375, 0.66796875, 43.4375, -50.0, -21.8125
-167, -4444, 1291, 15716, 762, -870, -328, -904, 209, 1364, 0.18432988543024814, -0.5453956861877164, 3.068656389971138, -0.44140625, 0.10205078125, 0.666015625, 47.625, -54.375, -20.5
-61, -4290, 1409, 15749, 786, -929, -314, -792, 228, 1328, 0.19474477409608879, -0.5267710751695104, 3.0811707253456984, -0.38671875, 0.111328125, 0.6484375, 49.125, -58.0625, -19.625
38, -4128, 1549, 15779, 863, -937, -267, -718, 330, 1389, 0.20850572636165715, -0.507206608198099, 3.092172841416181, -0.3505859375, 0.1611328125, 0.67822265625, 53.9375, -58.5625, -16.6875
129, -3959, 1709, 15805, 930, -971, -209, -765, 441, 1490, 0.2253015344879263, -0.486845524992482, 3.101723100456253, -0.37353515625, 0.21533203125, 0.7275390625, 58.125, -60.6875, -13.0625
213, -3779, 1860, 15832, 873, -1056, -165, -804, 479, 1534, 0.24112283694809405, -0.46532527018922204, 3.1111024885716283, -0.392578125, 0.23388671875, 0.7490234375, 54.5625, -66.0, -10.3125
285, -3578, 2009, 15859, 839, -1172, -97, -749, 500, 1472, 0.256938381336345, -0.4412145056664935, 3.119602711332969, -0.36572265625, 0.244140625, 0.71875, 52.4375, -73.25, -6.0625
356, -3355, 2150, 15888, 817, -1248, -78, -600, 482, 1440, 0.2716748659571641, -0.41462879915768036, 3.128916625216739, -0.29296875, 0.2353515625, 0.703125, 51.0625, -78.0, -4.875
426, -3122, 2312, 15910, 927, -1274, -59, -607, 580, 1648, 0.28927046690916197, -0.3870044520740201, 3.138048332491125, -0.29638671875, 0.283203125, 0.8046875, 57.9375, -79.625, -3.6875
490, -2895, 2483, 15926, 893, -1341, -15, -775, 771, 1632, 0.30842030040059043, -0.36032635942995517, -3.136691989564305, -0.37841796875, 0.37646484375, 0.796875, 55.8125, -83.8125, -0.9375
542, -2636, 2600, 15950, 554, -1516, 18, -681, 828, 1557, 0.3207908989026813, -0.32969350814879966, -3.1274827293007883, -0.33251953125, 0.404296875, 0.76025390625, 34.625, -94.75, 1.125
585, -2349, 2648, 15986, 305, -1621, 61, -426, 639, 1501, 0.32466238198144654, -0.29560550654796236, -3.1171974433274037, -0.2080078125, 0.31201171875, 0.73291015625, 19.0625, -101.3125, 3.8125
637, -2050, 2705, 16015, 385, -1673, 34, -311, 613, 1675, 0.3299091050175169, -0.2603783142644746, -3.105674150964648, -0.15185546875, 0.29931640625, 0.81787109375, 24.0625, -104.5625, 2.125
704, -1732, 2792, 16035, 555, -1797, -13, -429, 789, 1795, 0.3392166759207797, -0.22342087873918248, -3.0922604306582917, -0.20947265625, 0.38525390625, 0.87646484375, 34.6875, -112.3125, -0.8125
780, -1374, 2833, 16059, 299, -2048, -50, -438, 904, 1842, 0.34323193506482863, -0.18186222328840007, -3.0761320146217974, -0.2138671875, 0.44140625, 0.8994140625, 18.6875, -128.0, -3.125
861, -978, 2786, 16092, -185, -2276, -82, -252, 940, 1845, 0.3371393263858796, -0.1355437654841406, -3.057783428906612, -0.123046875, 0.458984375, 0.90087890625, -11.5625, -142.25, -5.125
954, -574, 2683, 16124, -470, -2337, -161, -58, 848, 1889, 0.325179077844664, -0.08814088744621358, -3.0378611507080833, -0.0283203125, 0.4140625, 0.92236328125, -29.375, -146.0625, -10.0625
1080, -179, 2610, 16137, -285, -2302, -352, 39, 810, 1871, 0.317975414131831, -0.04253569537919008, -3.0147499921215677, 0.01904296875, 0.3955078125, 0.91357421875, -17.8125, -143.875, -22.0
1227, 187, 2590, 16130, 2, -2146, -491, 92, 905, 1940, 0.31831958614807493, -0.0012041631270826704, -2.989933919721274, 0.044921875, 0.44189453125, 0.947265625, 0.125, -134.125, -30.6875
1374, 513, 2600, 16109, 180, -1912, -535, 146, 885, 2105, 0.32309488343885945, 0.03496164746319763, -2.9657014411150278, 0.0712890625, 0.43212890625, 1.02783203125, 11.25, -119.5, -33.4375
1533, 794, 2650, 16075, 380, -1674, -646, 115, 971, 2233, 0.33328001969894777, 0.06487374188813115, -2.9404991295242775, 0.05615234375, 0.47412109375, 1.09033203125, 23.75, -104.625, -40.375
1711, 1040, 2724, 16031, 429, -1509, -784, 174, 1016, 2268, 0.34689387539288036, 0.0896123586832674, -2.9132126122240654, 0.0849609375, 0.49609375, 1.107421875, 26.8125, -94.3125, -49.0
1904, 1257, 2800, 15980, 421, -1318, -909, 299, 1021, 2189, 0.36114441789914636, 0.11016090718271243, -2.8842492774860222, 0.14599609375, 0.49853515625, 1.06884765625, 26.3125, -82.375, -56.8125
2108, 1446, 2863, 15927, 367, -1153, -1009, 410, 970, 2157, 0.3740565381994202, 0.1269652325062758, -2.8543131969797013, 0.2001953125, 0.4736328125, 1.05322265625, 22.9375, -72.0625, -63.0625
2324, 1600, 2932, 15870, 380, -961, -1120, 464, 1012, 2219, 0.3876646278080485, 0.13886297541090695, -2.8234505215045624, 0.2265625, 0.494140625, 1.08349609375, 23.75, -60.0625, -70.0
2554, 1714, 2987, 15812, 298, -798, -1217, 425, 985, 2225, 0.39913972277946635, 0.1455988126737301, -2.7917636635933363, 0.20751953125, 0.48095703125, 1.08642578125, 18.625, -49.875, -76.0625
2801, 1814, 3033, 15750, 222, -753, -1322, 409, 967, 2070, 0.40961269876404444, 0.15013428138140816, -2.7582864723023772, 0.19970703125, 0.47216796875, 1.0107421875, 13.875, -47.0625, -82.625
3062, 1917, 3071, 15682, 201, -707, -1444, 576, 876, 1909, 0.4196149263542127, 0.15453583767417348, -2.722912863590392, 0.28125, 0.427734375, 0.93212890625, 12.5625, -44.1875, -90.25
3329, 2012, 3115, 15607, 232, -579, -1531, 754, 854, 1830, 0.43044809819513685, 0.15734494543296063, -2.686778192230866, 0.3681640625, 0.4169921875, 0.8935546875, 14.5, -36.1875, -95.6875
3596, 2084, 3167, 15528, 225, -469, -1560, 721, 967, 1880, 0.4417106328606052, 0.15689513398987315, -2.651132468215763, 0.35205078125, 0.47216796875, 0.91796875, 14.0625, -29.3125, -97.5
3856, 2127, 3206, 15451, 126, -419, -1500, 537, 1000, 1924, 0.45036331676976255, 0.15335171306181564, -2.6171984170926916, 0.26220703125, 0.48828125, 0.939453125, 7.875, -26.1875, -93.75
4109, 2162, 3228, 15376, 29, -478, -1408, 321, 983, 1868, 0.4566093874049802, 0.14941087496702027, -2.5844686719839953, 0.15673828125, 0.47998046875, 0.912109375, 1.8125, -29.875, -88.0
4351, 2222, 3250, 15296, 52, -574, -1341, 359, 953, 1676, 0.463788773987003, 0.1484156539135898, -2.5521304220317274, 0.17529296875, 0.46533203125, 0.818359375, 3.25, -35.875, -83.8125
4581, 2306, 3270, 15213, 73, -629, -1286, 467, 928, 1519, 0.47178089533215045, 0.15033201934617824, -2.520408540326072, 0.22802734375, 0.453125, 0.74169921875, 4.5625, -39.3125, -80.375
4794, 2385, 3292, 15129, 127, -559, -1227, 517, 890, 1553, 0.4797760440229844, 0.1518356054196355, -2.490550791141549, 0.25244140625, 0.4345703125, 0.75830078125, 7.9375, -34.9375, -76.6875
4996, 2460, 3337, 15042, 246, -545, -1167, 424, 957, 1625, 0.4904163424178347, 0.15206814269048236, -2.4620528790650886, 0.20703125, 0.46728515625, 0.79345703125, 15.375, -34.0625, -72.9375
5198, 2535, 3402, 14946, 307, -614, -1138, 222, 1112, 1673, 0.5035258832900028, 0.15110978140431536, -2.433161880945144, 0.1083984375, 0.54296875, 0.81689453125, 19.1875, -38.375, -71.125
5399, 2630, 3454, 14846, 294, -741, -1108, 225, 1087, 1593, 0.5162095580269689, 0.15255935414800875, -2.4035482052257193, 0.10986328125, 0.53076171875, 0.77783203125, 18.375, -46.3125, -69.25
5599, 2737, 3505, 14741, 314, -798, -1104, 239, 1080, 1552, 0.5295993722660048, 0.1550081127837858, -2.3734539218221657, 0.11669921875, 0.52734375, 0.7578125, 19.625, -49.875, -69.0
5804, 2857, 3568, 14623, 397, -900, -1118, 165, 1169, 1583, 0.5453496257065713, 0.15763003096325623, -2.3416784993422324, 0.08056640625, 0.57080078125, 0.77294921875, 24.8125, -56.25, -69.875
6023, 2998, 3655, 14484, 545, -996, -1224, 167, 1282, 1601, 0.5654909445258393, 0.1601935020468181, -2.306709743182132, 0.08154296875, 0.6259765625, 0.78173828125, 34.0625, -62.25, -76.5
6281, 3103, 3727, 14333, 439, -888, -1489, 217, 1202, 1620, 0.5824157173622462, 0.15760568616151824, -2.2681371659456016, 0.10595703125, 0.5869140625, 0.791015625, 27.4375, -55.5, -93.0625
6534, 3157, 3809, 14186, 481, -661, -1525, 111, 1053, 1707, 0.597409320657509, 0.14879409735795934, -2.2323587872580717, 0.05419921875, 0.51416015625, 0.83349609375, 30.0625, -41.3125, -95.3125
6749, 3185, 3911, 14050, 513, -472, -1323, -22, 1179, 1726, 0.6125794908409151, 0.13717711165547708, -2.2023846144413817, -0.0107421875, 0.57568359375, 0.8427734375, 32.0625, -29.5, -82.6875
6950, 3150, 3947, 13950, 137, -323, -1160, -141, 1076, 1949, 0.6159641851245395, 0.12332781183024952, -2.1777925853699385, -0.06884765625, 0.525390625, 0.95166015625, 8.5625, -20.1875, -72.5
7116, 3090, 3942, 13881, -45, -172, -959, -59, 929, 1977, 0.6126676565089652, 0.11080077500009601, -2.1589973971048178, -0.02880859375, 0.45361328125, 0.96533203125, -2.8125, -10.75, -59.9375
7239, 3028, 3942, 13831, -34, -39, -734, -21, 895, 1862, 0.6094057969916673, 0.09958603987977084, -2.1457892669269087, -0.01025390625, 0.43701171875, 0.9091796875, -2.125, -2.4375, -45.875
7318, 2971, 3954, 13798, 83, 75, -510, 24, 795, 1805, 0.6074736481060554, 0.08996402708803347, -2.1379648029669296, 0.01171875, 0.38818359375, 0.88134765625, 5.1875, 4.6875, -31.875
7337, 2935, 3992, 13785, 228, 194, -204, 105, 924, 1765, 0.6094801628042615, 0.08331689412332721, -2.1370614094579685, 0.05126953125, 0.451171875, 0.86181640625, 14.25, 12.125, -12.75
7311, 2891, 4013, 13802, 58, 329, 62, 212, 1050, 1727, 0.6088557511347513, 0.07877850677980838, -2.142480075992013, 0.103515625, 0.5126953125, 0.84326171875, 3.625, 20.5625, 3.875
7242, 2825, 4001, 13855, -147, 475, 345, 255, 1037, 1770, 0.6029646480854579, 0.07580873351099891, -2.1545960700056987, 0.12451171875, 0.50634765625, 0.8642578125, -9.1875, 29.6875, 21.5625
7133, 2772, 3982, 13928, -173, 499, 585, 332, 1062, 1697, 0.5970118399193738, 0.07610520502776863, -2.1714642816551737, 0.162109375, 0.5185546875, 0.82861328125, -10.8125, 31.1875, 36.5625
6996, 2748, 3971, 14005, -95, 464, 732, 422, 1132, 1648, 0.5936451493509208, 0.07984046066529549, -2.190508334037945, 0.2060546875, 0.552734375, 0.8046875, -5.9375, 29.0, 45.75
6836, 2746, 3966, 14086, -49, 457, 854, 535, 1206, 1604, 0.5921801572185745, 0.08629971936166676, -2.2115446066108118, 0.26123046875, 0.5888671875, 0.783203125, -3.0625, 28.5625, 53.375
