-8747, -9035, 3490, 9906, -174, 488, -128, -961, 1738, 572, 1.2290643528572538, -0.4549174445190663, 1.3711821478653274, -0.46923828125, 0.8486328125, 0.279296875, -10.875, 30.5, -8.0
-8775, -9079, 3397, 9873, -237, 544, -115, -979, 1722, 592, 1.2291920565349304, -0.462018084671404, 1.359472190867358, -0.47802734375, 0.8408203125, 0.2890625, -14.8125, 34.0, -7.1875
-8810, -9125, 3296, 9833, -274, 608, -91, -984, 1671, 580, 1.2293262108536247, -0.46918953825417875, 1.346159619838338, -0.48046875, 0.81591796875, 0.283203125, -17.125, 38.0, -5.6875
-8852, -9171, 3191, 9788, -288, 639, -45, -998, 1612, 582, 1.2295113178187542, -0.4761404989677734, 1.3318900692392786, -0.4873046875, 0.787109375, 0.2841796875, -18.0, 39.9375, -2.8125
-8895, -9222, 3099, 9730, -223, 669, 11, -960, 1587, 564, 1.2317046097708826, -0.481558823246582, 1.3163638179006552, -0.46875, 0.77490234375, 0.275390625, -13.9375, 41.8125, 0.6875
-8937, -9280, 3024, 9660, -138, 678, 51, -911, 1633, 556, 1.2364808986707083, -0.48538647681563907, 1.3000004150344504, -0.44482421875, 0.79736328125, 0.271484375, -8.625, 42.375, 3.1875
-8975, -9340, 2960, 9586, -97, 663, 50, -868, 1683, 514, 1.2424813833132808, -0.48831953694635627, 1.2836990381181046, -0.423828125, 0.82177734375, 0.2509765625, -6.0625, 41.4375, 3.125
-9014, -9394, 2894, 9516, -137, 638, 39, -867, 1693, 503, 1.247525521030329, -0.4911863658765543, 1.2680150566363895, -0.42333984375, 0.82666015625, 0.24560546875, -8.5625, 39.875, 2.4375
-9055, -9442, 2827, 9450, -158, 608, 59, -920, 1671, 500, 1.2516926051993083, -0.49390594637638846, 1.253039185643232, -0.44921875, 0.81591796875, 0.244140625, -9.875, 38.0, 3.6875
-9097, -9483, 2761, 9389, -189, 552, 91, -977, 1640, 485, 1.2549077345970783, -0.496367066455905, 1.2390532849685392, -0.47705078125, 0.80078125, 0.23681640625, -11.8125, 34.5, 5.6875
-9139, -9516, 2703, 9331, -180, 488, 150, -1042, 1622, 491, 1.2574028850052434, -0.49782509741043524, 1.226160109809886, -0.5087890625, 0.7919921875, 0.23974609375, -11.25, 30.5, 9.375
-9179, -9542, 2661, 9276, -159, 387, 220, -1114, 1644, 468, 1.2597945522869178, -0.49778434376968256, 1.2148700857482264, -0.5439453125, 0.802734375, 0.228515625, -9.9375, 24.1875, 13.75
-9224, -9554, 2636, 9226, -170, 278, 300, -1136, 1629, 466, 1.2610316720932842, -0.49561878636477863, 1.205734320949222, -0.5546875, 0.79541015625, 0.2275390625, -10.625, 17.375, 18.75
-9256, -9570, 2640, 9177, -34, 177, 328, -1069, 1614, 428, 1.2645958472900565, -0.49187311828885255, 1.1985463190723726, -0.52197265625, 0.7880859375, 0.208984375, -2.125, 11.0625, 20.5
-9278, -9591, 2672, 9123, 92, 134, 324, -946, 1708, 418, 1.2706039108321412, -0.48613265495771774, 1.192317358666829, -0.4619140625, 0.833984375, 0.2041015625, 5.75, 8.375, 20.25
-9300, -9619, 2714, 9059, 116, 153, 325, -873, 1844, 370, 1.2784233156317335, -0.47932283683616017, 1.185264745338916, -0.42626953125, 0.900390625, 0.1806640625, 7.25, 9.5625, 20.3125
-9339, -9634, 2736, 8996, -39, 188, 327, -880, 1854, 361, 1.283005892258402, -0.4727646050727825, 1.177429838315776, -0.4296875, 0.9052734375, 0.17626953125, -2.4375, 11.75, 20.4375
-9382, -9642, 2742, 8940, -121, 197, 294, -886, 1797, 371, 1.2854262163384216, -0.4673999994988423, 1.1697525258587194, -0.4326171875, 0.87744140625, 0.18115234375, -7.5625, 12.3125, 18.375
-9416, -9659, 2754, 8883, -48, 205, 264, -836, 1797, 347, 1.289600759744266, -0.46235887503328466, 1.1622439429927602, -0.408203125, 0.87744140625, 0.16943359375, -3.0, 12.8125, 16.5
-9440, -9688, 2765, 8822, 1, 245, 197, -798, 1889, 315, 1.2955650059622619, -0.4581734592121881, 1.1538917100043384, -0.3896484375, 0.92236328125, 0.15380859375, 0.0625, 15.3125, 12.3125
-9460, -9727, 2760, 8759, -15, 318, 142, -826, 1898, 281, 1.3021682713857519, -0.45587574729710495, 1.1440677351382067, -0.4033203125, 0.9267578125, 0.13720703125, -0.9375, 19.875, 8.875
-9479, -9767, 2730, 8703, -67, 381, 81, -883, 1825, 291, 1.307416342343863, -0.4561690033842355, 1.1335566207998715, -0.43115234375, 0.89111328125, 0.14208984375, -4.1875, 23.8125, 5.0625
-9486, -9816, 2695, 8652, 8, 392, 27, -917, 1770, 315, 1.313786532350067, -0.4581512453757294, 1.1232415826232596, -0.44775390625, 0.8642578125, 0.15380859375, 0.5, 24.5, 1.6875
-9473, -9879, 2669, 8602, 149, 397, -23, -911, 1782, 314, 1.322881040210933, -0.46091496824397044, 1.1133027536612834, -0.44482421875, 0.8701171875, 0.1533203125, 9.3125, 24.8125, -1.4375
-9447, -9950, 2641, 8557, 232, 401, -88, -919, 1757, 331, 1.3331671064781607, -0.4650527937374432, 1.1036994918505734, -0.44873046875, 0.85791015625, 0.16162109375, 14.5, 25.0625, -5.5
-9412, -10017, 2610, 8526, 275, 363, -145, -938, 1713, 399, 1.3425873034870484, -0.4704534351378378, 1.0958038684199187, -0.4580078125, 0.83642578125, 0.19482421875, 17.1875, 22.6875, -9.0625
-9370, -10079, 2585, 8507, 298, 295, -179, -955, 1721, 411, 1.351507520199951, -0.47615380286491443, 1.0900218945789018, -0.46630859375, 0.84033203125, 0.20068359375, 18.625, 18.4375, -11.1875
-9329, -10128, 2565, 8500, 274, 200, -196, -981, 1780, 448, 1.3585229616700514, -0.4815139323515261, 1.0864619481469002, -0.47900390625, 0.869140625, 0.21875, 17.125, 12.5, -12.25
-9290, -10160, 2557, 8508, 244, 72, -173, -1010, 1781, 450, 1.3632748120248628, -0.48595462898133784, 1.0861651632993932, -0.4931640625, 0.86962890625, 0.2197265625, 15.25, 4.5, -10.8125
-9249, -10172, 2563, 8536, 226, -100, -139, -1088, 1756, 479, 1.365226269188779, -0.4896341285454329, 1.0899669565337187, -0.53125, 0.857421875, 0.23388671875, 14.125, -6.25, -8.6875
-9197, -10159, 2588, 8599, 207, -379, -133, -1216, 1770, 481, 1.3636341664848022, -0.4932882473855809, 1.1004228712090507, -0.59375, 0.8642578125, 0.23486328125, 12.9375, -23.6875, -8.3125
-9134, -10119, 2647, 8696, 215, -703, -124, -1285, 1836, 462, 1.3590514007686354, -0.49550348345238965, 1.118635448356609, -0.62744140625, 0.896484375, 0.2255859375, 13.4375, -43.9375, -7.75
-9060, -10059, 2731, 8815, 178, -953, -155, -1253, 1900, 368, 1.3523421146546997, -0.4964361661309415, 1.14211308823676, -0.61181640625, 0.927734375, 0.1796875, 11.125, -59.5625, -9.6875
-8997, -9972, 2802, 8956, -48, -1090, -227, -1254, 1959, 296, 1.3404405897603497, -0.49789767775877203, 1.1686435500743229, -0.6123046875, 0.95654296875, 0.14453125, -3.0, -68.125, -14.1875
-8943, -9855, 2842, 9125, -306, -1185, -323, -1336, 1934, 296, 1.3216707682337867, -0.5013883054684435, 1.1979416878807934, -0.65234375, 0.9443359375, 0.14453125, -19.125, -74.0625, -20.1875
-8879, -9724, 2866, 9319, -391, -1291, -435, -1388, 1851, 317, 1.2994760995234194, -0.5070034835576747, 1.2305365643850876, -0.677734375, 0.90380859375, 0.15478515625, -24.4375, -80.6875, -27.1875
-8771, -9611, 2899, 9525, -189, -1351, -610, -1364, 1786, 316, 1.2804147066010683, -0.5150919270550426, 1.265676398888085, -0.666015625, 0.8720703125, 0.154296875, -11.8125, -84.4375, -38.125
-8624, -9517, 2932, 9741, -20, -1358, -826, -1355, 1870, 340, 1.2640105170286868, -0.526273553938365, 1.3027731616131635, -0.66162109375, 0.9130859375, 0.166015625, -1.25, -84.875, -51.625
-8459, -9429, 2960, 9961, 1, -1367, -955, -1375, 1946, 337, 1.2479318327546611, -0.5389359194999253, 1.3410434659169745, -0.67138671875, 0.9501953125, 0.16455078125, 0.0625, -85.4375, -59.6875
-8301, -9323, 2960, 10191, -183, -1378, -1054, -1355, 1924, 343, 1.2267412976232777, -0.5525000039042328, 1.3805987921429597, -0.66162109375, 0.939453125, 0.16748046875, -11.4375, -86.125, -65.875
-8146, -9198, 2934, 10434, -312, -1396, -1115, -1416, 1825, 443, 1.200211803035063, -0.5668472004773838, 1.4223983583880746, -0.69140625, 0.89111328125, 0.21630859375, -19.5, -87.25, -69.6875
-7973, -9076, 2919, 10676, -221, -1440, -1148, -1385, 1717, 437, 1.174463167192351, -0.5806027952003839, 1.4661719696296875, -0.67626953125, 0.83837890625, 0.21337890625, -13.8125, -90.0, -71.75
-7784, -8959, 2922, 10911, -85, -1452, -1191, -1269, 1673, 434, 1.150502663696548, -0.5929914124254133, 1.5111985747048993, -0.61962890625, 0.81689453125, 0.2119140625, -5.3125, -90.75, -74.4375
-7585, -8842, 2939, 11139, -5, -1467, -1212, -1230, 1706, 481, 1.127412577630379, -0.6037393375843682, 1.5571952371676334, -0.6005859375, 0.8330078125, 0.23486328125, -0.3125, -91.6875, -75.75
-7384, -8723, 2967, 11359, 40, -1477, -1186, -1204, 1695, 492, 1.1049697917655448, -0.6126135770342253, 1.6036960199324288, -0.587890625, 0.82763671875, 0.240234375, 2.5, -92.3125, -74.125
-7190, -8600, 2994, 11568, 6, -1448, -1161, -1182, 1716, 518, 1.0821006469221464, -0.619750297745963, 1.6492682531707274, -0.5771484375, 0.837890625, 0.2529296875, 0.375, -90.5, -72.5625
-6998, -8467, 3022, 11775, -27, -1480, -1135, -1171, 1677, 527, 1.0580077362538944, -0.6251887422243674, 1.6957602547341901, -0.57177734375, 0.81884765625, 0.25732421875, -1.6875, -92.5, -70.9375
-6812, -8325, 3052, 11975, -37, -1479, -1100, -1112, 1633, 581, 1.0331976385982349, -0.6284147715091444, 1.7420080486336416, -0.54296875, 0.79736328125, 0.28369140625, -2.3125, -92.4375, -68.75
-6630, -8180, 3095, 12165, 1, -1476, -1037, -1053, 1597, 590, 1.0098623088528105, -0.6292273302964263, 1.7876606603311362, -0.51416015625, 0.77978515625, 0.2880859375, 0.0625, -92.25, -64.8125
-6454, -8039, 3148, 12339, 54, -1422, -978, -986, 1594, 618, 0.9889406928427121, -0.6281788113713912, 1.8310284401618389, -0.4814453125, 0.7783203125, 0.3017578125, 3.375, -88.875, -61.125
-6279, -7897, 3199, 12506, 48, -1373, -991, -924, 1595, 679, 0.9683040077275655, -0.6263138073321992, 1.8735254680935067, -0.451171875, 0.77880859375, 0.33154296875, 3.0, -85.8125, -61.9375
-6110, -7756, 3246, 12665, 43, -1307, -966, -887, 1556, 737, 0.9482195373372493, -0.6237717702913712, 1.91462212308664, -0.43310546875, 0.759765625, 0.35986328125, 2.6875, -81.6875, -60.375
-5949, -7610, 3284, 12820, 0, -1274, -931, -873, 1526, 808, 0.9273582557235345, -0.6203521675844378, 1.954842408271697, -0.42626953125, 0.7451171875, 0.39453125, 0.0, -79.625, -58.1875
-5789, -7454, 3318, 12975, -12, -1276, -927, -827, 1466, 904, 0.9054288414337505, -0.6156358161285331, 1.9954140027306246, -0.40380859375, 0.7158203125, 0.44140625, -0.75, -79.75, -57.9375
-5617, -7292, 3371, 13128, 64, -1359, -934, -815, 1487, 882, 0.8853441065284408, -0.6091412554402792, 2.0371225065533802, -0.39794921875, 0.72607421875, 0.4306640625, 4.0, -84.9375, -58.375
-5442, -7123, 3415, 13282, 19, -1363, -976, -777, 1498, 943, 0.8641310605953244, -0.6021521325775957, 2.079366418717605, -0.37939453125, 0.7314453125, 0.46044921875, 1.1875, -85.1875, -61.0
-5270, -6951, 3445, 13434, -49, -1354, -964, -842, 1477, 993, 0.8419092551433931, -0.5949493716182581, 2.1210647438633075, -0.4111328125, 0.72119140625, 0.48486328125, -3.0625, -84.625, -60.25
-5107, -6761, 3453, 13591, -221, -1399, -963, -821, 1466, 1025, 0.816233136855376, -0.5862456868458427, 2.163146007972859, -0.40087890625, 0.7158203125, 0.50048828125, -13.8125, -87.4375, -60.1875
-4947, -6558, 3431, 13755, -372, -1410, -992, -812, 1385, 1088, 0.7866380100150329, -0.5771310428322275, 2.206077809934, -0.396484375, 0.67626953125, 0.53125, -23.25, -88.125, -62.0
-4781, -6339, 3395, 13923, -437, -1472, -1015, -840, 1337, 1191, 0.7545901301981731, -0.5664483491704667, 2.250287220835713, -0.41015625, 0.65283203125, 0.58154296875, -27.3125, -92.0, -63.4375
-4610, -6112, 3359, 14090, -437, -1523, -1017, -844, 1280, 1208, 0.7229423142974886, -0.5541933184874749, 2.294861309031084, -0.412109375, 0.625, 0.58984375, -27.3125, -95.1875, -63.5625
-4432, -5871, 3324, 14257, -446, -1599, -1032, -806, 1261, 1253, 0.691360692564703, -0.5396935151927369, 2.34017004672775, -0.3935546875, 0.61572265625, 0.61181640625, -27.875, -99.9375, -64.5
-4246, -5619, 3250, 14431, -591, -1655, -1058, -792, 1264, 1331, 0.6551950857952398, -0.5251430919399267, 2.387029922055427, -0.38671875, 0.6171875, 0.64990234375, -36.9375, -103.4375, -66.125
-4073, -5340, 3135, 14612, -859, -1734, -1057, -791, 1219, 1423, 0.6138461895841556, -0.5077577564143213, 2.433833063961703, -0.38623046875, 0.59521484375, 0.69482421875, -53.6875, -108.375, -66.0625
-3909, -5037, 2986, 14794, -1084, -1795, -1041, -741, 1145, 1481, 0.5686684106999197, -0.4872894019768901, 2.4798796398679728, -0.36181640625, 0.55908203125, 0.72314453125, -67.75, -112.1875, -65.0625
-3750, -4718, 2808, 14974, -1250, -1824, -1052, -654, 1038, 1530, 0.5210925094817923, -0.4644252767027679, 2.524864262295778, -0.3193359375, 0.5068359375, 0.7470703125, -78.125, -114.0, -65.75
-3587, -4385, 2625, 15147, -1288, -1876, -1055, -586, 990, 1547, 0.4742507935435761, -0.4386424310592896, 2.5688406483644335, -0.2861328125, 0.4833984375, 0.75537109375, -80.5, -117.25, -65.9375
-3427, -4048, 2423, 15311, -1384, -1857, -1055, -499, 894, 1603, 0.42721888956223913, -0.4114210513632389, 2.6107154023879096, -0.24365234375, 0.4365234375, 0.78271484375, -86.5, -116.0625, -65.9375
-3266, -3719, 2210, 15461, -1418, -1792, -1059, -492, 793, 1625, 0.3813569201587766, -0.3839945589554302, 2.650194386865231, -0.240234375, 0.38720703125, 0.79345703125, -88.625, -112.0, -66.1875
-3101, -3398, 1998, 15597, -1390, -1729, -1067, -463, 753, 1680, 0.3378921725733795, -0.3561923206463721, 2.687650732457604, -0.22607421875, 0.36767578125, 0.8203125, -86.875, -108.0625, -66.6875
-2932, -3090, 1775, 15720, -1431, -1639, -1101, -404, 759, 1749, 0.2952814290074396, -0.3290407684378072, 2.7233867751209475, -0.197265625, 0.37060546875, 0.85400390625, -89.4375, -102.4375, -68.8125
-2773, -2788, 1542, 15830, -1563, -1518, -1086, -420, 694, 1797, 0.2534887507614282, -0.30151352446456353, 2.7560430266989746, -0.205078125, 0.3388671875, 0.87744140625, -97.6875, -94.875, -67.875
-2619, -2508, 1265, 15927, -1693, -1406, -1058, -354, 585, 1827, 0.20841214099475946, -0.2764360859848572, 2.7865134917049286, -0.1728515625, 0.28564453125, 0.89208984375, -105.8125, -87.875, -66.125
-2470, -2243, 985, 16010, -1688, -1303, -1019, -279, 427, 1802, 0.16469827263399844, -0.25208816037861603, 2.8145143685845504, -0.13623046875, 0.20849609375, 0.8798828125, -105.5, -81.4375, -63.6875
-2317, -2002, 707, 16079, -1640, -1149, -1034, -132, 318, 1839, 0.12278149120812937, -0.22964353284652667, 2.8411522944017964, -0.064453125, 0.1552734375, 0.89794921875, -102.5, -71.8125, -64.625
-2168, -1773, 445, 16136, -1574, -991, -1010, -140, 232, 1837, 0.08403683679870161, -0.20745137536242053, 2.865697547359151, -0.068359375, 0.11328125, 0.89697265625, -98.375, -61.9375, -63.125
-2027, -1565, 194, 16181, -1504, -886, -947, -117, 164, 1803, 0.047874477661394015, -0.1868281453185865, 2.8878493003974697, -0.05712890625, 0.080078125, 0.88037109375, -94.0, -55.375, -59.1875
-1890, -1378, -54, 16216, -1454, -766, -910, -69, 70, 1777, 0.013064622436667634, -0.1680381524514651, 2.908433697377581, -0.03369140625, 0.0341796875, 0.86767578125, -90.875, -47.875, -56.875
-1765, -1208, -300, 16241, -1420, -702, -830, -105, -23, 1804, -0.020651406986799407, -0.15068861221533822, 2.926649429430535, -0.05126953125, -0.01123046875, 0.880859375, -88.75, -43.875, -51.875
-1662, -1039, -541, 16257, -1405, -682, -698, -43, -71, 1734, -0.05315617836106887, -0.13293827279004886, 2.9413661653899283, -0.02099609375, -0.03466796875, 0.8466796875, -87.8125, -42.625, -43.625
-1575, -875, -781, 16265, -1384, -610, -591, 81, -160, 1700, -0.08504473018710894, -0.11545684582220138, 2.9534258352439626, 0.03955078125, -0.078125, 0.830078125, -86.5, -38.125, -36.9375
-1503, -723, -1009, 16267, -1280, -559, -489, 103, -284, 1678, -0.11500943887743234, -0.09908765737854731, 2.9630208242733738, 0.05029296875, -0.138671875, 0.8193359375, -80.0, -34.9375, -30.5625
-1447, -577, -1215, 16264, -1117, -542, -384, 127, -404, 1696, -0.1419735127148144, -0.0831132505251384, 2.9700253937936614, 0.06201171875, -0.197265625, 0.828125, -69.8125, -33.875, -24.0
-1404, -431, -1385, 16259, -939, -533, -298, 210, -418, 1681, -0.16437259228813134, -0.06674841020274981, 2.9748128869715, 0.1025390625, -0.2041015625, 0.82080078125, -58.6875, -33.3125, -18.625
-1376, -293, -1544, 16250, -853, -486, -201, 269, -484, 1635, -0.18523130756609762, -0.05132569497985068, 2.977404455884607, 0.13134765625, -0.236328125, 0.79833984375, -53.3125, -30.375, -12.5625
-1360, -170, -1687, 16239, -747, -436, -126, 246, -548, 1661, -0.20394210785337488, -0.03767122175955085, 2.978336429157808, 0.1201171875, -0.267578125, 0.81103515625, -46.6875, -27.25, -7.875
-1367, -62, -1798, 16227, -534, -385, 13, 274, -635, 1655, -0.21855606746814135, -0.025811230048652763, 2.976328306199866, 0.1337890625, -0.31005859375, 0.80810546875, -33.375, -24.0625, 0.8125
-1390, 32, -1876, 16216, -317, -324, 116, 291, -707, 1731, -0.2290117164386609, -0.015562864529547586, 2.97235004759261, 0.14208984375, -0.34521484375, 0.84521484375, -19.8125, -20.25, 7.25
-1431, 116, -1890, 16211, 38, -324, 219, 293, -708, 1725, -0.2315824293945139, -0.0061401663603738305, 2.9662128467205617, 0.14306640625, -0.345703125, 0.84228515625, 2.375, -20.25, 13.6875
-1487, 191, -1867, 16208, 206, -301, 300, 311, -627, 1729, -0.2295854515480758, 0.0023804552983043383, 2.9583388436135682, 0.15185546875, -0.30615234375, 0.84423828125, 12.875, -18.8125, 18.75
-1550, 254, -1837, 16204, 232, -254, 343, 300, -596, 1787, -0.22665917169894786, 0.009450948860638807, 2.949769066120496, 0.146484375, -0.291015625, 0.87255859375, 14.5, -15.875, 21.4375
-1627, 309, -1798, 16200, 326, -258, 414, 246, -662, 1821, -0.22262458416580877, 0.015501210989048947, 2.939651835800793, 0.1201171875, -0.3232421875, 0.88916015625, 20.375, -16.125, 25.875
-1722, 366, -1733, 16196, 510, -285, 507, 268, -716, 1762, -0.21553289383786162, 0.02193261686039975, 2.9273523258916, 0.130859375, -0.349609375, 0.8603515625, 31.875, -17.8125, 31.6875
-1824, 424, -1646, 16193, 610, -275, 552, 351, -681, 1885, -0.205883715388731, 0.0287895035481607, 2.9142760809710833, 0.17138671875, -0.33251953125, 0.92041015625, 38.125, -17.1875, 34.5
-1926, 482, -1552, 16189, 612, -284, 549, 353, -591, 1901, -0.19548252093286295, 0.03587438705359463, 2.9012473398011687, 0.17236328125, -0.28857421875, 0.92822265625, 38.25, -17.75, 34.3125
-2026, 548, -1485, 16181, 452, -325, 532, 337, -572, 1891, -0.1885950941242115, 0.043663680508011865, 2.888341188186846, 0.16455078125, -0.279296875, 0.92333984375, 28.25, -20.3125, 33.25
-2119, 626, -1455, 16169, 247, -366, 495, 350, -583, 1834, -0.186499122704576, 0.05246608883910636, 2.8760638168566075, 0.1708984375, -0.28466796875, 0.8955078125, 15.4375, -22.875, 30.9375
-2209, 709, -1455, 16153, 113, -381, 481, 347, -645, 1800, -0.1882398820704979, 0.06141933751597444, 2.8639517676762365, 0.16943359375, -0.31494140625, 0.87890625, 7.0625, -23.8125, 30.0625
-2287, 787, -1458, 16138, 110, -319, 424, 406, -671, 1817, -0.19032480288542883, 0.06984009190482716, 2.8533404366936153, 0.1982421875, -0.32763671875, 0.88720703125, 6.875, -19.9375, 26.5
-2350, 855, -1462, 16126, 86, -275, 335, 388, -632, 1759, -0.19238052093837518, 0.07720531010058494, 2.8447259577647137, 0.189453125, -0.30859375, 0.85888671875, 5.375, -17.1875, 20.9375
-2401, 916, -1458, 16115, 113, -243, 272, 378, -585, 1753, -0.19332205910871125, 0.08399735865930939, 2.8376211462393686, 0.1845703125, -0.28564453125, 0.85595703125, 7.0625, -15.1875, 17.0
-2441, 970, -1449, 16107, 144, -217, 207, 371, -587, 1739, -0.19351766064572615, 0.09017569928997922, 2.832023846766098, 0.18115234375, -0.28662109375, 0.84912109375, 9.0, -13.5625, 12.9375
-2479, 1015, -1419, 16101, 251, -202, 189, 336, -544, 1718, -0.19100074156019012, 0.0956983136688897, 2.8268816559902654, 0.1640625, -0.265625, 0.8388671875, 15.6875, -12.625, 11.8125
-2509, 1057, -1369, 16098, 335, -199, 138, 351, -495, 1741, -0.18597538298245056, 0.10135804459588006, 2.822900262134733, 0.17138671875, -0.24169921875, 0.85009765625, 20.9375, -12.4375, 8.625
-2527, 1095, -1319, 16096, 283, -174, 76, 361, -405, 1826, -0.1808029864238412, 0.10668601660659516, 2.8204264585995142, 0.17626953125, -0.19775390625, 0.8916015625, 17.6875, -10.875, 4.75
-2532, 1132, -1288, 16096, 161, -166, 8, 340, -375, 1899, -0.17785642980211425, 0.11168869541128781, 2.81956510196558, 0.166015625, -0.18310546875, 0.92724609375, 10.0625, -10.375, 0.5
-2535, 1166, -1269, 16094, 77, -176, 3, 284, -347, 1910, -0.17628047053942036, 0.116107457765886, 2.8188353222949734, 0.138671875, -0.16943359375, 0.9326171875, 4.8125, -11.0, 0.1875
-2543, 1196, -1264, 16091, 3, -152, 32, 275, -357, 1983, -0.17636707462939027, 0.11972221270649173, 2.8174847648664993, 0.13427734375, -0.17431640625, 0.96826171875, 0.1875, -9.5, 2.0
-2562, 1214, -1252, 16088, 63, -121, 97, 259, -376, 2044, -0.17543848168743378, 0.12191919276714697, 2.815002745741096, 0.12646484375, -0.18359375, 0.998046875, 3.9375, -7.5625, 6.0625
-2595, 1223, -1220, 16084, 203, -71, 165, 302, -403, 2097, -0.17199059278582876, 0.12328263120403715, 2.8109984655059304, 0.1474609375, -0.19677734375, 1.02392578125, 12.6875, -4.4375, 10.3125
-2641, 1218, -1162, 16082, 404, -5, 230, 328, -466, 2057, -0.16519825975740304, 0.12338925428430798, 2.8058337377087033, 0.16015625, -0.2275390625, 1.00439453125, 25.25, -0.3125, 14.375
-2697, 1196, -1070, 16080, 660, 72, 277, 369, -529, 2081, -0.1539738988724198, 0.12208945242759758, 2.7997823292920403, 0.18017578125, -0.25830078125, 1.01611328125, 41.25, 4.5, 17.3125
-2763, 1154, -921, 16081, 1000, 154, 312, 396, -500, 2029, -0.13548274787468775, 0.11958914006422845, 2.7931264204351893, 0.193359375, -0.244140625, 0.99072265625, 62.5, 9.625, 19.5
-2831, 1096, -718, 16084, 1388, 235, 305, 460, -555, 1871, -0.11012606047413535, 0.11645789310682418, 2.786696474934234, 0.224609375, -0.27099609375, 0.91357421875, 86.75, 14.6875, 19.0625
-2890, 983, -427, 16091, 1787, 384, 232, 621, -570, 1685, -0.07285341327986358, 0.10886990729410469, 2.7821840014300023, 0.30322265625, -0.2783203125, 0.82275390625, 111.6875, 24.0, 14.5
-2921, 822, -105, 16100, 1993, 629, 72, 636, -453, 1796, -0.030631700745482444, 0.09646689173054968, 2.7811525966280293, 0.310546875, -0.22119140625, 0.876953125, 124.5625, 39.3125, 4.5
-2926, 613, 290, 16106, 2431, 799, -83, 468, -324, 1697, 0.021506462706635303, 0.0799667336598836, 2.783015977724262, 0.228515625, -0.158203125, 0.82861328125, 151.9375, 49.9375, -5.1875
-2911, 361, 771, 16100, 2945, 948, -211, 423, -216, 1494, 0.08491016405018181, 0.06006156543686559, 2.786360744005743, 0.20654296875, -0.10546875, 0.7294921875, 184.0625, 59.25, -13.1875
-2852, 54, 1321, 16079, 3347, 1176, -460, 435, 145, 1641, 0.15785425023579847, 0.034545959522439815, 2.793204178953158, 0.21240234375, 0.07080078125, 0.80126953125, 209.1875, 73.5, -28.75
-2772, -314, 1917, 16030, 3628, 1418, -575, 105, 623, 1779, 0.2376699029396699, 0.002089919181137517, 2.799356132959817, 0.05126953125, 0.30419921875, 0.86865234375, 226.75, 88.625, -35.9375
-2690, -718, 2531, 15946, 3794, 1575, -564, -153, 689, 1728, 0.3207509660530965, -0.03458383109281042, 2.8017520688602358, -0.07470703125, 0.33642578125, 0.84375, 237.125, 98.4375, -35.25
-2590, -1149, 3166, 15823, 3971, 1707, -652, -129, 884, 1684, 0.4077159635602811, -0.07443061710986888, 2.801682784270241, -0.06298828125, 0.431640625, 0.822265625, 248.1875, 106.6875, -40.75
-2478, -1607, 3767, 15669, 3834, 1896, -738, -141, 1149, 1599, 0.4924064691580379, -0.11833383055582365, 2.7981203620460255, -0.06884765625, 0.56103515625, 0.78076171875, 239.625, 118.5, -46.125
-2361, -2093, 4324, 15484, 3679, 2086, -794, -263, 1147, 1558, 0.574179273319494, -0.1661593214361561, 2.7897536156695515, -0.12841796875, 0.56005859375, 0.7607421875, 229.9375, 130.375, -49.625
-2232, -2588, 4859, 15268, 3618, 2157, -868, -362, 1340, 1421, 0.65589378500043, -0.21525387358705328, 2.777720013521081, -0.1767578125, 0.654296875, 0.69384765625, 226.125, 134.8125, -54.25
-2090, -3079, 5345, 15033, 3409, 2177, -963, -371, 1368, 1315, 0.7341628412535499, -0.2647119761525023, 2.7629553977103334, -0.18115234375, 0.66796875, 0.64208984375, 213.0625, 136.0625, -60.1875
-1932, -3562, 5790, 14781, 3243, 2156, -1071, -360, 1392, 1126, 0.81009531249061, -0.3140659097444855, 2.7460489355324555, -0.17578125, 0.6796875, 0.5498046875, 202.6875, 134.75, -66.9375
-1776, -4044, 6160, 14525, 2862, 2209, -1150, -393, 1378, 966, 0.8799084255127739, -0.36412291882183123, 2.725349461965002, -0.19189453125, 0.6728515625, 0.4716796875, 178.875, 138.0625, -71.875
-1618, -4507, 6463, 14273, 2514, 2133, -1211, -558, 1481, 852, 0.9436940514559466, -0.41301462856224636, 2.7027839475273168, -0.2724609375, 0.72314453125, 0.416015625, 157.125, 133.3125, -75.6875
-1467, -4935, 6694, 14040, 2080, 1988, -1221, -658, 1523, 730, 0.9995869331497139, -0.4590157210340012, 2.679618908954657, -0.3212890625, 0.74365234375, 0.3564453125, 130.0, 124.25, -76.3125
-1323, -5348, 6863, 13819, 1743, 1938, -1267, -712, 1521, 648, 1.0495919113862922, -0.5040529575604352, 2.6546361639646077, -0.34765625, 0.74267578125, 0.31640625, 108.9375, 121.125, -79.1875
-1195, -5739, 6991, 13608, 1471, 1864, -1216, -893, 1665, 469, 1.0961369928555338, -0.5464048348683532, 2.6274831230343625, -0.43603515625, 0.81298828125, 0.22900390625, 91.9375, 116.5, -76.0
-1106, -6099, 7057, 13424, 1020, 1773, -1094, -975, 1626, 334, 1.135286698803729, -0.5845799248800477, 2.5979919712850776, -0.47607421875, 0.7939453125, 0.1630859375, 63.75, 110.8125, -68.375
-1029, -6436, 7106, 13245, 897, 1686, -1018, -1021, 1615, 195, 1.173261847107499, -0.6195197214969946, 2.567109889590454, -0.49853515625, 0.78857421875, 0.09521484375, 56.0625, 105.375, -63.625
-970, -6751, 7132, 13078, 714, 1610, -926, -1177, 1582, 125, 1.2090120227517875, -0.6513558283805936, 2.5350385621893534, -0.57470703125, 0.7724609375, 0.06103515625, 44.625, 100.625, -57.875
-917, -7060, 7171, 12896, 626, 1510, -929, -1169, 1632, 21, 1.2493446614936736, -0.6807167566180662, 2.49948281332918, -0.57080078125, 0.796875, 0.01025390625, 39.125, 94.375, -58.0625
-872, -7362, 7178, 12725, 460, 1460, -872, -1343, 1521, -36, 1.2871742717627823, -0.7093575149857846, 2.4625922358265213, -0.65576171875, 0.74267578125, -0.017578125, 28.75, 91.25, -54.5
-840, -7651, 7169, 12561, 327, 1420, -864, -1424, 1644, -83, 1.3241969239181675, -0.7357793145269362, 2.4241611129950473, -0.6953125, 0.802734375, -0.04052734375, 20.4375, 88.75, -54.0
-831, -7919, 7124, 12421, 99, 1368, -802, -1477, 1593, -38, 1.3558433185034118, -0.7597572780470543, 2.3858334397268126, -0.72119140625, 0.77783203125, -0.0185546875, 6.1875, 85.5, -50.125
-818, -8177, 7078, 12280, 119, 1310, -728, -1630, 1518, -80, 1.3884938105946567, -0.7824258537459404, 2.3469593557187283, -0.7958984375, 0.7412109375, -0.0390625, 7.4375, 81.875, -45.5
-789, -8419, 7033, 12143, 181, 1213, -702, -1799, 1480, -65, 1.4211793558408685, -0.8042975508253906, 2.30988289553656, -0.87841796875, 0.72265625, -0.03173828125, 11.3125, 75.8125, -43.875
-771, -8638, 6980, 12020, 104, 1138, -664, -1842, 1556, -32, 1.45120254823724, -0.8234404547845017, 2.2740916157550837, -0.8994140625, 0.759765625, -0.015625, 6.5, 71.125, -41.5
-780, -8836, 6908, 11917, -92, 1075, -573, -1864, 1543, -44, 1.47666970603621, -0.8396212710157152, 2.2390026034986774, -0.91015625, 0.75341796875, -0.021484375, -5.75, 67.1875, -35.8125
-787, -9027, 6818, 11826, -191, 1008, -569, -2007, 1499, -79, 1.4997251213056244, -0.8562582545028291, 2.2050367558753567, -0.97998046875, 0.73193359375, -0.03857421875, -11.9375, 63.0, -35.5625
-788, -9205, 6721, 11743, -207, 926, -533, -2166, 1458, -83, 1.5207806371213406, -0.8724493186194819, 2.1726726494615898, -1.0576171875, 0.7119140625, -0.04052734375, -12.9375, 57.875, -33.3125
-778, -9364, 6619, 11676, -219, 804, -571, -2257, 1512, -56, 1.5386197227198712, -0.8886714871929892, 2.1445024482729216, -1.10205078125, 0.73828125, -0.02734375, -13.6875, 50.25, -35.6875
-746, -9507, 6522, 11617, -185, 623, -628, -2267, 1512, -187, 1.5551299559744063, -0.905304137729815, 2.120227673674289, -1.10693359375, 0.73828125, -0.09130859375, -11.5625, 38.9375, -39.25
-704, -9653, 6418, 11557, -228, 545, -798, -2120, 1559, -361, 1.572690949326503, -0.9231747634000957, 2.095157666642212, -1.03515625, 0.76123046875, -0.17626953125, -14.25, 34.0625, -49.875
-662, -9806, 6273, 11510, -409, 548, -976, -1998, 1474, -378, 1.5871930609623597, -0.9441263793851108, 2.069074193965849, -0.9755859375, 0.7197265625, -0.1845703125, -25.5625, 34.25, -61.0
-625, -9950, 6091, 11487, -571, 517, -1139, -1855, 1447, -224, 1.5955340319499418, -0.9670342010185919, 2.0454915012686117, -0.90576171875, 0.70654296875, -0.109375, -35.6875, 32.3125, -71.1875
-577, -10082, 5878, 11485, -672, 419, -1291, -1742, 1362, -130, 1.5977907786441496, -0.9925940278600451, 2.0258347539438124, -0.8505859375, 0.6650390625, -0.0634765625, -42.0, 26.1875, -80.6875
-504, -10210, 5654, 11487, -626, 363, -1393, -1681, 1193, -97, 1.599237692947139, -1.0209210593612035, 2.008198768674255, -0.82080078125, 0.58251953125, -0.04736328125, -39.125, 22.6875, -87.0625
-427, -10333, 5427, 11490, -631, 318, -1437, -1702, 1210, -121, 1.6008238036191726, -1.0497794236047304, 1.9910858423668316, -0.8310546875, 0.5908203125, -0.05908203125, -39.4375, 19.875, -89.8125
-378, -10450, 5186, 11497, -795, 336, -1390, -1669, 1152, -117, 1.6003498290288916, -1.0769887329541072, 1.972356738959263, -0.81494140625, 0.5625, -0.05712890625, -49.6875, 21.0, -86.875
-343, -10568, 4938, 11500, -863, 364, -1296, -1707, 991, -148, 1.6013890665384392, -1.1036669069431866, 1.9507558539643723, -0.83349609375, 0.48388671875, -0.072265625, -53.9375, 22.75, -81.0
-305, -10678, 4709, 11495, -773, 359, -1181, -1748, 862, -136, 1.6052268536140981, -1.1285914014189187, 1.9282823956126454, -0.853515625, 0.4208984375, -0.06640625, -48.3125, 22.4375, -73.8125
-285, -10770, 4504, 11492, -726, 335, -1042, -1665, 887, -76, 1.6083713719263883, -1.1495642483454243, 1.9076465623729346, -0.81298828125, 0.43310546875, -0.037109375, -45.375, 20.9375, -65.125
-308, -10844, 4315, 11495, -834, 313, -837, -1612, 922, -69, 1.6084400387536406, -1.165095830013507, 1.8882328210549395, -0.787109375, 0.4501953125, -0.03369140625, -52.125, 19.5625, -52.3125
-372, -10903, 4116, 11510, -1039, 271, -649, -1555, 796, -58, 1.6018791291411898, -1.1773457534897604, 1.8707467900284664, -0.75927734375, 0.388671875, -0.0283203125, -64.9375, 16.9375, -40.5625
-462, -10941, 3923, 11538, -1128, 203, -467, -1528, 695, 4, 1.5882371530416188, -1.186432695491008, 1.8588656202810774, -0.74609375, 0.33935546875, 0.001953125, -70.5, 12.6875, -29.1875
-568, -10954, 3747, 11579, -1136, 79, -315, -1504, 697, 34, 1.567014665575769, -1.192100328007365, 1.854704901193106, -0.734375, 0.34033203125, 0.0166015625, -71.0, 4.9375, -19.6875
-686, -10946, 3580, 11633, -1165, -30, -201, -1495, 674, 52, 1.538533923127767, -1.195558789912942, 1.8578765502643828, -0.72998046875, 0.3291015625, 0.025390625, -72.8125, -1.875, -12.5625
-820, -10923, 3427, 11692, -1191, -124, -92, -1470, 702, 30, 1.5063990514513936, -1.1960192752242524, 1.8646570577838375, -0.7177734375, 0.3427734375, 0.0146484375, -74.4375, -7.75, -5.75
-981, -10884, 3266, 11762, -1346, -200, 3, -1445, 704, 22, 1.4674921395445564, -1.1942339978001186, 1.8752167458654292, -0.70556640625, 0.34375, 0.0107421875, -84.125, -12.5, 0.1875
-1172, -10814, 3091, 11856, -1542, -346, 84, -1373, 698, 114, 1.4155134078273672, -1.189690566756778, 1.894970215999759, -0.67041015625, 0.3408203125, 0.0556640625, -96.375, -21.625, 5.25
-1379, -10709, 2904, 11976, -1688, -560, 185, -1340, 715, 234, 1.35036618287881, -1.1829020457181676, 1.9256000160952613, -0.654296875, 0.34912109375, 0.1142578125, -105.5, -35.0, 11.5625
-1600, -10561, 2715, 12123, -1797, -826, 260, -1345, 804, 242, 1.2725697072207978, -1.1720281371611556, 1.9672081547772957, -0.65673828125, 0.392578125, 0.1181640625, -112.3125, -51.625, 16.25
-1840, -10379, 2525, 12286, -1908, -1010, 356, -1365, 805, 264, 1.1890752043280053, -1.156639051137385, 2.0128633692141227, -0.66650390625, 0.39306640625, 0.12890625, -119.25, -63.125, 22.25
-2122, -10176, 2319, 12450, -2144, -1066, 475, -1249, 900, 240, 1.1062537658572296, -1.1367209498232194, 2.0527309921036996, -0.60986328125, 0.439453125, 0.1171875, -134.0, -66.625, 29.6875
-2440, -9971, 2111, 12594, -2268, -984, 644, -1139, 859, 190, 1.0333938872122015, -1.113451792969004, 2.0791011682734286, -0.55615234375, 0.41943359375, 0.0927734375, -141.75, -61.5, 40.25
-2752, -9778, 1940, 12708, -2059, -869, 769, -1089, 735, 158, 0.9765125141575568, -1.0886950239633988, 2.092945943552586, -0.53173828125, 0.35888671875, 0.0771484375, -128.6875, -54.3125, 48.0625
-3026, -9637, 1849, 12767, -1531, -616, 861, -1174, 664, 239, 0.9475927323319171, -1.065435708781778, 2.0891303702347566, -0.5732421875, 0.32421875, 0.11669921875, -95.6875, -38.5, 53.8125
-3283, -9547, 1846, 12771, -1039, -307, 1006, -1188, 888, 264, 0.9452902895610172, -1.0416859178977786, 2.067630054921388, -0.580078125, 0.43359375, 0.12890625, -64.9375, -19.1875, 62.875
-3580, -9498, 1878, 12723, -974, 25, 1235, -1085, 1086, 248, 0.960636322786175, -1.0164769095152073, 2.028000331149504, -0.52978515625, 0.5302734375, 0.12109375, -60.875, 1.5625, 77.1875
-3922, -9477, 1915, 12632, -1023, 342, 1485, -1001, 1088, 297, 0.984703808535754, -0.9899093891615774, 1.975768289389099, -0.48876953125, 0.53125, 0.14501953125, -63.9375, 21.375, 92.8125
-4281, -9484, 1941, 12506, -991, 632, 1733, -987, 1185, 284, 1.012673535211716, -0.9645283977589033, 1.9169547252596808, -0.48193359375, 0.57861328125, 0.138671875, -61.9375, 39.5, 108.3125
-4680, -9519, 1992, 12327, -937, 904, 2036, -1038, 1324, 266, 1.0500140124529618, -0.9353349877420895, 1.8467380287492305, -0.5068359375, 0.646484375, 0.1298828125, -58.5625, 56.5, 127.25
-5125, -9554, 2065, 12109, -987, 1015, 2357, -1106, 1524, 168, 1.0890392352753528, -0.8996393399782869, 1.7719141633305264, -0.5400390625, 0.744140625, 0.08203125, -61.6875, 63.4375, 147.3125
-5613, -9561, 2169, 11867, -1025, 952, 2705, -1051, 1562, 157, 1.1234212298645814, -0.8551021451225352, 1.6995914231560123, -0.51318359375, 0.7626953125, 0.07666015625, -64.0625, 59.5, 169.0625
-6105, -9558, 2338, 11591, -764, 913, 3005, -944, 1580, 201, 1.158276318216549, -0.8024775755171686, 1.6308659273484136, -0.4609375, 0.771484375, 0.09814453125, -47.75, 57.0625, 187.8125
-6581, -9566, 2568, 11271, -427, 954, 3220, -947, 1818, 158, 1.19634911328869, -0.7442151976707959, 1.564844772971798, -0.46240234375, 0.8876953125, 0.0771484375, -26.6875, 59.625, 201.25
-7092, -9559, 2787, 10909, -590, 1076, 3430, -1052, 2119, 52, 1.2277186892668923, -0.6811365069787017, 1.4993456957301463, -0.513671875, 1.03466796875, 0.025390625, -36.875, 67.25, 214.375
-7671, -9502, 2982, 10508, -1004, 1121, 3776, -1314, 2351, -3, 1.2464933687877187, -0.6107558044776796, 1.4348033206716895, -0.6416015625, 1.14794921875, -0.00146484375, -62.75, 70.0625, 236.0
-8301, -9355, 3179, 10095, -1368, 897, 4149, -1511, 2279, 187, 1.2489388237843306, -0.5317133189874298, 1.3776808872935569, -0.73779296875, 1.11279296875, 0.09130859375, -85.5, 56.0625, 259.3125
-8891, -9146, 3392, 9708, -1359, 520, 4083, -1414, 2068, 380, 1.2413413626088934, -0.4520779816564211, 1.3327877299181587, -0.6904296875, 1.009765625, 0.185546875, -84.9375, 32.5, 255.1875
-9367, -8949, 3654, 9341, -835, 211, 3796, -1304, 2016, 346, 1.237930306488316, -0.37664456618930053, 1.298122255925232, -0.63671875, 0.984375, 0.1689453125, -52.1875, 13.1875, 237.25
-9743, -8794, 3944, 8979, -298, 121, 3496, -1195, 2258, 484, 1.2418998329055213, -0.3067991402919994, 1.2689312231803926, -0.58349609375, 1.1025390625, 0.236328125, -18.625, 7.5625, 218.5
-10064, -8687, 4222, 8595, 18, 300, 3316, -1260, 2576, 616, 1.251299345736233, -0.24207653531522286, 1.2384195927873642, -0.615234375, 1.2578125, 0.30078125, 1.125, 18.75, 207.25
-10396, -8537, 4411, 8248, -448, 365, 3085, -1656, 2756, 881, 1.2478266006927485, -0.18399601362419446, 1.208795560122444, -0.80859375, 1.345703125, 0.43017578125, -28.0, 22.8125, 192.8125
-10715, -8312, 4527, 8004, -1007, 78, 2662, -2117, 2658, 1153, 1.2285819459759506, -0.13468448908212738, 1.1881715708556657, -1.03369140625, 1.2978515625, 0.56298828125, -62.9375, 4.875, 166.375
-10984, -8051, 4609, 7858, -1233, -271, 2153, -2207, 2540, 1264, 1.2021274226189484, -0.09431137708336734, 1.1773732158842296, -1.07763671875, 1.240234375, 0.6171875, -77.0625, -16.9375, 134.5625
-11227, -7773, 4642, 7774, -1481, -354, 1726, -2020, 2601, 1166, 1.1701318844465283, -0.06196565501702706, 1.1702579186881747, -0.986328125, 1.27001953125, 0.5693359375, -92.5625, -22.125, 107.875
-11481, -7453, 4599, 7742, -1975, -288, 1399, -1784, 2498, 1103, 1.1276013569477819, -0.03651601172928659, 1.1635435612295535, -0.87109375, 1.2197265625, 0.53857421875, -123.4375, -18.0, 87.4375
-11737, -7100, 4503, 7746, -2333, -251, 1138, -1427, 2344, 977, 1.0776580020980822, -0.01598134863934249, 1.1571739292988843, -0.69677734375, 1.14453125, 0.47705078125, -145.8125, -15.6875, 71.125
-11985, -6721, 4374, 7779, -2540, -262, 933, -1172, 2063, 1018, 1.0229143049961666, 0.0010410772654492755, 1.1520869398318578, -0.572265625, 1.00732421875, 0.4970703125, -158.75, -16.375, 58.3125
-12187, -6389, 4284, 7794, -2098, -313, 866, -860, 1805, 1061, 0.9773524527965226, 0.017981022934173564, 1.1475451666376266, -0.419921875, 0.88134765625, 0.51806640625, -131.125, -19.5625, 54.125
-12316, -6185, 4231, 7785, -1347, -290, 818, -503, 1779, 1084, 0.9497921240396324, 0.029499420691208554, 1.142584967945639, -0.24560546875, 0.86865234375, 0.529296875, -84.1875, -18.125, 51.125
-12425, -6016, 4185, 7769, -1068, -170, 647, -228, 1817, 1301, 0.9269092950469756, 0.039202486096200716, 1.1372120808462265, -0.111328125, 0.88720703125, 0.63525390625, -66.75, -10.625, 40.4375
-12536, -5841, 4146, 7744, -1074, -193, 710, -211, 1791, 1329, 0.9039335995066055, 0.05024962077434601, 1.1310981428748033, -0.10302734375, 0.87451171875, 0.64892578125, -67.125, -12.0625, 44.375
-12659, -5626, 4137, 7708, -1217, -370, 877, -93, 1878, 1367, 0.8787649475046869, 0.06714347558575522, 1.125420298433987, -0.04541015625, 0.9169921875, 0.66748046875, -76.0625, -23.125, 54.8125
-12789, -5357, 4151, 7677, -1483, -531, 905, 175, 1955, 1360, 0.8493833659757094, 0.0892381406455333, 1.1215908579271447, 0.08544921875, 0.95458984375, 0.6640625, -92.6875, -33.1875, 56.5625
-12908, -5043, 4139, 7697, -1665, -623, 633, 378, 1616, 1353, 0.8134828170959006, 0.10907090918793559, 1.122369612998855, 0.1845703125, 0.7890625, 0.66064453125, -104.0625, -38.9375, 39.5625
-13020, -4755, 4143, 7690, -1503, -492, 632, 550, 1505, 1365, 0.7818198715703687, 0.129825000600793, 1.1205547699280838, 0.2685546875, 0.73486328125, 0.66650390625, -93.9375, -30.75, 39.5
-13117, -4550, 4163, 7639, -1024, -334, 751, 471, 1509, 1367, 0.7603530579057197, 0.14842815183299402, 1.1141452795390316, 0.22998046875, 0.73681640625, 0.66748046875, -64.0, -20.875, 46.9375
-13203, -4372, 4186, 7582, -875, -306, 735, 461, 1543, 1464, 0.7420182585219723, 0.16555653784523444, 1.1071133216667133, 0.22509765625, 0.75341796875, 0.71484375, -54.6875, -19.125, 45.9375
-13271, -4217, 4240, 7521, -610, -334, 652, 671, 1388, 1454, 0.7285425475652275, 0.18396996637450147, 1.1015291789957415, 0.32763671875, 0.677734375, 0.7099609375, -38.125, -20.875, 40.75
-13331, -4078, 4310, 7451, -514, -313, 637, 819, 1420, 1408, 0.7179285029620972, 0.2030911258846636, 1.0957759749174385, 0.39990234375, 0.693359375, 0.6875, -32.125, -19.5625, 39.8125
-13392, -3949, 4376, 7372, -436, -296, 694, 753, 1351, 1444, 0.7079400927090104, 0.22153542684853003, 1.0885767740744334, 0.36767578125, 0.65966796875, 0.705078125, -27.25, -18.5, 43.375
-13459, -3821, 4430, 7285, -424, -200, 711, 856, 1307, 1525, 0.6969302221801598, 0.23910632783169358, 1.079477908495585, 0.41796875, 0.63818359375, 0.74462890625, -26.5, -12.5, 44.4375
-13524, -3716, 4483, 7187, -291, -173, 751, 766, 1244, 1508, 0.6881207441565658, 0.2555035407580127, 1.06898695786108, 0.3740234375, 0.607421875, 0.736328125, -18.1875, -10.8125, 46.9375
-13581, -3630, 4556, 7075, -152, -278, 858, 650, 1297, 1498, 0.6826301953654178, 0.27303709844561314, 1.0580423856000627, 0.3173828125, 0.63330078125, 0.7314453125, -9.5, -17.375, 53.625
-13639, -3536, 4659, 6944, -78, -387, 976, 714, 1199, 1419, 0.6782252889188192, 0.29474829516617396, 1.0465197346543074, 0.3486328125, 0.58544921875, 0.69287109375, -4.875, -24.1875, 61.0
-13700, -3438, 4775, 6791, -31, -389, 1080, 854, 1190, 1438, 0.6738208175610296, 0.3188199942665342, 1.032882782223889, 0.4169921875, 0.5810546875, 0.7021484375, -1.9375, -24.3125, 67.5
-13761, -3340, 4904, 6624, 24, -455, 1174, 827, 1130, 1373, 0.6700151593844074, 0.34474503669581924, 1.0183494462942995, 0.40380859375, 0.5517578125, 0.67041015625, 1.5, -28.4375, 73.375
-13828, -3218, 5046, 6435, -12, -484, 1300, 975, 1001, 1302, 0.6637987394862658, 0.3742633925996391, 1.0014506802868868, 0.47607421875, 0.48876953125, 0.6357421875, -0.75, -30.25, 81.25
-13895, -3076, 5182, 6250, -95, -474, 1276, 1075, 879, 1238, 0.6545308567994096, 0.40414564154676674, 0.9842789331728417, 0.52490234375, 0.42919921875, 0.6044921875, -5.9375, -29.625, 79.75
-13961, -2926, 5297, 6075, -170, -379, 1180, 1155, 743, 1193, 0.6423895298990475, 0.431841075711008, 0.966553066461601, 0.56396484375, 0.36279296875, 0.58251953125, -10.625, -23.6875, 73.75
-14023, -2797, 5371, 5928, -132, -181, 928, 1171, 544, 1197, 0.6295899372793577, 0.4529546460695289, 0.9497308473631518, 0.57177734375, 0.265625, 0.58447265625, -8.25, -11.3125, 58.0
-14072, -2717, 5408, 5814, 12, -10, 641, 1063, 460, 1197, 0.6200403513349119, 0.4659875888630147, 0.9353841957347047, 0.51904296875, 0.224609375, 0.58447265625, 0.75, -0.625, 40.0625
-14105, -2693, 5407, 5745, 119, 199, 269, 1038, 496, 1197, 0.6150877339353779, 0.47007589491110147, 0.9254142701077631, 0.5068359375, 0.2421875, 0.58447265625, 7.4375, 12.4375, 16.8125
-14122, -2711, 5363, 5735, 77, 371, -101, 974, 684, 1241, 0.6132324575481026, 0.46502010073408184, 0.9211656317364928, 0.4755859375, 0.333984375, 0.60595703125, 4.8125, 23.1875, -6.3125
-14130, -2740, 5283, 5776, -58, 479, -377, 911, 782, 1278, 0.6112066103440158, 0.45366433872225753, 0.9214747167004634, 0.44482421875, 0.3818359375, 0.6240234375, -3.625, 29.9375, -23.5625
-14132, -2766, 5174, 5857, -254, 543, -551, 875, 994, 1367, 0.607595617574979, 0.4379412612363377, 0.9251154285055978, 0.42724609375, 0.4853515625, 0.66748046875, -15.875, 33.9375, -34.4375
-14132, -2780, 5049, 5960, -376, 523, -627, 732, 986, 1404, 0.6019081315428202, 0.42044872061913113, 0.9305170632251039, 0.357421875, 0.4814453125, 0.685546875, -23.5, 32.6875, -39.1875
-14134, -2788, 4929, 6050, -369, 421, -498, 552, 1017, 1479, 0.5955965911439819, 0.4043093035654125, 0.9345523261426, 0.26953125, 0.49658203125, 0.72216796875, -23.0625, 26.3125, -31.125
-14143, -2778, 4832, 6112, -369, 323, -292, 555, 1035, 1525, 0.5883668921479879, 0.39267439787080677, 0.9362370681502328, 0.27099609375, 0.50537109375, 0.74462890625, -23.0625, 20.1875, -18.25
-14159, -2748, 4755, 6148, -362, 244, -143, 584, 913, 1456, 0.5797870461182234, 0.3851981459519598, 0.9355112500630826, 0.28515625, 0.44580078125, 0.7109375, -22.625, 15.25, -8.9375
-14177, -2723, 4699, 6162, -223, 198, -40, 591, 793, 1428, 0.5729416776186652, 0.3804372405566704, 0.9333848849316354, 0.28857421875, 0.38720703125, 0.697265625, -13.9375, 12.375, -2.5
-14190, -2723, 4667, 6156, 4, 153, 7, 569, 685, 1355, 0.5703613419941068, 0.37741666802998663, 0.9305388858162066, 0.27783203125, 0.33447265625, 0.66162109375, 0.25, 9.5625, 0.4375
-14196, -2746, 4650, 6143, 137, 149, 2, 619, 753, 1325, 0.5714182595373414, 0.3748595234942403, 0.9280793439907932, 0.30224609375, 0.36767578125, 0.64697265625, 8.5625, 9.3125, 0.125
-14199, -2763, 4633, 6143, 59, 137, -55, 639, 795, 1305, 0.5721175063949245, 0.3722038175653949, 0.9273111309439572, 0.31201171875, 0.38818359375, 0.63720703125, 3.6875, 8.5625, -3.4375
-14202, -2758, 4606, 6158, -92, 109, -88, 601, 811, 1315, 0.5698479219410194, 0.369164607161123, 0.9275375641375854, 0.29345703125, 0.39599609375, 0.64208984375, -5.75, 6.8125, -5.5
-14208, -2730, 4573, 6181, -260, 81, -81, 592, 868, 1329, 0.5646613366945595, 0.36651692449009304, 0.9281080632180799, 0.2890625, 0.423828125, 0.64892578125, -16.25, 5.0625, -5.0625
-14215, -2680, 4539, 6213, -349, 43, -105, 616, 795, 1367, 0.5570878554925965, 0.36469789960062865, 0.9295147643864401, 0.30078125, 0.38818359375, 0.66748046875, -21.8125, 2.6875, -6.5625
-14217, -2638, 4518, 6241, -230, -3, -116, 643, 732, 1414, 0.5513133009506287, 0.36388140149138093, 0.9313118408665355, 0.31396484375, 0.357421875, 0.6904296875, -14.375, -0.1875, -7.25
-14210, -2626, 4513, 6265, -49, -47, -131, 607, 761, 1432, 0.5501014573705982, 0.3631575246829633, 0.9340366638239972, 0.29638671875, 0.37158203125, 0.69921875, -3.0625, -2.9375, -8.1875
-14199, -2629, 4522, 6283, 49, -83, -118, 605, 777, 1405, 0.5515353199161434, 0.36325341845837716, 0.937066180835767, 0.29541015625, 0.37939453125, 0.68603515625, 3.0625, -5.1875, -7.375
-14188, -2626, 4536, 6298, 72, -109, -111, 628, 722, 1423, 0.5525733086261418, 0.3642766493390868, 0.9398816803922699, 0.306640625, 0.3525390625, 0.69482421875, 4.5, -6.8125, -6.9375
-14170, -2645, 4555, 6318, 184, -94, -181, 645, 715, 1401, 0.5566524758663909, 0.3643964186733987, 0.9440600942531154, 0.31494140625, 0.34912109375, 0.68408203125, 11.5, -5.875, -11.3125
-14140, -2695, 4578, 6347, 391, -59, -321, 690, 656, 1463, 0.5647893704049017, 0.36275835685664515, 0.9501714747477255, 0.3369140625, 0.3203125, 0.71435546875, 24.4375, -3.6875, -20.0625
-14091, -2800, 4609, 6387, 684, -34, -500, 680, 676, 1486, 0.5800761848797141, 0.35825213584938204, 0.9591058513968285, 0.33203125, 0.330078125, 0.7255859375, 42.75, -2.125, -31.25
-14018, -2964, 4644, 6450, 935, 114, -795, 815, 692, 1338, 0.6029113392151068, 0.3496734609292916, 0.9722722770466922, 0.39794921875, 0.337890625, 0.6533203125, 58.4375, 7.125, -49.6875
-13914, -3207, 4658, 6546, 1188, 310, -1151, 845, 920, 1377, 0.6336416802348982, 0.33256911333293543, 0.9894105097424424, 0.41259765625, 0.44921875, 0.67236328125, 74.25, 19.375, -71.9375
-13787, -3517, 4639, 6668, 1331, 536, -1434, 786, 1221, 1409, 0.6696101733430921, 0.3065772106151486, 1.0083482467937108, 0.3837890625, 0.59619140625, 0.68798828125, 83.1875, 33.5, -89.625
-13632, -3874, 4577, 6830, 1458, 685, -1769, 706, 1304, 1405, 0.7077316711449423, 0.27103726735994754, 1.0295997936097685, 0.3447265625, 0.63671875, 0.68603515625, 91.125, 42.8125, -110.5625
-13446, -4281, 4493, 7010, 1652, 837, -2034, 671, 1423, 1394, 0.7494459683150556, 0.22850384033451882, 1.0513939685427611, 0.32763671875, 0.69482421875, 0.6806640625, 103.25, 52.3125, -127.125
-13227, -4730, 4386, 7203, 1818, 952, -2265, 481, 1709, 1535, 0.7936877768404272, 0.17935247228883655, 1.0726862545550238, 0.23486328125, 0.83447265625, 0.74951171875, 113.625, 59.5, -141.5625
-12966, -5199, 4261, 7426, 1871, 959, -2536, 158, 1826, 1382, 0.8386239931548951, 0.12430012013447812, 1.0957526822458796, 0.0771484375, 0.8916015625, 0.6748046875, 116.9375, 59.9375, -158.5
-12670, -5679, 4120, 7661, 1901, 984, -2721, -49, 1960, 1127, 0.883349602314276, 0.0648176029830095, 1.118359575847125, -0.02392578125, 0.95703125, 0.55029296875, 118.8125, 61.5, -170.0625
-12352, -6147, 3957, 7901, 1825, 999, -2823, -246, 2068, 1032, 0.9250286478690701, 0.002305338338543874, 1.1393033403285702, -0.1201171875, 1.009765625, 0.50390625, 114.0625, 62.4375, -176.4375
-12002, -6607, 3787, 8148, 1818, 938, -2929, -509, 2208, 950, 0.9654746929619265, -0.06249338786439303, 1.160056283251565, -0.24853515625, 1.078125, 0.4638671875, 113.625, 58.625, -183.0625
-11631, -7043, 3609, 8398, 1750, 858, -2971, -818, 2150, 892, 1.0029721748147449, -0.1282842598378881, 1.1803272906898943, -0.3994140625, 1.0498046875, 0.435546875, 109.375, 53.625, -185.6875
-11250, -7447, 3424, 8644, 1641, 778, -2948, -1086, 2147, 872, 1.0368178621610074, -0.19382271283103794, 1.1996105222858473, -0.5302734375, 1.04833984375, 0.42578125, 102.5625, 48.625, -184.25
-10844, -7831, 3269, 8879, 1726, 607, -2884, -1185, 2058, 670, 1.071077071375707, -0.25674517453335605, 1.2193215880770565, -0.57861328125, 1.0048828125, 0.3271484375, 107.875, 37.9375, -180.25
-10414, -8192, 3128, 9116, 1745, 455, -2905, -1227, 1971, 583, 1.104262094395122, -0.31908078987419297, 1.240517447075004, -0.59912109375, 0.96240234375, 0.28466796875, 109.0625, 28.4375, -181.5625
-9972, -8522, 3005, 9346, 1736, 309, -2855, -1211, 1925, 492, 1.135629732339313, -0.37917096536965395, 1.262454776688736, -0.59130859375, 0.93994140625, 0.240234375, 108.5, 19.3125, -178.4375
-9514, -8833, 2908, 9563, 1816, 186, -2768, -1287, 1870, 428, 1.1673767456398436, -0.43699340144303583, 1.2847767725699077, -0.62841796875, 0.9130859375, 0.208984375, 113.5, 11.625, -173.0
-9064, -9109, 2812, 9768, 1693, 109, -2668, -1364, 1839, 334, 1.1955984811832103, -0.4927244430251495, 1.3064672216392164, -0.666015625, 0.89794921875, 0.1630859375, 105.8125, 6.8125, -166.75
-8621, -9350, 2727, 9963, 1625, 6, -2552, -1357, 1698, 362, 1.2206523282520798, -0.545554967826683, 1.3285849906135865, -0.66259765625, 0.8291015625, 0.1767578125, 101.5625, 0.375, -159.5
-8174, -9569, 2671, 10146, 1680, -111, -2431, -1290, 1623, 269, 1.2455285285973332, -0.5952169117202722, 1.3518393659790637, -0.6298828125, 0.79248046875, 0.13134765625, 105.0, -6.9375, -151.9375
-7725, -9770, 2644, 10311, 1761, -198, -2286, -1272, 1582, 285, 1.27084725576145, -0.6414810455543137, 1.3751022890544853, -0.62109375, 0.7724609375, 0.13916015625, 110.0625, -12.375, -142.875
-7279, -9954, 2640, 10460, 1811, -250, -2151, -1262, 1577, 287, 1.2964302803181815, -0.6848686421051843, 1.3983695998829855, -0.6162109375, 0.77001953125, 0.14013671875, 113.1875, -15.625, -134.4375
-6849, -10112, 2634, 10599, 1699, -293, -2053, -1350, 1525, 270, 1.3187260033744952, -0.7263175824415863, 1.4213462346142076, -0.6591796875, 0.74462890625, 0.1318359375, 106.1875, -18.3125, -128.3125
-6436, -10248, 2650, 10722, 1685, -346, -1851, -1430, 1456, 308, 1.3400154125073123, -0.7636882508607516, 1.4442564863847582, -0.6982421875, 0.7109375, 0.150390625, 105.3125, -21.625, -115.6875
-6033, -10367, 2696, 10830, 1732, -419, -1673, -1422, 1475, 163, 1.3616248215703228, -0.797092770338367, 1.4676081161811276, -0.6943359375, 0.72021484375, 0.07958984375, 108.25, -26.1875, -104.5625
-5636, -10472, 2759, 10927, 1749, -467, -1556, -1382, 1391, 106, 1.3830237310475757, -0.8281730369061641, 1.4913158900810064, -0.6748046875, 0.67919921875, 0.0517578125, 109.3125, -29.1875, -97.25
-5243, -10569, 2830, 11011, 1767, -449, -1492, -1318, 1337, 110, 1.4047936299933166, -0.8579658518390519, 1.5141857974220025, -0.6435546875, 0.65283203125, 0.0537109375, 110.4375, -28.0625, -93.25
-4868, -10660, 2905, 11075, 1731, -392, -1364, -1381, 1356, 118, 1.4273408972947101, -0.8855278109504064, 1.5340190517749108, -0.67431640625, 0.662109375, 0.0576171875, 108.1875, -24.5, -85.25
-4516, -10735, 3000, 11126, 1705, -419, -1174, -1407, 1327, 49, 1.4495055930605034, -0.9090805112029603, 1.5534560186398214, -0.68701171875, 0.64794921875, 0.02392578125, 106.5625, -26.1875, -73.375
-4186, -10790, 3099, 11176, 1611, -472, -1060, -1298, 1268, 10, 1.4685267164099534, -0.9303118653163671, 1.5743994724013337, -0.6337890625, 0.619140625, 0.0048828125, 100.6875, -29.5, -66.25
-3856, -10834, 3211, 11219, 1657, -503, -990, -1180, 1191, 44, 1.4870384811696606, -0.9498751140147452, 1.5958877055666507, -0.576171875, 0.58154296875, 0.021484375, 103.5625, -31.4375, -61.875
-3518, -10871, 3342, 11257, 1760, -543, -938, -1209, 1128, 66, 1.5066897552354384, -0.9687280653983592, 1.619107705540955, -0.59033203125, 0.55078125, 0.0322265625, 110.0, -33.9375, -58.625
-3182, -10895, 3491, 11288, 1810, -590, -836, -1315, 1169, 1, 1.5258768024106302, -0.9854652486152531, 1.6435290395752267, -0.64208984375, 0.57080078125, 0.00048828125, 113.125, -36.875, -52.25
-2875, -10899, 3637, 11320, 1665, -636, -721, -1266, 1168, -46, 1.5404388689598012, -0.9997240076004345, 1.6695592815345353, -0.6181640625, 0.5703125, -0.0224609375, 104.0625, -39.75, -45.0625
-2605, -10882, 3783, 11354, 1515, -660, -689, -1187, 1117, 27, 1.5499197060534438, -1.0105559193938785, 1.697429122980696, -0.57958984375, 0.54541015625, 0.01318359375, 94.6875, -41.25, -43.0625
-2345, -10851, 3936, 11389, 1500, -694, -600, -1163, 1080, 66, 1.5568311993412425, -1.0197739227484148, 1.7277235814111145, -0.56787109375, 0.52734375, 0.0322265625, 93.75, -43.375, -37.5
-2097, -10806, 4093, 11424, 1465, -731, -511, -1149, 1037, 73, 1.5607785564033818, -1.027112497187322, 1.7597969748840807, -0.56103515625, 0.50634765625, 0.03564453125, 91.5625, -45.6875, -31.9375
-1884, -10737, 4247, 11470, 1311, -779, -394, -1080, 1064, 150, 1.5577780719040897, -1.0312650406885784, 1.7957620760649282, -0.52734375, 0.51953125, 0.0732421875, 81.9375, -48.6875, -24.625
-1694, -10658, 4401, 11515, 1237, -764, -247, -1103, 987, 191, 1.5525250676654854, -1.0330011360952818, 1.8319097883392133, -0.53857421875, 0.48193359375, 0.09326171875, 77.3125, -47.75, -15.4375
-1511, -10579, 4555, 11553, 1243, -681, -158, -1224, 926, 294, 1.5481433076804327, -1.0339473987067207, 1.8665650423211226, -0.59765625, 0.4521484375, 0.1435546875, 77.6875, -42.5625, -9.875
-1342, -10501, 4742, 11571, 1353, -611, 14, -1337, 1043, 272, 1.5496260540858635, -1.0311383721216565, 1.8978033886136576, -0.65283203125, 0.50927734375, 0.1328125, 84.5625, -38.1875, 0.875
-1196, -10426, 4943, 11569, 1334, -542, 150, -1369, 1071, 175, 1.5552494921996216, -1.024838829563642, 1.9234199328634878, -0.66845703125, 0.52294921875, 0.08544921875, 83.375, -33.875, 9.375
-1048, -10361, 5125, 11563, 1314, -416, 207, -1532, 873, 314, 1.5622142053370034, -1.0209294569550313, 1.9468482802151539, -0.748046875, 0.42626953125, 0.1533203125, 82.125, -26.0, 12.9375
-874, -10312, 5319, 11535, 1522, -292, 232, -1889, 880, 375, 1.5766423945518129, -1.0190343026587938, 1.966579446050821, -0.92236328125, 0.4296875, 0.18310546875, 95.125, -18.25, 14.5
-713, -10264, 5522, 11492, 1547, -203, 273, -2150, 1146, 375, 1.593743973098647, -1.0150190971422481, 1.9826825497737683, -1.0498046875, 0.5595703125, 0.18310546875, 96.6875, -12.6875, 17.0625
-602, -10220, 5705, 11449, 1270, -124, 348, -2262, 1317, 267, 1.6096425431140207, -1.0088037442990192, 1.9945436308285593, -1.1044921875, 0.64306640625, 0.13037109375, 79.375, -7.75, 21.75
-499, -10186, 5834, 11419, 1030, -73, 315, -2392, 1101, 326, 1.6205788875034985, -1.006408973990044, 2.0051584588933764, -1.16796875, 0.53759765625, 0.1591796875, 64.375, -4.5625, 19.6875
-366, -10154, 5986, 11373, 1219, -116, 329, -2541, 1079, 195, 1.6364192808219291, -1.0048480397202304, 2.0156385708144815, -1.24072265625, 0.52685546875, 0.09521484375, 76.1875, -7.25, 20.5625
-241, -10120, 6129, 11331, 1112, -174, 258, -2505, 1222, 56, 1.6507698347639974, -1.0034887137388357, 2.0265104882469247, -1.22314453125, 0.5966796875, 0.02734375, 69.5, -10.875, 16.125
-136, -10086, 6233, 11307, 853, -211, 160, -2397, 1232, 15, 1.6590855360839387, -1.0035175953335291, 2.037902509446255, -1.17041015625, 0.6015625, 0.00732421875, 53.3125, -13.1875, 10.0
-18, -10050, 6307, 11298, 714, -334, 70, -2379, 1085, -74, 1.6624101126799191, -1.0068075515052488, 2.0520371295290114, -1.16162109375, 0.52978515625, -0.0361328125, 44.625, -20.875, 4.375
123, -10008, 6380, 11294, 754, -473, -49, -2296, 1094, -175, 1.6643699197999473, -1.0121785439272606, 2.069785065516105, -1.12109375, 0.5341796875, -0.08544921875, 47.125, -29.5625, -3.0625
282, -9954, 6455, 11296, 784, -621, -109, -2181, 1073, -250, 1.6636895028478826, -1.018474259272383, 2.091830861990294, -1.06494140625, 0.52392578125, -0.1220703125, 49.0, -38.8125, -6.8125
438, -9879, 6535, 11311, 755, -764, -65, -2055, 1029, -295, 1.657988182865948, -1.023364568400491, 2.119369078341372, -1.00341796875, 0.50244140625, -0.14404296875, 47.1875, -47.75, -4.0625
592, -9783, 6610, 11343, 704, -877, -45, -1959, 1009, -226, 1.6455488640535612, -1.027356908616566, 2.1528536987717977, -0.95654296875, 0.49267578125, -0.1103515625, 44.0, -54.8125, -2.8125
725, -9663, 6666, 11406, 523, -1001, 8, -1910, 1036, -136, 1.6227785379396544, -1.029772907745768, 2.1935376524226546, -0.9326171875, 0.505859375, -0.06640625, 32.6875, -62.5625, 0.5
859, -9519, 6728, 11481, 508, -1158, 82, -1816, 972, -150, 1.5948206706646233, -1.0300328305084208, 2.2400699308812055, -0.88671875, 0.474609375, -0.0732421875, 31.75, -72.375, 5.125
1015, -9345, 6806, 11565, 621, -1379, 125, -1763, 931, -171, 1.562605003363962, -1.0288186706757285, 2.294762846240217, -0.86083984375, 0.45458984375, -0.08349609375, 38.8125, -86.1875, 7.8125
1197, -9136, 6914, 11650, 825, -1574, 175, -1637, 910, -153, 1.5284751348314787, -1.0248946788443256, 2.3570766021107197, -0.79931640625, 0.4443359375, -0.07470703125, 51.5625, -98.375, 10.9375
1379, -8894, 7035, 11744, 915, -1660, 260, -1560, 1005, -114, 1.4910379488250887, -1.0169383435252892, 2.4245898376179773, -0.76171875, 0.49072265625, -0.0556640625, 57.1875, -103.75, 16.25
1519, -8636, 7146, 11852, 715, -1669, 431, -1559, 1128, -114, 1.451604863408851, -1.0037108015357765, 2.4900833801621984, -0.76123046875, 0.55078125, -0.0556640625, 44.6875, -104.3125, 26.9375
1613, -8381, 7228, 11972, 428, -1602, 529, -1530, 1127, -84, 1.411471130204227, -0.9871084829766682, 2.549497727278253, -0.7470703125, 0.55029296875, -0.041015625, 26.75, -100.125, 33.0625
1711, -8120, 7295, 12097, 377, -1650, 502, -1571, 1070, 50, 1.3708745971217617, -0.969935404441116, 2.608685976780981, -0.76708984375, 0.5224609375, 0.0244140625, 23.5625, -103.125, 31.375
1856, -7833, 7379, 12214, 613, -1842, 411, -1494, 1083, 104, 1.3318663958858523, -0.9524751407943275, 2.6730741528439514, -0.7294921875, 0.52880859375, 0.05078125, 38.3125, -115.125, 25.6875
2042, -7511, 7490, 12319, 884, -2040, 379, -1432, 1183, 145, 1.295840964527123, -0.9328842208691184, 2.7419677764870545, -0.69921875, 0.57763671875, 0.07080078125, 55.25, -127.5, 23.6875
2232, -7150, 7585, 12441, 804, -2273, 419, -1380, 1319, 149, 1.2556304066632837, -0.9089987917339181, 2.8148551067715135, -0.673828125, 0.64404296875, 0.07275390625, 50.25, -142.0625, 26.1875
2395, -6767, 7645, 12588, 547, -2374, 524, -1243, 1311, 246, 1.2123674602622723, -0.8805374925363699, 2.886238343297762, -0.60693359375, 0.64013671875, 0.1201171875, 34.1875, -148.375, 32.75
2520, -6392, 7658, 12750, 215, -2307, 564, -1260, 1361, 424, 1.1682594893374494, -0.8495599607745483, 2.9505942104810625, -0.615234375, 0.66455078125, 0.20703125, 13.4375, -144.1875, 35.25
2641, -6018, 7635, 12920, 43, -2332, 538, -1364, 1266, 604, 1.1233955804938849, -0.8176425290752604, 3.0123666731777927, -0.666015625, 0.6181640625, 0.294921875, 2.6875, -145.75, 33.625
2786, -5635, 7627, 13067, 229, -2368, 468, -1276, 1188, 706, 1.0853640812505834, -0.785135848162966, 3.072289977659036, -0.623046875, 0.580078125, 0.3447265625, 14.3125, -148.0, 29.25
2941, -5262, 7648, 13175, 468, -2238, 395, -1094, 1332, 760, 1.0578430375763, -0.7533820486573505, 3.1263048554617074, -0.5341796875, 0.650390625, 0.37109375, 29.25, -139.875, 24.6875
3065, -4926, 7654, 13273, 333, -1981, 392, -1097, 1463, 883, 1.0348730462091542, -0.7233863665872861, -3.111979421923431, -0.53564453125, 0.71435546875, 0.43115234375, 20.8125, -123.8125, 24.5
3165, -4627, 7614, 13379, 36, -1811, 343, -1064, 1422, 1033, 1.0095543590898062, -0.6955032199713626, -3.0724635130952827, -0.51953125, 0.6943359375, 0.50439453125, 2.25, -113.1875, 21.4375
3266, -4355, 7561, 13476, -16, -1676, 249, -1016, 1309, 1153, 0.9856638287337107, -0.6703315719217796, -3.035970142791054, -0.49609375, 0.63916015625, 0.56298828125, -1.0, -104.75, 15.5625
3368, -4079, 7508, 13567, 77, -1575, 169, -955, 1336, 1194, 0.9637097553698831, -0.6443964123579001, -3.000666040401414, -0.46630859375, 0.65234375, 0.5830078125, 4.8125, -98.4375, 10.5625
3457, -3820, 7468, 13642, 90, -1459, 166, -911, 1403, 1124, 0.9466993886237104, -0.619488332966054, -2.970217025711235, -0.44482421875, 0.68505859375, 0.548828125, 5.625, -91.1875, 10.375
3514, -3594, 7431, 13709, 16, -1208, 199, -786, 1392, 1091, 0.9334230028627082, -0.59637234641421, -2.9470348953122953, -0.3837890625, 0.6796875, 0.53271484375, 1.0, -75.5, 12.4375
3539, -3416, 7374, 13778, -182, -936, 214, -795, 1411, 1110, 0.9198971032188187, -0.576509726240265, -2.9304891899325622, -0.38818359375, 0.68896484375, 0.5419921875, -11.375, -58.5, 13.375
3551, -3274, 7311, 13843, -214, -746, 236, -812, 1268, 1161, 0.9071539836614195, -0.5599009707045196, -2.9179063386364565, -0.396484375, 0.619140625, 0.56689453125, -13.375, -46.625, 14.75
3554, -3156, 7278, 13887, -35, -533, 227, -771, 1227, 1213, 0.9001022499746767, -0.5459803608549092, -2.909431351595074, -0.37646484375, 0.59912109375, 0.59228515625, -2.1875, -33.3125, 14.1875
3536, -3068, 7284, 13908, 108, -289, 251, -788, 1347, 1178, 0.9002316564054603, -0.5349676267923075, -2.9070059507007606, -0.384765625, 0.65771484375, 0.5751953125, 6.75, -18.0625, 15.6875
3486, -3015, 7290, 13929, 14, -45, 297, -750, 1377, 1155, 0.9017227950312647, -0.5261817559115415, -2.9104833341060536, -0.3662109375, 0.67236328125, 0.56396484375, 0.875, -2.8125, 18.5625
3414, -3005, 7301, 13944, -29, 200, 327, -824, 1384, 1147, 0.9051375500696967, -0.52117840842518, -2.919248351007217, -0.40234375, 0.67578125, 0.56005859375, -1.8125, 12.5, 20.4375
3333, -3033, 7319, 13948, -6, 389, 322, -940, 1356, 1141, 0.9103383173626876, -0.5200720142473391, -2.93147568373493, -0.458984375, 0.662109375, 0.55712890625, -0.375, 24.3125, 20.125
3242, -3077, 7354, 13941, 77, 547, 307, -853, 1349, 1128, 0.9186479470487404, -0.5204121637082635, -2.9465095015042757, -0.41650390625, 0.65869140625, 0.55078125, 4.8125, 34.1875, 19.1875
3136, -3136, 7395, 13930, 68, 691, 287, -737, 1377, 1097, 0.928575262184757, -0.52158968381484, -2.9645032123055715, -0.35986328125, 0.67236328125, 0.53564453125, 4.25, 43.1875, 17.9375
3014, -3220, 7441, 13914, 44, 870, 274, -671, 1403, 1033, 0.9403181288813602, -0.5246434319859465, -2.9861955577318424, -0.32763671875, 0.68505859375, 0.50439453125, 2.75, 54.375, 17.125
2876, -3335, 7497, 13886, 56, 1073, 258, -670, 1424, 983, 0.9548899833753387, -0.5301696529566172, -3.012244287523345, -0.3271484375, 0.6953125, 0.47998046875, 3.5, 67.0625, 16.125
2735, -3494, 7561, 13841, 99, 1281, 222, -850, 1415, 974, 0.9723559967754837, -0.5402921069002866, -3.0420573690427712, -0.4150390625, 0.69091796875, 0.4755859375, 6.1875, 80.0625, 13.875
2590, -3683, 7623, 13785, 130, 1450, 177, -918, 1387, 1020, 0.9911945088387047, -0.5531477761084871, -3.074735520486044, -0.4482421875, 0.67724609375, 0.498046875, 8.125, 90.625, 11.0625
2426, -3882, 7683, 13727, 97, 1599, 163, -756, 1397, 992, 1.011523022298001, -0.5655724252373314, -3.110904159797211, -0.369140625, 0.68212890625, 0.484375, 6.0625, 99.9375, 10.1875
2253, -4116, 7750, 13651, 83, 1727, 188, -825, 1539, 886, 1.035721585084008, -0.5808351790435824, 3.1314027005672256, -0.40283203125, 0.75146484375, 0.4326171875, 5.1875, 107.9375, 11.75
2066, -4374, 7812, 13565, 45, 1863, 194, -1083, 1588, 776, 1.0620691307220445, -0.5971850238266503, 3.0862039383419275, -0.52880859375, 0.775390625, 0.37890625, 2.8125, 116.4375, 12.125
1881, -4651, 7852, 13476, -51, 1942, 106, -1139, 1543, 781, 1.0875683242230731, -0.615076863678588, 3.0394963479332495, -0.55615234375, 0.75341796875, 0.38134765625, -3.1875, 121.375, 6.625
1697, -4937, 7857, 13395, -233, 1964, 1, -921, 1543, 825, 1.109810781140506, -0.6336079558067055, 2.992541917940177, -0.44970703125, 0.75341796875, 0.40283203125, -14.5625, 122.75, 0.0625
1516, -5232, 7829, 13322, -409, 1961, -106, -867, 1649, 776, 1.1292402683605494, -0.6532114899065553, 2.945531570889082, -0.42333984375, 0.80517578125, 0.37890625, -25.5625, 122.5625, -6.625
1336, -5541, 7771, 13249, -570, 1992, -189, -1075, 1744, 584, 1.1468397371306525, -0.6742602914773375, 2.8972454926492017, -0.52490234375, 0.8515625, 0.28515625, -35.625, 124.5, -11.8125
1149, -5874, 7668, 13183, -818, 2075, -287, -1340, 1690, 565, 1.1615688690532666, -0.6978786700562901, 2.8465680688169654, -0.654296875, 0.8251953125, 0.27587890625, -51.125, 129.6875, -17.9375
966, -6209, 7532, 13123, -962, 2058, -378, -1287, 1661, 600, 1.1737149116119074, -0.7225349527980608, 2.796150560475694, -0.62841796875, 0.81103515625, 0.29296875, -60.125, 128.625, -23.625
775, -6543, 7377, 13061, -1076, 2058, -376, -1361, 1673, 451, 1.185815015868861, -0.7468204896823751, 2.743845343862343, -0.66455078125, 0.81689453125, 0.22021484375, -67.25, 128.625, -23.5
571, -6883, 7183, 13005, -1285, 2098, -420, -1432, 1587, 437, 1.195573943183954, -0.7718824245697653, 2.6894699701611056, -0.69921875, 0.77490234375, 0.21337890625, -80.3125, 131.125, -26.25
356, -7222, 6955, 12953, -1475, 2103, -447, -1346, 1529, 405, 1.2033437898872643, -0.7972303641255697, 2.63357530049046, -0.6572265625, 0.74658203125, 0.19775390625, -92.1875, 131.4375, -27.9375
123, -7554, 6721, 12891, -1533, 2124, -373, -1368, 1446, 223, 1.2136504958385186, -0.8207928227013399, 2.573933403312755, -0.66796875, 0.7060546875, 0.10888671875, -95.8125, 132.75, -23.3125
-128, -7885, 6469, 12821, -1632, 2181, -311, -1564, 1371, 226, 1.2255028921689413, -0.8435931226159328, 2.510262348909708, -0.763671875, 0.66943359375, 0.1103515625, -102.0, 136.3125, -19.4375
-391, -8204, 6202, 12747, -1717, 2171, -275, -1548, 1288, 271, 1.2378659894458959, -0.8649876972122352, 2.444608936103196, -0.755859375, 0.62890625, 0.13232421875, -107.3125, 135.6875, -17.1875
-658, -8504, 5924, 12673, -1775, 2103, -254, -1457, 1244, 267, 1.2499857261991068, -0.885001044278686, 2.379189640368144, -0.71142578125, 0.607421875, 0.13037109375, -110.9375, 131.4375, -15.875
-925, -8780, 5663, 12586, -1688, 2025, -158, -1453, 1273, 126, 1.2650625451964987, -0.9015650729777502, 2.3128290088763968, -0.70947265625, 0.62158203125, 0.0615234375, -105.5, 126.5625, -9.875
-1202, -9045, 5412, 12485, -1670, 2011, -48, -1596, 1272, -78, 1.2842157525011273, -0.9155579817733234, 2.243440492562868, -0.779296875, 0.62109375, -0.0380859375, -104.375, 125.6875, -3.0
-1497, -9288, 5138, 12390, -1840, 1946, -5, -1695, 1253, -57, 1.2997753097798672, -0.9274510953797821, 2.1744460666539607, -0.82763671875, 0.61181640625, -0.02783203125, -115.0, 121.625, -0.3125
-1793, -9496, 4856, 12307, -1896, 1779, 38, -1664, 1164, 37, 1.3103656477310155, -0.9371235302468177, 2.1103292891170273, -0.8125, 0.568359375, 0.01806640625, -118.5, 111.1875, 2.375
-2072, -9671, 4610, 12221, -1730, 1576, 124, -1607, 1231, -154, 1.3215941361668422, -0.9431492598551441, 2.050726504368373, -0.78466796875, 0.60107421875, -0.0751953125, -108.125, 98.5, 7.75
-2336, -9828, 4384, 12131, -1602, 1468, 178, -1705, 1188, -255, 1.3335759818230455, -0.9475406477337815, 1.9939075765891587, -0.83251953125, 0.580078125, -0.12451171875, -100.125, 91.75, 11.125
-2588, -9985, 4181, 12023, -1540, 1364, 178, -1655, 1248, -160, 1.350580924617045, -0.9506977210535886, 1.9354738451120763, -0.80810546875, 0.609375, -0.078125, -96.25, 85.25, 11.125
-2853, -10088, 3965, 11950, -1622, 1201, 256, -1645, 1238, -109, 1.3545849373302938, -0.9508288680440474, 1.8877847076345482, -0.80322265625, 0.6044921875, -0.05322265625, -101.375, 75.0625, 16.0
-3099, -10179, 3772, 11874, -1568, 986, 283, -1653, 1179, -129, 1.3594457967257811, -0.9500158448356292, 1.8431657576929406, -0.80712890625, 0.57568359375, -0.06298828125, -98.0, 61.625, 17.6875
-3322, -10247, 3607, 11807, -1412, 794, 306, -1659, 1194, -147, 1.3623758298813164, -0.9478142622070619, 1.8052719530589376, -0.81005859375, 0.5830078125, -0.07177734375, -88.25, 49.625, 19.125
-3519, -10303, 3479, 11738, -1203, 644, 358, -1686, 1194, -224, 1.366625950312114, -0.9438682566466116, 1.7711355141933347, -0.8232421875, 0.5830078125, -0.109375, -75.1875, 40.25, 22.375
-3704, -10357, 3357, 11669, -1149, 606, 352, -1764, 1227, -234, 1.3712463765615321, -0.9404156252490167, 1.738674375307467, -0.861328125, 0.59912109375, -0.1142578125, -71.8125, 37.875, 22.0
-3898, -10392, 3230, 11611, -1204, 555, 371, -1732, 1218, -146, 1.3710741071707366, -0.9359983017844339, 1.709828509247858, -0.845703125, 0.5947265625, -0.0712890625, -75.25, 34.6875, 23.1875
-4092, -10406, 3105, 11565, -1207, 466, 416, -1675, 1126, -44, 1.3661380384139, -0.9305999779629052, 1.6854735735271273, -0.81787109375, 0.5498046875, -0.021484375, -75.4375, 29.125, 26.0
-4261, -10409, 3004, 11529, -1023, 356, 412, -1638, 1069, 23, 1.3606608081573852, -0.9252012308704489, 1.6665810937059582, -0.7998046875, 0.52197265625, 0.01123046875, -63.9375, 22.25, 25.75
-4412, -10403, 2942, 11493, -820, 262, 440, -1585, 1179, 51, 1.3565967112262831, -0.9175165016521242, 1.6508910607457945, -0.77392578125, 0.57568359375, 0.02490234375, -51.25, 16.375, 27.5
-4580, -10385, 2896, 11455, -830, 219, 527, -1534, 1267, 78, 1.3516419051175403, -0.9067424629934349, 1.6359594182834607, -0.7490234375, 0.61865234375, 0.0380859375, -51.875, 13.6875, 32.9375
-4773, -10352, 2852, 11417, -940, 187, 662, -1511, 1261, 96, 1.3439575460154685, -0.8933139508271913, 1.621505077518521, -0.73779296875, 0.61572265625, 0.046875, -58.75, 11.6875, 41.375
-4979, -10306, 2812, 11381, -976, 155, 738, -1466, 1236, 147, 1.3341090641686586, -0.8781873384196678, 1.6083374612562873, -0.7158203125, 0.603515625, 0.07177734375, -61.0, 9.6875, 46.125
-5175, -10256, 2786, 11345, -878, 113, 798, -1514, 1217, 192, 1.3247076199191963, -0.8625258774221015, 1.5966040729642643, -0.7392578125, 0.59423828125, 0.09375, -54.875, 7.0625, 49.875
-5361, -10209, 2796, 11298, -720, 68, 887, -1512, 1289, 151, 1.3193242615338856, -0.8445616786186738, 1.58476299693139, -0.73828125, 0.62939453125, 0.07373046875, -45.0, 4.25, 55.4375
-5542, -10162, 2830, 11245, -597, 42, 939, -1440, 1337, 156, 1.3161532177960706, -0.8249834813345005, 1.5734445598928142, -0.703125, 0.65283203125, 0.076171875, -37.3125, 2.625, 58.6875
-5720, -10117, 2884, 11182, -507, 42, 1009, -1437, 1405, 173, 1.3152243054863397, -0.8037491749449565, 1.561529229003821, -0.70166015625, 0.68603515625, 0.08447265625, -31.6875, 2.625, 63.0625
-5890, -10075, 2937, 11118, -474, 47, 1011, -1494, 1411, 180, 1.314725076942466, -0.7833840366286582, 1.5499544452889271, -0.7294921875, 0.68896484375, 0.087890625, -29.625, 2.9375, 63.1875
-6039, -10040, 2989, 11056, -401, 31, 967, -1585, 1442, 180, 1.3151713970993604, -0.7650095690881829, 1.539306702431037, -0.77392578125, 0.7041015625, 0.087890625, -25.0625, 1.9375, 60.4375
-6168, -10013, 3050, 10993, -286, 28, 912, -1539, 1450, 168, 1.3176085906438828, -0.7476859578300781, 1.5294431218885973, -0.75146484375, 0.7080078125, 0.08203125, -17.875, 1.75, 57.0
-6278, -9992, 3099, 10936, -246, 41, 791, -1580, 1501, 207, 1.319799552347983, -0.7331164922027713, 1.5204698590894208, -0.771484375, 0.73291015625, 0.10107421875, -15.375, 2.5625, 49.4375
-6363, -9986, 3126, 10884, -220, 91, 654, -1637, 1451, 187, 1.3225926693940082, -0.7229349697576202, 1.5113032762437155, -0.79931640625, 0.70849609375, 0.09130859375, -13.75, 5.6875, 40.875
-6413, -9995, 3133, 10844, -139, 118, 440, -1678, 1444, 221, 1.3259715322403256, -0.7179478322086309, 1.5033801872310508, -0.8193359375, 0.705078125, 0.10791015625, -8.6875, 7.375, 27.5
-6431, -10017, 3124, 10815, -64, 132, 251, -1736, 1441, 232, 1.3299744407458205, -0.7174489650576434, 1.496618891062689, -0.84765625, 0.70361328125, 0.11328125, -4.0, 8.25, 15.6875
-6421, -10048, 3093, 10802, -26, 137, 71, -1802, 1393, 264, 1.333457533835698, -0.721757753406408, 1.4916309279131499, -0.8798828125, 0.68017578125, 0.12890625, -1.625, 8.5625, 4.4375
-6381, -10083, 3050, 10805, 29, 96, -115, -1837, 1391, 277, 1.3362470302492166, -0.7297904295549066, 1.4890609279113107, -0.89697265625, 0.67919921875, 0.13525390625, 1.8125, 6.0, -7.1875
-6321, -10115, 2997, 10825, 44, 31, -266, -1837, 1376, 289, 1.3372985544752307, -0.7404989907381264, 1.4893973194240293, -0.89697265625, 0.671875, 0.14111328125, 2.75, 1.9375, -16.625
-6242, -10138, 2943, 10865, 67, -76, -397, -1814, 1361, 288, 1.3360879599089164, -0.7529688927231696, 1.4940621496171171, -0.8857421875, 0.66455078125, 0.140625, 4.1875, -4.75, -24.8125
-6138, -10152, 2890, 10925, 125, -200, -532, -1784, 1333, 301, 1.3325356428810247, -0.7672854284231547, 1.503365412045806, -0.87109375, 0.65087890625, 0.14697265625, 7.8125, -12.5, -33.25
-6017, -10162, 2848, 10994, 190, -287, -640, -1702, 1375, 272, 1.3286041320788478, -0.7820147091741578, 1.5157624322810896, -0.8310546875, 0.67138671875, 0.1328125, 11.875, -17.9375, -40.0
-5881, -10172, 2806, 11068, 230, -319, -730, -1675, 1365, 263, 1.3242138569235702, -0.7978604040286924, 1.5297713744900825, -0.81787109375, 0.66650390625, 0.12841796875, 14.375, -19.9375, -45.625
-5736, -10179, 2773, 11146, 298, -348, -782, -1641, 1386, 301, 1.3195823751444353, -0.8136488469969495, 1.5459003496164778, -0.80126953125, 0.6767578125, 0.14697265625, 18.625, -21.75, -48.875
-5584, -10190, 2753, 11218, 370, -350, -808, -1537, 1385, 270, 1.3166550317230674, -0.8288437014233874, 1.5620286985640413, -0.75048828125, 0.67626953125, 0.1318359375, 23.125, -21.875, -50.5
-5431, -10207, 2718, 11285, 327, -285, -885, -1534, 1386, 251, 1.3136066622668165, -0.8453767303771296, 1.5766483598454104, -0.7490234375, 0.6767578125, 0.12255859375, 20.4375, -17.8125, -55.3125
-5269, -10225, 2685, 11353, 377, -283, -912, -1525, 1329, 270, 1.3106109563524901, -0.8625303442006428, 1.5923586947293935, -0.74462890625, 0.64892578125, 0.1318359375, 23.5625, -17.6875, -57.0
-5081, -10247, 2643, 11429, 458, -272, -1079, -1488, 1282, 330, 1.3068820617227763, -0.8827767339441546, 1.610582951999575, -0.7265625, 0.6259765625, 0.1611328125, 28.625, -17.0, -67.4375
-4876, -10274, 2594, 11506, 505, -249, -1181, -1512, 1276, 352, 1.3030162869075002, -0.9051459945634431, 1.6299285959541296, -0.73828125, 0.623046875, 0.171875, 31.5625, -15.5625, -73.8125
-4679, -10302, 2540, 11574, 472, -180, -1197, -1497, 1285, 372, 1.2989035972208733, -0.9270035298508332, 1.6477259693297552, -0.73095703125, 0.62744140625, 0.181640625, 29.5, -11.25, -74.8125
-4502, -10327, 2466, 11638, 328, -122, -1160, -1531, 1227, 397, 1.2924183690518307, -0.9488342479070392, 1.6643626776928577, -0.74755859375, 0.59912109375, 0.19384765625, 20.5, -7.625, -72.5
-4340, -10343, 2395, 11700, 287, -122, -1077, -1555, 1190, 440, 1.2839888912991124, -0.9687426549750768, 1.6816354137821534, -0.75927734375, 0.5810546875, 0.21484375, 17.9375, -7.625, -67.3125
-4187, -10348, 2330, 11764, 257, -176, -1012, -1542, 1126, 428, 1.2730409972769563, -0.9868660714407486, 1.7009450944666191, -0.7529296875, 0.5498046875, 0.208984375, 16.0625, -11.0, -63.25
-4046, -10341, 2275, 11830, 257, -214, -915, -1558, 1084, 484, 1.2597101982800076, -1.002612336792247, 1.7224017912295926, -0.7607421875, 0.529296875, 0.236328125, 16.0625, -13.375, -57.1875
-3923, -10329, 2235, 11890, 234, -226, -806, -1515, 1089, 449, 1.2467762207551805, -1.0154033644702893, 1.7433028010909262, -0.73974609375, 0.53173828125, 0.21923828125, 14.625, -14.125, -50.375
-3831, -10313, 2197, 11941, 131, -191, -662, -1531, 1084, 464, 1.2338135066571205, -1.025187038624053, 1.76137689736551, -0.74755859375, 0.529296875, 0.2265625, 8.1875, -11.9375, -41.375
-3766, -10291, 2155, 11987, 13, -177, -545, -1528, 1044, 459, 1.2195317610541612, -1.032578186734883, 1.7774646235511664, -0.74609375, 0.509765625, 0.22412109375, 0.8125, -11.0625, -34.0625
-3723, -10267, 2121, 12027, -25, -161, -397, -1530, 983, 464, 1.2064277109242405, -1.037573442390531, 1.7914707603384374, -0.7470703125, 0.47998046875, 0.2265625, -1.5625, -10.0625, -24.8125
-3699, -10245, 2098, 12058, -43, -136, -261, -1540, 967, 438, 1.196052771718502, -1.0403499821141724, 1.8022756012122294, -0.751953125, 0.47216796875, 0.2138671875, -2.6875, -8.5, -16.3125
-3695, -10224, 2085, 12079, -74, -107, -124, -1602, 970, 435, 1.1881644791024721, -1.0406138433996848, 1.809263953173116, -0.7822265625, 0.4736328125, 0.21240234375, -4.625, -6.6875, -7.75
-3710, -10202, 2076, 12094, -120, -97, -10, -1624, 965, 420, 1.1814957288415437, -1.0389866823560552, 1.8135630610589117, -0.79296875, 0.47119140625, 0.205078125, -7.5, -6.0625, -0.625
-3733, -10177, 2075, 12109, -123, -119, 68, -1630, 936, 410, 1.175437549856889, -1.036147405687046, 1.817700330819892, -0.7958984375, 0.45703125, 0.2001953125, -7.6875, -7.4375, 4.25
-3759, -10152, 2094, 12118, -61, -143, 155, -1666, 964, 380, 1.172038688003423, -1.0312439829921944, 1.820145295858128, -0.8134765625, 0.470703125, 0.185546875, -3.8125, -8.9375, 9.6875
-3784, -10123, 2110, 12132, -69, -172, 147, -1674, 957, 397, 1.1671864069193523, -1.0265837479005733, 1.824194575077524, -0.8173828125, 0.46728515625, 0.19384765625, -4.3125, -10.75, 9.1875
-3801, -10099, 2134, 12143, -6, -173, 156, -1714, 965, 385, 1.1643675203012527, -1.0221794012480292, 1.8277207449437838, -0.8369140625, 0.47119140625, 0.18798828125, -0.375, -10.8125, 9.75
-3811, -10080, 2160, 12150, 32, -151, 142, -1738, 972, 375, 1.162840969127272, -1.0181838679628186, 1.8302553243882127, -0.8486328125, 0.474609375, 0.18310546875, 2.0, -9.4375, 8.875
-3816, -10069, 2174, 12156, 4, -120, 91, -1766, 954, 356, 1.1618257924160922, -1.0162358438177947, 1.8323502204302204, -0.8623046875, 0.4658203125, 0.173828125, 0.25, -7.5, 5.6875
-3813, -10061, 2183, 12162, 21, -94, 38, -1789, 971, 379, 1.160593772764932, -1.0153213859391608, 1.8346588722121402, -0.87353515625, 0.47412109375, 0.18505859375, 1.3125, -5.875, 2.375
-3805, -10059, 2183, 12166, 14, -58, -14, -1793, 972, 388, 1.1596245293099197, -1.0157931155088917, 1.8363058540607782, -0.87548828125, 0.474609375, 0.189453125, 0.875, -3.625, -0.875
-3790, -10060, 2176, 12171, 13, -40, -69, -1797, 957, 396, 1.1582349115338022, -1.0175168293927894, 1.8384155577755121, -0.87744140625, 0.46728515625, 0.193359375, 0.8125, -2.5, -4.3125
-3767, -10061, 2168, 12178, 38, -42, -103, -1809, 948, 409, 1.1562759154405304, -1.019829182859553, 1.8415278059991174, -0.88330078125, 0.462890625, 0.19970703125, 2.375, -2.625, -6.4375
-3739, -10063, 2157, 12188, 41, -48, -142, -1792, 947, 413, 1.1539523662565858, -1.023065785881874, 1.8457991153578184, -0.875, 0.46240234375, 0.20166015625, 2.5625, -3.0, -8.875
-3707, -10064, 2143, 12199, 44, -56, -180, -1778, 938, 403, 1.1507137226778723, -1.026564162807047, 1.8505875051193599, -0.8681640625, 0.4580078125, 0.19677734375, 2.75, -3.5, -11.25
-3669, -10066, 2130, 12211, 63, -52, -211, -1757, 943, 415, 1.147509661771134, -1.0305246083310737, 1.85607695123904, -0.85791015625, 0.46044921875, 0.20263671875, 3.9375, -3.25, -13.1875
-3634, -10072, 2115, 12220, 51, -28, -221, -1744, 961, 399, 1.1453062259681543, -1.0347834381317809, 1.8604506348851473, -0.8515625, 0.46923828125, 0.19482421875, 3.1875, -1.75, -13.8125
-3607, -10075, 2089, 12229, -21, -15, -218, -1728, 927, 408, 1.141256402877224, -1.0388562843613782, 1.864330518668822, -0.84375, 0.45263671875, 0.19921875, -1.3125, -0.9375, -13.625
-3582, -10078, 2074, 12237, 17, -16, -164, -1735, 911, 413, 1.138720142048179, -1.042145134289892, 1.8680183012685616, -0.84716796875, 0.44482421875, 0.20166015625, 1.0625, -1.0, -10.25
-3560, -10079, 2065, 12243, 32, -22, -145, -1697, 923, 413, 1.1365278332296695, -1.044370786883592, 1.8710350222085752, -0.82861328125, 0.45068359375, 0.20166015625, 2.0, -1.375, -9.0625
-3543, -10080, 2056, 12249, 14, -23, -125, -1690, 914, 406, 1.1346356579347803, -1.0464462750572003, 1.8738100435044707, -0.8251953125, 0.4462890625, 0.1982421875, 0.875, -1.4375, -7.8125
-3531, -10080, 2058, 12252, 38, -23, -71, -1681, 922, 404, 1.1341783608671063, -1.0471588081924794, 1.87548957900107, -0.82080078125, 0.4501953125, 0.197265625, 2.375, -1.4375, -4.4375
-3524, -10080, 2062, 12254, 33, -20, -36, -1684, 916, 397, 1.1342911236689284, -1.0474638951003952, 1.8765926520146992, -0.822265625, 0.447265625, 0.19384765625, 2.0625, -1.25, -2.25
-3517, -10079, 2074, 12254, 65, -30, -7, -1696, 927, 407, 1.1351485217467787, -1.0468675239063565, 1.8771492451405218, -0.828125, 0.45263671875, 0.19873046875, 4.0625, -1.875, -0.4375
-3513, -10078, 2091, 12254, 74, -31, 17, -1667, 935, 394, 1.1368632076451437, -1.045919951774037, 1.8776137994781166, -0.81396484375, 0.45654296875, 0.1923828125, 4.625, -1.9375, 1.0625
-3511, -10078, 2112, 12251, 90, -19, 42, -1694, 943, 415, 1.1394900730664506, -1.0444382461830612, 1.8770313506504184, -0.8271484375, 0.46044921875, 0.20263671875, 5.625, -1.1875, 2.625
-3511, -10074, 2136, 12250, 90, -43, 64, -1711, 960, 407, 1.1414928810904255, -1.0423163086818288, 1.8770987946366708, -0.83544921875, 0.46875, 0.19873046875, 5.625, -2.6875, 4.0
-3504, -10069, 2162, 12252, 122, -60, 48, -1710, 937, 427, 1.143080225754513, -1.0405861303953132, 1.8785908029206464, -0.8349609375, 0.45751953125, 0.20849609375, 7.625, -3.75, 3.0
-3491, -10066, 2190, 12253, 160, -58, 28, -1726, 953, 429, 1.1451447303892044, -1.0391686061642926, 1.8801081754934297, -0.8427734375, 0.46533203125, 0.20947265625, 10.0, -3.625, 1.75
-3478, -10060, 2208, 12258, 115, -54, 2, -1768, 958, 460, 1.1450727847610502, -1.0383262926289933, 1.8828118914021328, -0.86328125, 0.4677734375, 0.224609375, 7.1875, -3.375, 0.125
-3462, -10055, 2223, 12264, 110, -61, -24, -1742, 944, 457, 1.1447317962668944, -1.0380686049438117, 1.885954197947976, -0.8505859375, 0.4609375, 0.22314453125, 6.875, -3.8125, -1.5
-3446, -10048, 2231, 12273, 86, -59, -38, -1781, 936, 475, 1.142922463954883, -1.038253238862655, 1.8899885580758096, -0.86962890625, 0.45703125, 0.23193359375, 5.375, -3.6875, -2.375
-3427, -10041, 2239, 12282, 93, -73, -52, -1772, 932, 465, 1.1409332334778792, -1.0385384464390621, 1.8942024272972473, -0.865234375, 0.455078125, 0.22705078125, 5.8125, -4.5625, -3.25
-3406, -10035, 2247, 12292, 97, -77, -61, -1765, 932, 447, 1.1391261662874146, -1.0392204897426653, 1.898860117672544, -0.86181640625, 0.455078125, 0.21826171875, 6.0625, -4.8125, -3.8125
-3387, -10026, 2252, 12303, 72, -86, -64, -1767, 923, 456, 1.1361842847602637, -1.0395941867378296, 1.9037294118816794, -0.86279296875, 0.45068359375, 0.22265625, 4.5, -5.375, -4.0
-3373, -10017, 2259, 12313, 69, -81, -43, -1736, 928, 459, 1.133815076051382, -1.0395553591809996, 1.908016292371887, -0.84765625, 0.453125, 0.22412109375, 4.3125, -5.0625, -2.6875
-3366, -10009, 2263, 12321, 30, -59, -17, -1735, 926, 458, 1.1317374345063929, -1.0393188753415057, 1.9111824903516534, -0.84716796875, 0.4521484375, 0.2236328125, 1.875, -3.6875, -1.0625
-3362, -10003, 2270, 12325, 36, -45, 7, -1741, 919, 450, 1.1307823825312817, -1.0386078353938697, 1.9128855407677918, -0.85009765625, 0.44873046875, 0.2197265625, 2.25, -2.8125, 0.4375
-3360, -9997, 2276, 12330, 22, -48, 9, -1727, 930, 439, 1.129834022462943, -1.038026885453322, 1.9147763674105773, -0.84326171875, 0.4541015625, 0.21435546875, 1.375, -3.0, 0.5625
-3358, -9990, 2286, 12334, 31, -66, 19, -1743, 937, 427, 1.1291413341947225, -1.036922216589555, 1.9164060199230344, -0.85107421875, 0.45751953125, 0.20849609375, 1.9375, -4.125, 1.1875
-3351, -9981, 2299, 12341, 60, -83, 3, -1712, 939, 433, 1.1280308625102176, -1.0359172092768678, 1.9193718392002046, -0.8359375, 0.45849609375, 0.21142578125, 3.75, -5.1875, 0.1875
-3341, -9973, 2314, 12347, 78, -77, -16, -1708, 963, 433, 1.1272913537946438, -1.0349530841357837, 1.9222141583423396, -0.833984375, 0.47021484375, 0.21142578125, 4.875, -4.8125, -1.0
-3332, -9968, 2323, 12352, 51, -58, -32, -1708, 965, 438, 1.126629739362677, -1.0346458834571295, 1.9245588694255467, -0.833984375, 0.47119140625, 0.2138671875, 3.1875, -3.625, -2.0
-3321, -9964, 2329, 12357, 51, -48, -45, -1725, 960, 443, 1.1257141417039989, -1.0347339702120082, 1.9269791983409463, -0.84228515625, 0.46875, 0.21630859375, 3.1875, -3.0, -2.8125
-3303, -9963, 2336, 12362, 78, -48, -67, -1746, 954, 435, 1.1253507280339767, -1.035555210243159, 1.9298232871934575, -0.8525390625, 0.4658203125, 0.21240234375, 4.875, -3.0, -4.1875
-3283, -9961, 2341, 12368, 81, -52, -82, -1736, 945, 443, 1.1243141680345687, -1.036510542378334, 1.933113254832931, -0.84765625, 0.46142578125, 0.21630859375, 5.0625, -3.25, -5.125
-3263, -9958, 2342, 12375, 63, -54, -76, -1762, 908, 442, 1.122445075561279, -1.0376258892956784, 1.9367028826733679, -0.8603515625, 0.443359375, 0.2158203125, 3.9375, -3.375, -4.75
-3243, -9954, 2346, 12383, 75, -68, -80, -1747, 938, 450, 1.120723863061962, -1.0385648003584707, 1.9406790039928346, -0.85302734375, 0.4580078125, 0.2197265625, 4.6875, -4.25, -5.0
-3224, -9946, 2349, 12394, 58, -87, -77, -1762, 928, 459, 1.1178321061259215, -1.039229455924059, 1.9456092444534934, -0.8603515625, 0.453125, 0.22412109375, 3.625, -5.4375, -4.8125
-3202, -9936, 2350, 12407, 65, -101, -87, -1745, 893, 462, 1.1139238738622408, -1.040019369314319, 1.951407872288458, -0.85205078125, 0.43603515625, 0.2255859375, 4.0625, -6.3125, -5.4375
-3180, -9926, 2362, 12418, 105, -106, -60, -1754, 936, 463, 1.1115565699514574, -1.039999587920981, 1.9566915283342639, -0.8564453125, 0.45703125, 0.22607421875, 6.5625, -6.625, -3.75
-3164, -9916, 2365, 12430, 47, -93, -73, -1735, 930, 463, 1.1083096777440273, -1.0403398501340468, 1.961810067605522, -0.84716796875, 0.4541015625, 0.22607421875, 2.9375, -5.8125, -4.5625
-3149, -9909, 2364, 12439, 27, -83, -65, -1753, 901, 443, 1.1053508426787353, -1.0409409293262484, 1.9658340695793002, -0.85595703125, 0.43994140625, 0.21630859375, 1.6875, -5.1875, -4.0625
-3130, -9904, 2366, 12448, 55, -79, -74, -1747, 897, 445, 1.103123052548354, -1.0419087402237661, 1.970153108802357, -0.85302734375, 0.43798828125, 0.21728515625, 3.4375, -4.9375, -4.625
-3105, -9902, 2373, 12454, 98, -71, -87, -1766, 917, 426, 1.1020213105009034, -1.0429718479561518, 1.97395370522157, -0.8623046875, 0.44775390625, 0.2080078125, 6.125, -4.4375, -5.4375
-3081, -9900, 2375, 12461, 78, -60, -111, -1752, 925, 451, 1.1002675150077117, -1.0443815822178735, 1.9779891005341388, -0.85546875, 0.45166015625, 0.22021484375, 4.875, -3.75, -6.9375
-3058, -9901, 2373, 12467, 60, -33, -125, -1739, 922, 453, 1.0988168003218188, -1.046351351841552, 1.98158613546718, -0.84912109375, 0.4501953125, 0.22119140625, 3.75, -2.0625, -7.8125
-3035, -9904, 2366, 12472, 46, -18, -131, -1760, 911, 463, 1.0971686488797872, -1.048777985091551, 1.9848306924086954, -0.859375, 0.44482421875, 0.22607421875, 2.875, -1.125, -8.1875
-3008, -9904, 2360, 12479, 64, -31, -149, -1737, 892, 469, 1.0945613284054785, -1.0510425539584871, 1.9891040209714652, -0.84814453125, 0.435546875, 0.22900390625, 4.0, -1.9375, -9.3125
-2980, -9904, 2357, 12486, 74, -43, -154, -1718, 902, 456, 1.09231277701174, -1.053212057979496, 1.9935062241710648, -0.8388671875, 0.4404296875, 0.22265625, 4.625, -2.6875, -9.625
-2956, -9902, 2353, 12494, 49, -47, -140, -1718, 896, 460, 1.089617532803401, -1.0550617534733673, 1.997986242125042, -0.8388671875, 0.4375, 0.224609375, 3.0625, -2.9375, -8.75
-2939, -9897, 2348, 12503, 28, -48, -110, -1709, 884, 482, 1.0864008987838292, -1.0562913042423472, 2.0023137643832722, -0.83447265625, 0.431640625, 0.2353515625, 1.75, -3.0, -6.875
-2929, -9890, 2346, 12512, 10, -63, -63, -1711, 869, 451, 1.0835474925697128, -1.0567582257577848, 2.006137435525958, -0.83544921875, 0.42431640625, 0.22021484375, 0.625, -3.9375, -3.9375
-2924, -9880, 2346, 12520, 1, -82, -3, -1729, 832, 445, 1.0804775010622132, -1.0562379676377065, 2.0092871530942906, -0.84423828125, 0.40625, 0.21728515625, 0.0625, -5.125, -0.1875
-2925, -9866, 2359, 12529, 30, -115, 68, -1731, 815, 441, 1.0786985796456223, -1.0543207510287773, 2.0123423049280698, -0.84521484375, 0.39794921875, 0.21533203125, 1.875, -7.1875, 4.25
-2932, -9847, 2385, 12537, 56, -149, 152, -1736, 823, 425, 1.0779167040431068, -1.0505309874875062, 2.0146666756521663, -0.84765625, 0.40185546875, 0.20751953125, 3.5, -9.3125, 9.5
-2948, -9817, 2424, 12550, 77, -218, 243, -1760, 829, 448, 1.0767966875839245, -1.0445428391530893, 2.018042473887179, -0.859375, 0.40478515625, 0.21875, 4.8125, -13.625, 15.1875
-2965, -9774, 2484, 12567, 138, -322, 334, -1772, 834, 430, 1.0755296512713874, -1.035818205256619, 2.022835416334127, -0.865234375, 0.4072265625, 0.2099609375, 8.625, -20.125, 20.875
-2981, -9714, 2564, 12594, 191, -451, 386, -1735, 864, 426, 1.0730416187065395, -1.0246704804977804, 2.031114109781382, -0.84716796875, 0.421875, 0.2080078125, 11.9375, -28.1875, 24.125
-2990, -9636, 2659, 12632, 254, -593, 414, -1727, 878, 431, 1.0682622307138911, -1.011566647473357, 2.0435398996928953, -0.84326171875, 0.4287109375, 0.21044921875, 15.875, -37.0625, 25.875
-2988, -9541, 2772, 12680, 335, -745, 448, -1758, 887, 429, 1.06204514101388, -0.9966553407491354, 2.0599836133738862, -0.8583984375, 0.43310546875, 0.20947265625, 20.9375, -46.5625, 28.0
-2976, -9428, 2905, 12738, 423, -889, 484, -1734, 898, 428, 1.054976647446809, -0.9797474312303411, 2.080256111008093, -0.8466796875, 0.4384765625, 0.208984375, 26.4375, -55.5625, 30.25
-2959, -9303, 3060, 12797, 512, -994, 543, -1719, 915, 413, 1.049371896654065, -0.9605967984961379, 2.1012804802976515, -0.83935546875, 0.44677734375, 0.20166015625, 32.0, -62.125, 33.9375
-2943, -9161, 3226, 12862, 538, -1102, 622, -1745, 913, 440, 1.0432076573172702, -0.9393187934039512, 2.1239523116178165, -0.85205078125, 0.44580078125, 0.21484375, 33.625, -68.875, 38.875
-2927, -8993, 3418, 12935, 623, -1276, 757, -1751, 894, 462, 1.037281807211598, -0.9143163167875864, 2.1491160517880603, -0.85498046875, 0.4365234375, 0.2255859375, 38.9375, -79.75, 47.3125
-2908, -8789, 3648, 13016, 755, -1501, 899, -1746, 940, 503, 1.032000837700899, -0.884013858259611, 2.17735807886805, -0.8525390625, 0.458984375, 0.24560546875, 47.1875, -93.8125, 56.1875
-2888, -8531, 3906, 13117, 818, -1759, 928, -1602, 1000, 485, 1.024010833832627, -0.8475812616708136, 2.2115215879227144, -0.7822265625, 0.48828125, 0.23681640625, 51.125, -109.9375, 58.0
-2851, -8239, 4188, 13224, 932, -1969, 953, -1482, 1051, 563, 1.0167450835793883, -0.8078452650907392, 2.2491625111099602, -0.7236328125, 0.51318359375, 0.27490234375, 58.25, -123.0625, 59.5625
-2812, -7931, 4485, 13323, 999, -2031, 1009, -1388, 1191, 591, 1.012924937551869, -0.766055565696151, 2.285691750442261, -0.677734375, 0.58154296875, 0.28857421875, 62.4375, -126.9375, 63.0625
-2777, -7619, 4761, 13417, 884, -2008, 963, -1257, 1338, 613, 1.0092110791176259, -0.7249830138804081, 2.3205205826011652, -0.61376953125, 0.6533203125, 0.29931640625, 55.25, -125.5, 60.1875
-2750, -7300, 4997, 13513, 670, -1995, 901, -1226, 1437, 659, 1.0023415260422481, -0.6848770113876952, 2.3542528943307466, -0.5986328125, 0.70166015625, 0.32177734375, 41.875, -124.6875, 56.3125
-2713, -6977, 5192, 13617, 493, -2010, 766, -1234, 1426, 725, 0.9918833196052251, -0.6471314762283946, 2.389185503353146, -0.6025390625, 0.6962890625, 0.35400390625, 30.8125, -125.625, 47.875
-2642, -6650, 5379, 13722, 536, -2081, 590, -1171, 1418, 817, 0.9817214938187928, -0.6113733646110295, 2.4269341904987507, -0.57177734375, 0.6923828125, 0.39892578125, 33.5, -130.0625, 36.875
-2530, -6323, 5576, 13819, 699, -2133, 430, -1035, 1448, 900, 0.974573350350852, -0.5774700244828347, 2.4672122954793476, -0.50537109375, 0.70703125, 0.439453125, 43.6875, -133.3125, 26.875
-2401, -5996, 5778, 13904, 780, -2136, 349, -904, 1569, 995, 0.9702959604785014, -0.5442552883118814, 2.5074159654052073, -0.44140625, 0.76611328125, 0.48583984375, 48.75, -133.5, 21.8125
-2275, -5676, 5943, 13989, 599, -2061, 266, -776, 1701, 1047, 0.9639460464849753, -0.5130690969111131, 2.5462709027970116, -0.37890625, 0.83056640625, 0.51123046875, 37.4375, -128.8125, 16.625
-2167, -5363, 6060, 14080, 329, -1968, 240, -729, 1709, 1080, 0.9540738131391404, -0.48336344444563933, 2.582700975719837, -0.35595703125, 0.83447265625, 0.52734375, 20.5625, -123.0, 15.0
-2074, -5053, 6130, 14178, 69, -1897, 212, -670, 1672, 1169, 0.9401345525200901, -0.45453706204633015, 2.617137695961908, -0.3271484375, 0.81640625, 0.57080078125, 4.3125, -118.5625, 13.25
-1983, -4741, 6177, 14278, -45, -1882, 191, -594, 1602, 1224, 0.9247566252077787, -0.4258363582308076, 2.6508723053747008, -0.2900390625, 0.7822265625, 0.59765625, -2.8125, -117.625, 11.9375
-1896, -4423, 6230, 14369, -3, -1895, 247, -553, 1507, 1232, 0.9117056925559779, -0.3957583075865627, 2.6832370487416366, -0.27001953125, 0.73583984375, 0.6015625, -0.1875, -118.4375, 15.4375
-1813, -4099, 6301, 14444, 108, -1909, 315, -480, 1481, 1190, 0.9025377931134997, -0.3639897913251575, 2.7139142754649934, -0.234375, 0.72314453125, 0.5810546875, 6.75, -119.3125, 19.6875
-1734, -3775, 6382, 14507, 166, -1886, 357, -387, 1503, 1136, 0.8964641988457578, -0.3316166475406456, 2.7430799116398785, -0.18896484375, 0.73388671875, 0.5546875, 10.375, -117.875, 22.3125
-1666, -3451, 6464, 14559, 180, -1850, 413, -311, 1524, 1135, 0.8921715339416482, -0.2985188138003241, 2.7701299367379617, -0.15185546875, 0.744140625, 0.55419921875, 11.25, -115.625, 25.8125
-1613, -3139, 6545, 14599, 183, -1745, 468, -260, 1549, 1105, 0.8898055859282665, -0.2658980237118973, 2.794126743078468, -0.126953125, 0.75634765625, 0.53955078125, 11.4375, -109.0625, 29.25
-1580, -2841, 6607, 14636, 85, -1620, 523, -241, 1510, 1104, 0.8868267005102879, -0.2341585798721641, 2.814903425250142, -0.11767578125, 0.7373046875, 0.5390625, 5.3125, -101.25, 32.6875
-1563, -2545, 6670, 14663, 87, -1520, 552, -200, 1467, 1141, 0.8852008942994017, -0.20172734302574552, 2.8332986998939655, -0.09765625, 0.71630859375, 0.55712890625, 5.4375, -95.0, 34.5
-1550, -2269, 6739, 14679, 145, -1413, 541, -161, 1487, 1147, 0.8859929482315717, -0.1711637622544586, 2.849828717892398, -0.07861328125, 0.72607421875, 0.56005859375, 9.0625, -88.3125, 33.8125
-1539, -2017, 6811, 14683, 197, -1282, 517, -136, 1511, 1159, 0.8885803693866043, -0.14304285708437575, 2.8645137666603375, -0.06640625, 0.73779296875, 0.56591796875, 12.3125, -80.125, 32.3125
-1531, -1794, 6889, 14677, 260, -1133, 480, -101, 1537, 1155, 0.8933850562807352, -0.1178688192642353, 2.8772106408090004, -0.04931640625, 0.75048828125, 0.56396484375, 16.25, -70.8125, 30.0
-1528, -1605, 6965, 14663, 264, -949, 425, -61, 1618, 1159, 0.8991749418805803, -0.0961981699872087, 2.887466197808658, -0.02978515625, 0.7900390625, 0.56591796875, 16.5, -59.3125, 26.5625
-1531, -1451, 7023, 14651, 181, -757, 374, -64, 1652, 1169, 0.9036571394129551, -0.0783588546275584, 2.895295007546893, -0.03125, 0.806640625, 0.57080078125, 11.3125, -47.3125, 23.375
-1537, -1330, 7059, 14644, 105, -588, 307, -61, 1619, 1212, 0.9060463119919085, -0.06431928301849237, 2.901093513979151, -0.02978515625, 0.79052734375, 0.591796875, 6.5625, -36.75, 19.1875
-1543, -1240, 7092, 14636, 142, -431, 246, -55, 1576, 1243, 0.908791074891904, -0.05371235251268285, 2.905267445889636, -0.02685546875, 0.76953125, 0.60693359375, 8.875, -26.9375, 15.375
-1543, -1175, 7142, 14616, 261, -326, 168, -45, 1616, 1244, 0.9142951887251827, -0.04586467133437591, 2.9086299681601657, -0.02197265625, 0.7890625, 0.607421875, 16.3125, -20.375, 10.5
-1540, -1132, 7189, 14597, 227, -224, 94, -29, 1697, 1224, 0.9198753980928619, -0.04063729238946559, 2.9112070769663845, -0.01416015625, 0.82861328125, 0.59765625, 14.1875, -14.0, 5.875
-1540, -1132, 7189, 14597, 227, -224, 94, -29, 1697, 1224, 0.9198753980928619, -0.04063729238946559, 2.9112070769663845, -0.01416015625, 0.82861328125, 0.59765625, 14.1875, -14.0, 5.875
