-12250, -2831, 10234, 2370, 185, 495, -2038, 1873, 1102, 383, 1.2214597708916828, 1.0844869861691762, 1.1804593736125664, 0.91455078125, 0.5380859375, 0.18701171875, 11.5625, 30.9375, -127.375
-12239, -3113, 10104, 2620, 203, 493, -2146, 1764, 1209, 349, 1.2363890511811844, 1.0364322854122439, 1.1922656472798296, 0.861328125, 0.59033203125, 0.17041015625, 12.6875, 30.8125, -134.125
-12224, -3393, 9959, 2888, 126, 519, -2224, 1695, 1331, 356, 1.2476234073185606, 0.986348267725692, 1.2020982635454038, 0.82763671875, 0.64990234375, 0.173828125, 7.875, 32.4375, -139.0
-12208, -3659, 9799, 3163, 28, 558, -2229, 1596, 1377, 352, 1.2539550897560927, 0.935769711946609, 1.208884923264614, 0.779296875, 0.67236328125, 0.171875, 1.75, 34.875, -139.3125
-12190, -3911, 9630, 3438, -34, 569, -2194, 1458, 1377, 392, 1.2573436336807118, 0.8858306788956242, 1.2139945851514204, 0.7119140625, 0.67236328125, 0.19140625, -2.125, 35.5625, -137.125
-12169, -4157, 9456, 3696, 0, 593, -2110, 1307, 1410, 454, 1.2595071224303456, 0.8373414978551703, 1.2168772683065572, 0.63818359375, 0.6884765625, 0.2216796875, 0.0, 37.0625, -131.875
-12140, -4405, 9289, 3919, 140, 582, -1972, 1159, 1437, 466, 1.263451854287366, 0.7917297340147529, 1.2181011398583785, 0.56591796875, 0.70166015625, 0.2275390625, 8.75, 36.375, -123.25
-12095, -4655, 9131, 4135, 203, 515, -1946, 1131, 1575, 455, 1.2700424559905468, 0.746980122160009, 1.2210560602024751, 0.55224609375, 0.76904296875, 0.22216796875, 12.6875, 32.1875, -121.625
-12050, -4883, 8975, 4342, 149, 488, -1845, 1104, 1661, 502, 1.2748383525701885, 0.7046981043897766, 1.2233860221588704, 0.5390625, 0.81103515625, 0.2451171875, 9.3125, 30.5, -115.3125
-12016, -5087, 8811, 4533, 67, 540, -1708, 1073, 1669, 522, 1.2758325647895783, 0.6649368511075177, 1.2226442834001996, 0.52392578125, 0.81494140625, 0.2548828125, 4.1875, 33.75, -106.75
-11995, -5288, 8622, 4718, 41, 641, -1590, 969, 1694, 590, 1.2733276799645694, 0.6244642929730758, 1.2180471070428815, 0.47314453125, 0.8271484375, 0.2880859375, 2.5625, 40.0625, -99.375
-11977, -5489, 8428, 4880, 97, 700, -1479, 866, 1775, 622, 1.270808825614443, 0.5853654587811375, 1.2111363431810085, 0.4228515625, 0.86669921875, 0.3037109375, 6.0625, 43.75, -92.4375
-11962, -5669, 8236, 5037, 17, 688, -1398, 843, 1826, 625, 1.267135944757048, 0.5483437273454553, 1.204576386405183, 0.41162109375, 0.8916015625, 0.30517578125, 1.0625, 43.0, -87.375
-11949, -5824, 8060, 5174, -37, 659, -1287, 914, 1804, 561, 1.263366947738713, 0.5155878587901888, 1.1984193957618243, 0.4462890625, 0.880859375, 0.27392578125, -2.3125, 41.1875, -80.4375
-11940, -5967, 7897, 5284, 13, 670, -1164, 955, 1800, 577, 1.260303191467381, 0.4865765920890399, 1.1914675462943023, 0.46630859375, 0.87890625, 0.28173828125, 0.8125, 41.875, -72.75
-11936, -6104, 7743, 5363, 84, 701, -1022, 955, 1795, 602, 1.2579063279955285, 0.46082325702357896, 1.1826324033920201, 0.46630859375, 0.87646484375, 0.2939453125, 5.25, 43.8125, -63.875
-11939, -6229, 7596, 5423, 89, 713, -901, 950, 1810, 614, 1.2553071803801663, 0.4378612223584227, 1.1728338788442345, 0.4638671875, 0.8837890625, 0.2998046875, 5.5625, 44.5625, -56.3125
-11949, -6338, 7458, 5464, 60, 721, -784, 958, 1797, 597, 1.2521553010537745, 0.41801095013984824, 1.1621467730734645, 0.4677734375, 0.87744140625, 0.29150390625, 3.75, 45.0625, -49.0
-11969, -6433, 7327, 5488, 28, 742, -673, 963, 1756, 564, 1.2484296132875163, 0.4010171343769108, 1.1505588882958482, 0.47021484375, 0.857421875, 0.275390625, 1.75, 46.375, -42.0625
-11997, -6510, 7211, 5489, 27, 731, -522, 984, 1697, 571, 1.2443735068184274, 0.38797852558899826, 1.1381635441503073, 0.48046875, 0.82861328125, 0.27880859375, 1.6875, 45.6875, -32.625
-12026, -6575, 7116, 5473, 76, 665, -410, 1021, 1630, 585, 1.2413579871842284, 0.37845958227391596, 1.126343534236377, 0.49853515625, 0.7958984375, 0.28564453125, 4.75, 41.5625, -25.625
-12045, -6649, 7038, 5443, 194, 621, -350, 981, 1632, 573, 1.2413873049632735, 0.3703756326407091, 1.1151569719351992, 0.47900390625, 0.796875, 0.27978515625, 12.125, 38.8125, -21.875
-12057, -6725, 6974, 5404, 250, 576, -293, 970, 1650, 542, 1.2432589808904093, 0.3636818547113103, 1.1046548960139904, 0.4736328125, 0.8056640625, 0.2646484375, 15.625, 36.0, -18.3125
-12070, -6794, 6917, 5362, 231, 555, -277, 1000, 1625, 509, 1.2451446445415524, 0.35822781545353005, 1.09458873537321, 0.48828125, 0.79345703125, 0.24853515625, 14.4375, 34.6875, -17.3125
-12080, -6866, 6862, 5317, 247, 559, -273, 992, 1603, 475, 1.2476907822343755, 0.3528843903932732, 1.0845044426966015, 0.484375, 0.78271484375, 0.23193359375, 15.4375, 34.9375, -17.0625
-12090, -6940, 6804, 5273, 263, 566, -285, 968, 1579, 496, 1.2503059783306911, 0.34716815309053795, 1.0743049192458267, 0.47265625, 0.77099609375, 0.2421875, 16.4375, 35.375, -17.8125
-12091, -7024, 6751, 5228, 324, 548, -307, 924, 1549, 449, 1.2548110472570324, 0.34114608055707796, 1.0647469282047282, 0.451171875, 0.75634765625, 0.21923828125, 20.25, 34.25, -19.1875
-12078, -7124, 6702, 5186, 440, 510, -370, 910, 1537, 464, 1.2618935413210675, 0.33401435036483, 1.0562299960280201, 0.4443359375, 0.75048828125, 0.2265625, 27.5, 31.875, -23.125
-12055, -7239, 6655, 5142, 531, 505, -396, 861, 1520, 436, 1.271205732863964, 0.32614957013981544, 1.0479721612158097, 0.42041015625, 0.7421875, 0.212890625, 33.1875, 31.5625, -24.75
-12022, -7369, 6614, 5088, 660, 500, -360, 784, 1540, 440, 1.2831118599854132, 0.31842767403958894, 1.039517807626351, 0.3828125, 0.751953125, 0.21484375, 41.25, 31.25, -22.5
-11976, -7506, 6577, 5041, 699, 434, -381, 713, 1591, 410, 1.2965239589654427, 0.30987583501272065, 1.0323468637286106, 0.34814453125, 0.77685546875, 0.2001953125, 43.6875, 27.125, -23.8125
-11909, -7649, 6557, 5011, 727, 298, -457, 712, 1678, 317, 1.3127325453050607, 0.3007341421799, 1.0289382659911739, 0.34765625, 0.8193359375, 0.15478515625, 45.4375, 18.625, -28.5625
-11819, -7808, 6538, 5005, 754, 214, -593, 658, 1799, 226, 1.3314266496780391, 0.2885519711020554, 1.028373715094588, 0.3212890625, 0.87841796875, 0.1103515625, 47.125, 13.375, -37.0625
-11761, -7937, 6490, 5000, 594, 306, -514, 546, 1724, 380, 1.3434573882523437, 0.276529092240957, 1.0243470024238086, 0.2666015625, 0.841796875, 0.185546875, 37.125, 19.125, -32.125
-11714, -8071, 6447, 4954, 725, 411, -310, 431, 1542, 401, 1.3566090997933962, 0.26796228217368284, 1.0166439055073384, 0.21044921875, 0.7529296875, 0.19580078125, 45.3125, 25.6875, -19.375
-11650, -8218, 6433, 4878, 949, 368, -189, 493, 1632, 399, 1.3743484150419536, 0.26271694745363494, 1.0090570942578907, 0.24072265625, 0.796875, 0.19482421875, 59.3125, 23.0, -11.8125
-11574, -8372, 6434, 4797, 992, 316, -160, 518, 1796, 297, 1.394721304812161, 0.25847274293777805, 1.0027607150323217, 0.2529296875, 0.876953125, 0.14501953125, 62.0, 19.75, -10.0
-11507, -8500, 6432, 4734, 786, 263, -146, 490, 1866, 205, 1.4115654086810043, 0.2543703690287353, 0.997704141424161, 0.2392578125, 0.9111328125, 0.10009765625, 49.125, 16.4375, -9.125
-11458, -8593, 6428, 4689, 522, 205, -100, 442, 1857, 134, 1.4236638005621145, 0.2511801498401237, 0.9938646258403536, 0.2158203125, 0.90673828125, 0.0654296875, 32.625, 12.8125, -6.25
-11428, -8660, 6421, 4647, 387, 202, -58, 471, 1793, 165, 1.4320034100289292, 0.24946307504289575, 0.9897071520392899, 0.22998046875, 0.87548828125, 0.08056640625, 24.1875, 12.625, -3.625
-11397, -8733, 6415, 4599, 451, 219, -18, 408, 1764, 184, 1.4413233461422343, 0.2480218842115194, 0.9852021447351734, 0.19921875, 0.861328125, 0.08984375, 28.1875, 13.6875, -1.125
-11354, -8816, 6417, 4541, 561, 201, 11, 409, 1806, 178, 1.4528199488564837, 0.24707260628093194, 0.9806713119051209, 0.19970703125, 0.8818359375, 0.0869140625, 35.0625, 12.5625, 0.6875
-11307, -8897, 6426, 4489, 561, 147, 13, 410, 1901, 164, 1.4648354126739527, 0.24626577659292467, 0.9775503774351364, 0.2001953125, 0.92822265625, 0.080078125, 35.0625, 9.1875, 0.8125
-11268, -8962, 6433, 4446, 445, 115, 45, 385, 1969, 137, 1.4745036155649285, 0.24566539156673958, 0.9749073500229848, 0.18798828125, 0.96142578125, 0.06689453125, 27.8125, 7.1875, 2.8125
-11245, -9004, 6439, 4414, 288, 88, 82, 362, 1953, 130, 1.4809269585670093, 0.24582598571657208, 0.9730014929230192, 0.1767578125, 0.95361328125, 0.0634765625, 18.0, 5.5, 5.125
-11230, -9029, 6447, 4386, 205, 58, 122, 371, 1951, 146, 1.485166119750899, 0.2468686341340585, 0.9714537050707671, 0.18115234375, 0.95263671875, 0.0712890625, 12.8125, 3.625, 7.625
-11216, -9049, 6465, 4356, 204, 22, 151, 399, 1938, 140, 1.4897043150266576, 0.24913884564700806, 0.9708043110377351, 0.19482421875, 0.9462890625, 0.068359375, 12.75, 1.375, 9.4375
-11194, -9074, 6487, 4327, 251, -8, 135, 425, 1971, 127, 1.495354998277162, 0.25112502198194947, 0.9707575458125721, 0.20751953125, 0.96240234375, 0.06201171875, 15.6875, -0.5, 8.4375
-11172, -9098, 6509, 4299, 249, -11, 130, 445, 2019, 136, 1.5008850702939336, 0.25307898060151585, 0.9708127542290051, 0.21728515625, 0.98583984375, 0.06640625, 15.5625, -0.6875, 8.125
-11154, -9115, 6523, 4289, 149, -42, 82, 420, 2061, 115, 1.5046742076930604, 0.25351813100095333, 0.9716406029351402, 0.205078125, 1.00634765625, 0.05615234375, 9.3125, -2.625, 5.125
-11141, -9123, 6534, 4290, 81, -68, 49, 418, 2045, 125, 1.5069099914143902, 0.2534743915032347, 0.9730763928357904, 0.2041015625, 0.99853515625, 0.06103515625, 5.0625, -4.25, 3.0625
-11129, -9127, 6538, 4306, 32, -91, -7, 415, 2114, 147, 1.5078997992585257, 0.25195783041205644, 0.9751028470951059, 0.20263671875, 1.0322265625, 0.07177734375, 2.0, -5.6875, -0.4375
-11120, -9124, 6538, 4335, -41, -121, -51, 421, 2132, 153, 1.5075154636705579, 0.24956957869351185, 0.9778370882228752, 0.20556640625, 1.041015625, 0.07470703125, -2.5625, -7.5625, -3.1875
-11118, -9108, 6530, 4385, -163, -165, -86, 372, 2194, 173, 1.5045241836382182, 0.24581877278273878, 0.9815357480101979, 0.181640625, 1.0712890625, 0.08447265625, -10.1875, -10.3125, -5.375
-11130, -9064, 6521, 4458, -373, -243, -69, 327, 2210, 179, 1.497530432398768, 0.24205244561152245, 0.9870213381575045, 0.15966796875, 1.0791015625, 0.08740234375, -23.3125, -15.1875, -4.3125
-11155, -8993, 6517, 4545, -585, -308, -42, 316, 2095, 108, 1.4873162657061911, 0.23938674550497202, 0.9941641688952961, 0.154296875, 1.02294921875, 0.052734375, -36.5625, -19.25, -2.625
-11175, -8932, 6516, 4619, -532, -261, -34, 327, 2020, 49, 1.4788492765986805, 0.23735827655798805, 1.0005751399130707, 0.15966796875, 0.986328125, 0.02392578125, -33.25, -16.3125, -2.125
-11186, -8895, 6511, 4670, -366, -163, -26, 336, 2056, 78, 1.4733155829791185, 0.23531212321541642, 1.0045988850496523, 0.1640625, 1.00390625, 0.0380859375, -22.875, -10.1875, -1.625
-11193, -8874, 6499, 4710, -210, -103, -36, 312, 2055, 201, 1.4693056945160121, 0.23266484575872856, 1.0069887381935114, 0.15234375, 1.00341796875, 0.09814453125, -13.125, -6.4375, -2.25
-11190, -8868, 6491, 4739, -69, -93, -21, 295, 2126, 270, 1.4677482707660643, 0.23007814961945375, 1.0089085719022397, 0.14404296875, 1.0380859375, 0.1318359375, -4.3125, -5.8125, -1.3125
-11194, -8849, 6489, 4767, -123, -114, 37, 312, 2140, 275, 1.464985305826572, 0.22889868310608075, 1.0112435950054746, 0.15234375, 1.044921875, 0.13427734375, -7.6875, -7.125, 2.3125
-11214, -8807, 6491, 4793, -293, -116, 97, 385, 2135, 207, 1.4594465794686087, 0.22984311791291337, 1.0135599275512248, 0.18798828125, 1.04248046875, 0.10107421875, -18.3125, -7.25, 6.0625
-11251, -8748, 6495, 4811, -397, -82, 145, 467, 2045, 201, 1.4517881670827393, 0.23298529887750621, 1.015150104336467, 0.22802734375, 0.99853515625, 0.09814453125, -24.8125, -5.125, 9.0625
-11285, -8696, 6500, 4818, -321, -46, 143, 504, 1949, 220, 1.4451797466585143, 0.23655945505305861, 1.015803052509195, 0.24609375, 0.95166015625, 0.107421875, -20.0625, -2.875, 8.9375
-11301, -8670, 6509, 4814, -122, -26, 105, 508, 1917, 252, 1.4425029919246701, 0.23936280974838722, 1.016076297562729, 0.248046875, 0.93603515625, 0.123046875, -7.625, -1.625, 6.5625
-11300, -8671, 6519, 4803, 47, -3, 48, 526, 1973, 247, 1.4436056640141817, 0.24087437349825294, 1.016090982762469, 0.2568359375, 0.96337890625, 0.12060546875, 2.9375, -0.1875, 3.0
-11298, -8676, 6520, 4798, 39, 10, 16, 490, 2032, 268, 1.4443759904769997, 0.24100959607039837, 1.01576262943017, 0.2392578125, 0.9921875, 0.130859375, 2.4375, 0.625, 1.0
-11305, -8672, 6514, 4798, -45, 25, 39, 434, 2049, 266, 1.4432398808476166, 0.2409865944896322, 1.0150727067056635, 0.2119140625, 1.00048828125, 0.1298828125, -2.8125, 1.5625, 2.4375
-11319, -8659, 6503, 4802, -115, 36, 42, 436, 2059, 273, 1.4403845763753609, 0.24094382171566195, 1.0141166180384702, 0.212890625, 1.00537109375, 0.13330078125, -7.1875, 2.25, 2.625
-11334, -8648, 6489, 4807, -122, 47, 49, 397, 2053, 279, 1.43752376434488, 0.24054834636663633, 1.0129859009267286, 0.19384765625, 1.00244140625, 0.13623046875, -7.625, 2.9375, 3.0625
-11347, -8634, 6488, 4799, -110, 34, 138, 424, 2148, 228, 1.4354794322803865, 0.24215491418001414, 1.0118819881209944, 0.20703125, 1.048828125, 0.111328125, -6.875, 2.125, 8.625
-11376, -8606, 6495, 4772, -136, 58, 327, 394, 2217, 288, 1.4322785105419764, 0.2470274711802394, 1.009611383179554, 0.1923828125, 1.08251953125, 0.140625, -8.5, 3.625, 20.4375
-11418, -8570, 6537, 4680, -32, 124, 836, 242, 2347, 242, 1.4312567744462201, 0.26020892654091743, 1.004537661236221, 0.1181640625, 1.14599609375, 0.1181640625, -2.0, 7.75, 52.25
-11489, -8503, 6616, 4513, -91, 228, 1408, 207, 2422, 112, 1.4294834005086405, 0.2842304706194795, 0.9956550558661874, 0.10107421875, 1.1826171875, 0.0546875, -5.6875, 14.25, 88.0
-11637, -8314, 6715, 4338, -664, 175, 1644, 627, 2166, 42, 1.4132012032572687, 0.3188692752103742, 0.9864818141912328, 0.30615234375, 1.0576171875, 0.0205078125, -41.5, 10.9375, 102.75
-11822, -8057, 6808, 4173, -1050, 159, 1731, 984, 1494, 135, 1.387265824559733, 0.35666541698948545, 0.976190714962903, 0.48046875, 0.7294921875, 0.06591796875, -65.625, 9.9375, 108.1875
-11963, -7857, 6910, 3981, -585, 163, 1635, 1122, 1017, 350, 1.3699466031784808, 0.3928822497724359, 0.9648296733610984, 0.5478515625, 0.49658203125, 0.1708984375, -36.5625, 10.1875, 102.1875
-12055, -7728, 7024, 3751, 45, 201, 1393, 1080, 1073, 477, 1.3633035010404968, 0.42783008250058324, 0.952280046188002, 0.52734375, 0.52392578125, 0.23291015625, 2.8125, 12.5625, 87.0625
-12106, -7658, 7103, 3577, 189, 151, 992, 907, 1133, 442, 1.3612434253417676, 0.4517894014189859, 0.942554945620119, 0.44287109375, 0.55322265625, 0.2158203125, 11.8125, 9.4375, 62.0
-12132, -7622, 7139, 3495, 106, 74, 434, 859, 1196, 422, 1.3597363808925442, 0.4632100425229452, 0.937779788038484, 0.41943359375, 0.583984375, 0.2060546875, 6.625, 4.625, 27.125
-12134, -7631, 7128, 3489, 113, 45, -66, 850, 1496, 481, 1.3596517595699669, 0.46233689809049416, 0.9360242077367416, 0.4150390625, 0.73046875, 0.23486328125, 7.0625, 2.8125, -4.125
-12122, -7665, 7095, 3525, 63, 39, -316, 906, 1870, 443, 1.36086402458897, 0.45502348752181276, 0.93646425722609, 0.4423828125, 0.9130859375, 0.21630859375, 3.9375, 2.4375, -19.75
-12116, -7685, 7052, 3585, -108, 21, -370, 865, 1980, 402, 1.359235492387889, 0.44595962382182286, 0.9377870164905538, 0.42236328125, 0.966796875, 0.1962890625, -6.75, 1.3125, -23.125
-12118, -7690, 7008, 3656, -229, 1, -345, 833, 2044, 412, 1.3555979346951426, 0.43703482282208456, 0.9398397916793723, 0.40673828125, 0.998046875, 0.201171875, -14.3125, 0.0625, -21.5625
-12122, -7690, 6973, 3708, -191, 15, -270, 853, 1968, 411, 1.3521434197353073, 0.4304978795519484, 0.9409529817872057, 0.41650390625, 0.9609375, 0.20068359375, -11.9375, 0.9375, -16.875
-12111, -7715, 6945, 3742, 7, 32, -255, 820, 1913, 408, 1.3527284087639075, 0.42418729751474454, 0.9416374677288954, 0.400390625, 0.93408203125, 0.19921875, 0.4375, 2.0, -15.9375
-12088, -7763, 6918, 3767, 188, 37, -298, 803, 1876, 456, 1.3564984833381242, 0.41716938327501685, 0.9420381323033012, 0.39208984375, 0.916015625, 0.22265625, 11.75, 2.3125, -18.625
-12046, -7840, 6889, 3796, 319, 35, -399, 787, 1932, 394, 1.3640452915895371, 0.4077574021138137, 0.9432192705604194, 0.38427734375, 0.943359375, 0.1923828125, 19.9375, 2.1875, -24.9375
-12002, -7920, 6849, 3840, 281, 47, -515, 785, 1923, 370, 1.37093525500964, 0.39613696925189795, 0.9446467504557173, 0.38330078125, 0.93896484375, 0.1806640625, 17.5625, 2.9375, -32.1875
-11953, -8005, 6799, 3906, 212, 38, -639, 740, 1969, 290, 1.3776269853821306, 0.38174008455047737, 0.9472155784807806, 0.361328125, 0.96142578125, 0.1416015625, 13.25, 2.375, -39.9375
-11909, -8078, 6734, 4002, 71, 6, -786, 723, 1927, 299, 1.3813239319221016, 0.3646660393103508, 0.9508254921008478, 0.35302734375, 0.94091796875, 0.14599609375, 4.4375, 0.375, -49.125
-11850, -8163, 6669, 4115, 97, -46, -907, 699, 1949, 238, 1.3868110855355436, 0.3453556217739401, 0.9563881369982224, 0.34130859375, 0.95166015625, 0.1162109375, 6.0625, -2.875, -56.6875
-11785, -8250, 6595, 4243, 80, -65, -1013, 664, 1961, 238, 1.3917472843291454, 0.3239028435743107, 0.9624403470112329, 0.32421875, 0.95751953125, 0.1162109375, 5.0, -4.0625, -63.3125
-11720, -8331, 6515, 4385, 14, -84, -1084, 638, 1953, 236, 1.395394123784113, 0.30125051841326433, 0.9691707222213256, 0.3115234375, 0.95361328125, 0.115234375, 0.875, -5.25, -67.75
-11650, -8412, 6423, 4550, -35, -122, -1211, 569, 1978, 240, 1.3980328807779727, 0.27582794639158836, 0.9769837630862285, 0.27783203125, 0.9658203125, 0.1171875, -2.1875, -7.625, -75.6875
-11575, -8491, 6331, 4721, -53, -144, -1244, 530, 1969, 215, 1.4005122006225363, 0.24991785013710233, 0.9854791638057093, 0.2587890625, 0.96142578125, 0.10498046875, -3.3125, -9.0, -77.75
-11497, -8569, 6236, 4894, -65, -152, -1254, 464, 2007, 208, 1.4026621281252123, 0.22357688489183572, 0.9939591892260645, 0.2265625, 0.97998046875, 0.1015625, -4.0625, -9.5, -78.375
-11415, -8643, 6142, 5071, -85, -185, -1272, 408, 1963, 183, 1.404465123986893, 0.197091757173976, 1.0030366760940266, 0.19921875, 0.95849609375, 0.08935546875, -5.3125, -11.5625, -79.5
-11327, -8717, 6051, 5249, -38, -215, -1289, 373, 1925, 211, 1.4066381016147274, 0.17058115827134873, 1.0126785850183768, 0.18212890625, 0.93994140625, 0.10302734375, -2.375, -13.4375, -80.5625
-11224, -8800, 5969, 5420, 50, -241, -1279, 324, 1988, 174, 1.4108841922323605, 0.1442968497806844, 1.0226578951044758, 0.158203125, 0.970703125, 0.0849609375, 3.125, -15.0625, -79.9375
-11119, -8877, 5893, 5594, 20, -290, -1269, 281, 2043, 145, 1.41494044539964, 0.11849043570627354, 1.0336558739903532, 0.13720703125, 0.99755859375, 0.07080078125, 1.25, -18.125, -79.3125
-11018, -8931, 5822, 5779, -100, -374, -1236, 226, 2080, 129, 1.416339848228067, 0.09352593986355637, 1.0462676019361772, 0.1103515625, 1.015625, 0.06298828125, -6.25, -23.375, -77.25
-10933, -8951, 5751, 5977, -292, -462, -1168, 148, 2030, 155, 1.413131306508765, 0.06991026881124028, 1.0603216731995053, 0.072265625, 0.9912109375, 0.07568359375, -18.25, -28.875, -73.0
-10852, -8954, 5687, 6177, -376, -515, -1130, 119, 1905, 112, 1.4082075268306793, 0.04775003474291745, 1.07549792558901, 0.05810546875, 0.93017578125, 0.0546875, -23.5, -32.1875, -70.625
-10756, -8972, 5626, 6373, -254, -519, -1167, 69, 1856, 116, 1.4055777191089431, 0.02484800799497628, 1.0908935103141102, 0.03369140625, 0.90625, 0.056640625, -15.875, -32.4375, -72.9375
-10641, -9004, 5570, 6566, -85, -532, -1212, 32, 1810, 184, 1.4052303574085816, 0.0011183770842200817, 1.1066827150026577, 0.015625, 0.8837890625, 0.08984375, -5.3125, -33.25, -75.75
-10494, -9058, 5526, 6763, 89, -603, -1311, 4, 1920, 163, 1.4088636099426897, -0.024361412299922083, 1.124279612471756, 0.001953125, 0.9375, 0.07958984375, 5.5625, -37.6875, -81.9375
-10339, -9107, 5482, 6968, 99, -649, -1361, -37, 1994, 191, 1.411765239304578, -0.050530312604562394, 1.1429942001201914, -0.01806640625, 0.9736328125, 0.09326171875, 6.1875, -40.5625, -85.0625
-10192, -9138, 5428, 7183, -40, -680, -1355, -120, 2047, 193, 1.411316939543807, -0.07693664930709594, 1.162290966300296, -0.05859375, 0.99951171875, 0.09423828125, -2.5, -42.5, -84.6875
-10058, -9147, 5370, 7401, -156, -705, -1314, -154, 2020, 221, 1.4074509276592804, -0.10214234076460482, 1.1820664974170692, -0.0751953125, 0.986328125, 0.10791015625, -9.75, -44.0625, -82.125
-9931, -9143, 5309, 7619, -201, -718, -1277, -211, 1977, 279, 1.4014764594958986, -0.12652660009882055, 1.202135501066166, -0.10302734375, 0.96533203125, 0.13623046875, -12.5625, -44.875, -79.8125
-9793, -9137, 5259, 7836, -139, -773, -1262, -259, 1940, 297, 1.3960257261114941, -0.15029311330651254, 1.2235848661457662, -0.12646484375, 0.947265625, 0.14501953125, -8.6875, -48.3125, -78.875
-9650, -9123, 5220, 8052, -107, -834, -1246, -261, 1928, 331, 1.3902626845234096, -0.1728591653347212, 1.2464626736841569, -0.12744140625, 0.94140625, 0.16162109375, -6.6875, -52.125, -77.875
-9509, -9098, 5183, 8269, -145, -865, -1237, -278, 1969, 342, 1.3830334530306738, -0.19453911683340622, 1.270302554003866, -0.1357421875, 0.96142578125, 0.1669921875, -9.0625, -54.0625, -77.3125
-9379, -9058, 5140, 8486, -243, -868, -1186, -342, 1961, 379, 1.3731303605687633, -0.21517632712388032, 1.2943771234392276, -0.1669921875, 0.95751953125, 0.18505859375, -15.1875, -54.25, -74.125
-9262, -8999, 5084, 8707, -362, -871, -1163, -375, 1892, 429, 1.3593840599958165, -0.23511207270099513, 1.3186818236693774, -0.18310546875, 0.923828125, 0.20947265625, -22.625, -54.4375, -72.6875
-9148, -8929, 5028, 8930, -404, -897, -1144, -397, 1825, 468, 1.3440083585999074, -0.25410711167553457, 1.3441494425084068, -0.19384765625, 0.89111328125, 0.228515625, -25.25, -56.0625, -71.5
-9029, -8852, 4973, 9155, -387, -933, -1155, -424, 1831, 533, 1.3275742281316827, -0.27261975534223015, 1.370846639610348, -0.20703125, 0.89404296875, 0.26025390625, -24.1875, -58.3125, -72.1875
-8903, -8771, 4925, 9380, -368, -973, -1153, -449, 1820, 546, 1.3110273971940307, -0.29034871478146507, 1.399052551201054, -0.21923828125, 0.888671875, 0.2666015625, -23.0, -60.8125, -72.0625
-8772, -8682, 4878, 9608, -394, -1023, -1165, -498, 1867, 570, 1.2932833476318013, -0.30751751578234426, 1.428753243469882, -0.2431640625, 0.91162109375, 0.2783203125, -24.625, -63.9375, -72.8125
-8655, -8572, 4822, 9839, -559, -1058, -1112, -529, 1824, 550, 1.2718399605482271, -0.32302409581917474, 1.459314537678753, -0.25830078125, 0.890625, 0.2685546875, -34.9375, -66.125, -69.5
-8546, -8450, 4756, 10069, -626, -1052, -1069, -570, 1709, 605, 1.2478342612695947, -0.3374594912266193, 1.4900659349949592, -0.2783203125, 0.83447265625, 0.29541015625, -39.125, -65.75, -66.8125
-8436, -8330, 4696, 10287, -612, -1039, -1041, -580, 1734, 592, 1.2245858348049934, -0.35041476135613153, 1.5204576115158324, -0.283203125, 0.8466796875, 0.2890625, -38.25, -64.9375, -65.0625
-8324, -8193, 4630, 10516, -666, -1102, -1077, -587, 1712, 677, 1.198424931693234, -0.3626763789313761, 1.5533071287041285, -0.28662109375, 0.8359375, 0.33056640625, -41.625, -68.875, -67.3125
-8202, -8051, 4567, 10747, -636, -1136, -1094, -589, 1622, 726, 1.1717441604073462, -0.37424182005755025, 1.5879083426192917, -0.28759765625, 0.7919921875, 0.3544921875, -39.75, -71.0, -68.375
-8065, -7928, 4509, 10964, -482, -1082, -1090, -710, 1642, 817, 1.1478377748028121, -0.3862126912646461, 1.6216708609057324, -0.3466796875, 0.8017578125, 0.39892578125, -30.125, -67.625, -68.125
-7930, -7807, 4457, 11169, -488, -1067, -1046, -753, 1711, 798, 1.124786992600527, -0.3966496482393345, 1.6548486319378781, -0.36767578125, 0.83544921875, 0.3896484375, -30.5, -66.6875, -65.375
-7809, -7665, 4390, 11376, -648, -1089, -1021, -725, 1674, 823, 1.0977570202024332, -0.4052531528064487, 1.6883705226191048, -0.35400390625, 0.8173828125, 0.40185546875, -40.5, -68.0625, -63.8125
-7677, -7526, 4325, 11583, -582, -1091, -1045, -738, 1552, 867, 1.0712260523679134, -0.4138229908078137, 1.723169702662717, -0.3603515625, 0.7578125, 0.42333984375, -36.375, -68.1875, -65.3125
-7526, -7403, 4279, 11776, -409, -1078, -1063, -770, 1587, 901, 1.0483007505369586, -0.4220024223260955, 1.757824918301683, -0.3759765625, 0.77490234375, 0.43994140625, -25.5625, -67.375, -66.4375
-7374, -7284, 4239, 11960, -377, -1059, -1044, -802, 1621, 918, 1.0265436871631752, -0.42923621162732944, 1.792128850118104, -0.3916015625, 0.79150390625, 0.4482421875, -23.5625, -66.1875, -65.25
-7224, -7159, 4188, 12143, -425, -1055, -1025, -847, 1574, 971, 1.00299690956127, -0.4359604532079036, 1.8265271455422092, -0.41357421875, 0.7685546875, 0.47412109375, -26.5625, -65.9375, -64.0625
-7072, -7022, 4146, 12326, -419, -1124, -1018, -835, 1575, 1027, 0.9790621565914616, -0.4405273715574728, 1.8623877040216255, -0.40771484375, 0.76904296875, 0.50146484375, -26.1875, -70.25, -63.625
-6922, -6871, 4101, 12509, -487, -1178, -995, -836, 1561, 1028, 0.9534042109993746, -0.44324367230872985, 1.8989671812727427, -0.408203125, 0.76220703125, 0.501953125, -30.4375, -73.625, -62.1875
-6772, -6710, 4050, 12694, -545, -1216, -996, -833, 1485, 1013, 0.9262848591877012, -0.4447941541841669, 1.9364856277684133, -0.40673828125, 0.72509765625, 0.49462890625, -34.0625, -76.0, -62.25
-6624, -6548, 3992, 12874, -571, -1193, -989, -833, 1446, 1066, 0.8986874290137083, -0.4456676072835067, 1.9734724534458055, -0.40673828125, 0.7060546875, 0.5205078125, -35.6875, -74.5625, -61.8125
-6482, -6382, 3932, 13047, -601, -1180, -952, -855, 1482, 1138, 0.870965410896421, -0.4450301398471735, 2.0095947091876036, -0.41748046875, 0.7236328125, 0.5556640625, -37.5625, -73.75, -59.5
-6339, -6208, 3865, 13220, -647, -1194, -962, -844, 1454, 1183, 0.8420445674691787, -0.44330394651031724, 2.046182717835829, -0.412109375, 0.7099609375, 0.57763671875, -40.4375, -74.625, -60.125
-6183, -6029, 3795, 13396, -627, -1227, -1028, -833, 1394, 1252, 0.8124821738062368, -0.44108211490482896, 2.0844542029501523, -0.40673828125, 0.6806640625, 0.611328125, -39.1875, -76.6875, -64.25
-6019, -5850, 3731, 13567, -598, -1242, -1039, -844, 1400, 1291, 0.7839715582638502, -0.43787178544278466, 2.123028313663856, -0.412109375, 0.68359375, 0.63037109375, -37.375, -77.625, -64.9375
-5860, -5668, 3663, 13731, -637, -1227, -1024, -798, 1376, 1288, 0.7554231156066302, -0.4333688245886426, 2.160551190125045, -0.3896484375, 0.671875, 0.62890625, -39.8125, -76.6875, -64.0
-5705, -5484, 3570, 13895, -765, -1134, -1088, -668, 1322, 1331, 0.7244880220511748, -0.42903199642352663, 2.1976586185402076, -0.326171875, 0.6455078125, 0.64990234375, -47.8125, -70.875, -68.0
-5558, -5303, 3429, 14059, -979, -981, -1159, -615, 1293, 1453, 0.6888761783797279, -0.42627399855354403, 2.233630069010363, -0.30029296875, 0.63134765625, 0.70947265625, -61.1875, -61.3125, -72.4375
-5420, -5124, 3229, 14226, -1316, -852, -1249, -644, 1345, 1542, 0.6471387870268512, -0.42542600208161535, 2.2689646418159928, -0.314453125, 0.65673828125, 0.7529296875, -82.25, -53.25, -78.0625
-5283, -4929, 2931, 14409, -1792, -867, -1325, -830, 1261, 1587, 0.592892473268836, -0.4266094633118039, 2.3065295551095613, -0.4052734375, 0.61572265625, 0.77490234375, -112.0, -54.1875, -82.8125
-5174, -4675, 2589, 14598, -2140, -1080, -1183, -1027, 830, 1586, 0.5305293837222024, -0.4209914862711663, 2.344378708326893, -0.50146484375, 0.4052734375, 0.7744140625, -133.75, -67.5, -73.9375
-5040, -4365, 2327, 14784, -1768, -1502, -1121, -770, 497, 1593, 0.47471765205389377, -0.40434977513467424, 2.385395995408189, -0.3759765625, 0.24267578125, 0.77783203125, -110.5, -93.875, -70.0625
-4839, -4063, 2179, 14958, -1103, -1647, -1314, -320, 680, 1511, 0.43326977005229, -0.38358134532094423, 2.430340420264918, -0.15625, 0.33203125, 0.73779296875, -68.9375, -102.9375, -82.125
-4626, -3814, 2026, 15112, -1069, -1188, -1486, -247, 806, 1629, 0.39558556220665037, -0.36784075549774403, 2.472914687940296, -0.12060546875, 0.3935546875, 0.79541015625, -66.8125, -74.25, -92.875
-4440, -3622, 1748, 15249, -1605, -849, -1413, -569, 726, 1702, 0.34736425782632696, -0.36150751235356604, 2.5107776065563487, -0.27783203125, 0.3544921875, 0.8310546875, -100.3125, -53.0625, -88.3125
-4287, -3379, 1413, 15383, -1991, -1015, -1265, -714, 415, 1778, 0.2913117091521656, -0.34919635609759986, 2.5462592795010743, -0.3486328125, 0.20263671875, 0.8681640625, -124.4375, -63.4375, -79.0625
-4111, -3094, 1141, 15513, -1674, -1318, -1283, -468, 152, 1808, 0.24180194793618215, -0.3285375023243013, 2.5832044779876657, -0.228515625, 0.07421875, 0.8828125, -104.625, -82.375, -80.1875
-3898, -2810, 947, 15634, -1132, -1246, -1401, -218, 175, 1891, 0.2025558132967966, -0.3044959616059329, 2.621659161616927, -0.1064453125, 0.08544921875, 0.92333984375, -70.75, -77.875, -87.5625
-3685, -2591, 810, 15731, -837, -973, -1356, -196, 289, 1790, 0.17394535974971298, -0.285293922728021, 2.656299438457658, -0.095703125, 0.14111328125, 0.8740234375, -52.3125, -60.8125, -84.75
-3483, -2418, 644, 15812, -989, -713, -1317, -254, 331, 1833, 0.14438801439057766, -0.2714712627326165, 2.6881693627132126, -0.1240234375, 0.16162109375, 0.89501953125, -61.8125, -44.5625, -82.3125
-3287, -2247, 423, 15887, -1227, -668, -1302, -323, 167, 1897, 0.10892534596299847, -0.25848088109696454, 2.7193715174513553, -0.15771484375, 0.08154296875, 0.92626953125, -76.6875, -41.75, -81.375
-3080, -2073, 219, 15956, -1067, -721, -1315, -334, -16, 1947, 0.07592230470859149, -0.24382444663516512, 2.7509000953634737, -0.1630859375, -0.0078125, 0.95068359375, -66.6875, -45.0625, -82.1875
-2870, -1910, 85, 16016, -675, -656, -1279, -166, -52, 1917, 0.05236426494435634, -0.22807199125028463, 2.780922896047878, -0.0810546875, -0.025390625, 0.93603515625, -42.1875, -41.0, -79.9375
-2653, -1792, -3, 16068, -464, -401, -1305, -47, 86, 1910, 0.0359062415805871, -0.21627228120328762, 2.8104188115673385, -0.02294921875, 0.0419921875, 0.9326171875, -29.0, -25.0625, -81.5625
-2429, -1728, -131, 16110, -671, -89, -1363, -100, 124, 1973, 0.015903156617637967, -0.21135058785882177, 2.8406081641330827, -0.048828125, 0.060546875, 0.96337890625, -41.9375, -5.5625, -85.1875
-2201, -1701, -313, 16143, -886, 99, -1388, -243, -24, 2018, -0.009973717323969932, -0.21128868987009528, 2.87163027735671, -0.11865234375, -0.01171875, 0.9853515625, -55.375, 6.1875, -86.75
-1974, -1686, -506, 16169, -852, 138, -1366, -301, -232, 2022, -0.03699793125600755, -0.21213933158118428, 2.902560543808169, -0.14697265625, -0.11328125, 0.9873046875, -53.25, 8.625, -85.375
-1746, -1678, -642, 16191, -555, 185, -1334, -230, -242, 2033, -0.0569262964109177, -0.21236532779806888, 2.9328086556112516, -0.1123046875, -0.1181640625, 0.99267578125, -34.6875, 11.5625, -83.375
-1511, -1694, -744, 16209, -420, 307, -1357, -213, -138, 1960, -0.07250461932153288, -0.21459753093343606, 2.9635048562543385, -0.10400390625, -0.0673828125, 0.95703125, -26.25, 19.1875, -84.8125
-1274, -1736, -869, 16218, -565, 442, -1383, -277, -113, 1960, -0.09083315485570971, -0.2197806620305511, 2.9948244819483043, -0.13525390625, -0.05517578125, 0.95703125, -35.3125, 27.625, -86.4375
-1036, -1794, -1024, 16220, -737, 522, -1395, -340, -133, 1975, -0.11302615289536182, -0.2266414260909189, 3.0268969760112365, -0.166015625, -0.06494140625, 0.96435546875, -46.0625, 32.625, -87.1875
-799, -1857, -1205, 16214, -829, 542, -1396, -381, -297, 1955, -0.13871451919283664, -0.23362532859123827, 3.059418491985628, -0.18603515625, -0.14501953125, 0.95458984375, -51.8125, 33.875, -87.25
-561, -1916, -1375, 16203, -702, 497, -1377, -433, -457, 1890, -0.16334502296398498, -0.23932825231506885, 3.092056544565053, -0.21142578125, -0.22314453125, 0.9228515625, -43.875, 31.0625, -86.0625
-328, -1967, -1497, 16193, -437, 441, -1318, -419, -490, 1832, -0.18214544259062834, -0.24336672217450736, 3.123422294405992, -0.20458984375, -0.2392578125, 0.89453125, -27.3125, 27.5625, -82.375
-101, -2013, -1575, 16183, -224, 426, -1260, -375, -451, 1761, -0.19549657794701814, -0.24638335686702614, -3.129791712057671, -0.18310546875, -0.22021484375, 0.85986328125, -14.0, 26.625, -78.75
121, -2066, -1646, 16169, -229, 466, -1236, -381, -412, 1768, -0.2080739712309626, -0.24999992841454474, -3.100384859583376, -0.18603515625, -0.201171875, 0.86328125, -14.3125, 29.125, -77.25
342, -2134, -1728, 16148, -292, 544, -1227, -413, -441, 1784, -0.2222990376092816, -0.2551004832913197, -3.0706055089718607, -0.20166015625, -0.21533203125, 0.87109375, -18.25, 34.0, -76.6875
552, -2213, -1818, 16122, -343, 581, -1176, -463, -478, 1764, -0.23770269175262387, -0.2613084292423433, -3.041755541803823, -0.22607421875, -0.2333984375, 0.861328125, -21.4375, 36.3125, -73.5
760, -2289, -1903, 16093, -281, 568, -1143, -463, -576, 1781, -0.2526625525968538, -0.2668357509567948, -3.013113054964678, -0.22607421875, -0.28125, 0.86962890625, -17.5625, 35.5, -71.4375
965, -2362, -1971, 16063, -184, 570, -1115, -454, -612, 1762, -0.26562319826052777, -0.271845807615535, -2.985027616397081, -0.2216796875, -0.298828125, 0.8603515625, -11.5, 35.625, -69.6875
1167, -2435, -2014, 16034, -56, 546, -1088, -505, -607, 1715, -0.27561237738681976, -0.2769052160306939, -2.957639097198038, -0.24658203125, -0.29638671875, 0.83740234375, -3.5, 34.125, -68.0
1358, -2510, -2048, 16003, -30, 551, -1017, -510, -597, 1689, -0.28451467012455883, -0.28228400796170877, -2.9315840415931085, -0.2490234375, -0.29150390625, 0.82470703125, -1.875, 34.4375, -63.5625
1535, -2583, -2077, 15971, -8, 547, -940, -500, -619, 1699, -0.292700340605401, -0.28755200087103383, -2.907258142867363, -0.244140625, -0.30224609375, 0.82958984375, -0.5, 34.1875, -58.75
1705, -2650, -2094, 15941, 59, 537, -884, -490, -648, 1738, -0.29932357491693384, -0.2922829852516193, -2.8840991770317914, -0.2392578125, -0.31640625, 0.8486328125, 3.6875, 33.5625, -55.25
1872, -2715, -2099, 15910, 108, 528, -858, -499, -645, 1763, -0.30448268590247207, -0.2968996324079001, -2.8614263403616333, -0.24365234375, -0.31494140625, 0.86083984375, 6.75, 33.0, -53.625
2031, -2774, -2100, 15881, 99, 481, -830, -517, -582, 1727, -0.3090197118256247, -0.3009730078755949, -2.839972128605989, -0.25244140625, -0.2841796875, 0.84326171875, 6.1875, 30.0625, -51.875
2178, -2828, -2113, 15850, 55, 445, -770, -520, -652, 1712, -0.31482560130581816, -0.30435188879628755, -2.8197901092827724, -0.25390625, -0.318359375, 0.8359375, 3.4375, 27.8125, -48.125
2314, -2878, -2117, 15821, 96, 409, -708, -531, -649, 1676, -0.3192910341166107, -0.30757426993954884, -2.8012007465865802, -0.25927734375, -0.31689453125, 0.818359375, 6.0, 25.5625, -44.25
2439, -2924, -2100, 15796, 198, 408, -625, -516, -640, 1710, -0.32088872896610926, -0.3109493454314468, -2.7844552121706703, -0.251953125, -0.3125, 0.8349609375, 12.375, 25.5, -39.0625
2557, -2975, -2081, 15770, 170, 448, -581, -513, -624, 1785, -0.32233735236449346, -0.31509223389808005, -2.768417604920953, -0.25048828125, -0.3046875, 0.87158203125, 10.625, 28.0, -36.3125
2680, -3023, -2057, 15744, 198, 439, -613, -528, -595, 1764, -0.32327200977362924, -0.31890873349676496, -2.7519252188071017, -0.2578125, -0.29052734375, 0.861328125, 12.375, 27.4375, -38.3125
2794, -3070, -2046, 15716, 128, 387, -579, -573, -617, 1731, -0.32570240444821363, -0.3224435083833686, -2.736227396974059, -0.27978515625, -0.30126953125, 0.84521484375, 8.0, 24.1875, -36.1875
2896, -3109, -2040, 15691, 88, 334, -530, -580, -609, 1757, -0.3283386493207552, -0.325146076468478, -2.722213788449881, -0.283203125, -0.29736328125, 0.85791015625, 5.5, 20.875, -33.125
2996, -3143, -2035, 15666, 88, 302, -525, -588, -608, 1725, -0.33093726684013747, -0.3272374583473114, -2.7085115529336337, -0.287109375, -0.296875, 0.84228515625, 5.5, 18.875, -32.8125
3093, -3179, -2030, 15641, 63, 305, -515, -613, -598, 1786, -0.33360598210517145, -0.32961908531449285, -2.695138696217568, -0.29931640625, -0.2919921875, 0.8720703125, 3.9375, 19.0625, -32.1875
3185, -3214, -2022, 15616, 94, 284, -484, -653, -621, 1754, -0.3357995569193098, -0.33202814140236503, -2.6823824259027145, -0.31884765625, -0.30322265625, 0.8564453125, 5.875, 17.75, -30.25
3279, -3245, -2007, 15592, 135, 284, -482, -640, -647, 1812, -0.3370665233900478, -0.3341199910710604, -2.6696307969409045, -0.3125, -0.31591796875, 0.884765625, 8.4375, 17.75, -30.125
3377, -3269, -1989, 15568, 143, 242, -519, -643, -578, 1750, -0.33781298281894995, -0.3353809756988154, -2.656593458724203, -0.31396484375, -0.2822265625, 0.8544921875, 8.9375, 15.125, -32.4375
3471, -3292, -1970, 15545, 111, 236, -512, -646, -509, 1759, -0.3383536989168533, -0.3366541895372343, -2.6441361479618974, -0.3154296875, -0.24853515625, 0.85888671875, 6.9375, 14.75, -32.0
3563, -3326, -1984, 15515, -68, 246, -532, -690, -562, 1764, -0.34342569358865055, -0.3382146307515339, -2.6308573929023864, -0.3369140625, -0.2744140625, 0.861328125, -4.25, 15.375, -33.25
3653, -3361, -1998, 15485, -39, 237, -521, -724, -631, 1768, -0.3485460213848094, -0.3398933999661726, -2.617803758312415, -0.353515625, -0.30810546875, 0.86328125, -2.4375, 14.8125, -32.5625
3742, -3385, -1996, 15459, 71, 186, -488, -715, -659, 1743, -0.35123565652540983, -0.34078885363319833, -2.6055399214132042, -0.34912109375, -0.32177734375, 0.85107421875, 4.4375, 11.625, -30.5
3834, -3401, -1991, 15434, 55, 161, -526, -704, -554, 1739, -0.35330041388495764, -0.3407719128441807, -2.5932252027177967, -0.34375, -0.2705078125, 0.84912109375, 3.4375, 10.0625, -32.875
3928, -3427, -2004, 15402, -48, 189, -562, -720, -577, 1706, -0.3580699400393102, -0.3411940953210576, -2.5797790369592826, -0.3515625, -0.28173828125, 0.8330078125, -3.0, 11.8125, -35.125
4020, -3467, -2049, 15364, -215, 204, -585, -745, -629, 1683, -0.36742373600746314, -0.3421356285461071, -2.5655781623949916, -0.36376953125, -0.30712890625, 0.82177734375, -13.4375, 12.75, -36.5625
4104, -3504, -2129, 15322, -366, 138, -572, -767, -758, 1692, -0.3807862854307171, -0.3415098129850023, -2.5516877004228493, -0.37451171875, -0.3701171875, 0.826171875, -22.875, 8.625, -35.75
4166, -3532, -2209, 15288, -323, 58, -442, -767, -875, 1683, -0.393277811320885, -0.3402737900248973, -2.541080923809743, -0.37451171875, -0.42724609375, 0.82177734375, -20.1875, 3.625, -27.625
4215, -3527, -2250, 15269, -77, -82, -325, -753, -885, 1654, -0.39909132506356665, -0.3369205587927501, -2.5340777355874895, -0.36767578125, -0.43212890625, 0.8076171875, -4.8125, -5.125, -20.3125
4242, -3504, -2261, 15266, 67, -147, -167, -710, -859, 1718, -0.3999018248565912, -0.3332195862981242, -2.5313878580398694, -0.3466796875, -0.41943359375, 0.8388671875, 4.1875, -9.1875, -10.4375
4271, -3467, -2256, 15267, 160, -158, -155, -627, -818, 1728, -0.3980961263690524, -0.3284488852945146, -2.5291917190653113, -0.30615234375, -0.3994140625, 0.84375, 10.0, -9.875, -9.6875
4298, -3427, -2244, 15270, 193, -162, -138, -594, -781, 1681, -0.39524583092765847, -0.32365334615127256, -2.5274726201969235, -0.2900390625, -0.38134765625, 0.82080078125, 12.0625, -10.125, -8.625
4313, -3398, -2250, 15271, 53, -156, -98, -601, -731, 1646, -0.3948755011750507, -0.31973470592258063, -2.526522322245911, -0.29345703125, -0.35693359375, 0.8037109375, 3.3125, -9.75, -6.125
4311, -3373, -2266, 15275, -16, -169, -12, -609, -774, 1690, -0.3955875183026002, -0.316340165581509, -2.527501734909156, -0.29736328125, -0.3779296875, 0.8251953125, -1.0, -10.5625, -0.75
4317, -3346, -2280, 15277, -10, -126, -47, -549, -762, 1747, -0.39611430805104497, -0.31258129838852017, -2.5275145645320567, -0.26806640625, -0.3720703125, 0.85302734375, -0.625, -7.875, -2.9375
4320, -3329, -2278, 15280, 42, -98, -28, -620, -722, 1722, -0.3951152182788745, -0.31064067663690964, -2.527801315572962, -0.302734375, -0.3525390625, 0.8408203125, 2.625, -6.125, -1.75
4317, -3309, -2280, 15285, 11, -144, -7, -639, -694, 1691, -0.3943507024372523, -0.3083655342368856, -2.5289347869023606, -0.31201171875, -0.3388671875, 0.82568359375, 0.6875, -9.0, -0.4375
4305, -3277, -2293, 15294, -13, -221, 32, -626, -746, 1731, -0.3941986270588001, -0.3045501546007925, -2.5315561477577315, -0.3056640625, -0.3642578125, 0.84521484375, -0.8125, -13.8125, 2.0
4294, -3231, -2303, 15305, 17, -274, 25, -583, -744, 1768, -0.3930416824789198, -0.2991993250920265, -2.534506033589373, -0.28466796875, -0.36328125, 0.86328125, 1.0625, -17.125, 1.5625
4290, -3175, -2318, 15315, 2, -316, -19, -569, -745, 1820, -0.39217625415698143, -0.2923415345238014, -2.5368101998507377, -0.27783203125, -0.36376953125, 0.888671875, 0.125, -19.75, -1.1875
4281, -3114, -2350, 15326, -84, -384, -21, -589, -764, 1864, -0.3931039369611208, -0.2844449339160803, -2.5398032272039046, -0.28759765625, -0.373046875, 0.91015625, -5.25, -24.0, -1.3125
4262, -3029, -2388, 15342, -113, -551, -2, -599, -715, 1856, -0.3935134878870104, -0.2738145855075606, -2.544704994816781, -0.29248046875, -0.34912109375, 0.90625, -7.0625, -34.4375, -0.125
4242, -2917, -2451, 15360, -197, -730, -40, -558, -708, 1821, -0.39582762897068235, -0.25925385491711317, -2.5504228818444035, -0.2724609375, -0.345703125, 0.88916015625, -12.3125, -45.625, -2.5
4216, -2787, -2539, 15376, -300, -881, -54, -551, -748, 1819, -0.4003735372821297, -0.24187647770224951, -2.556987801101851, -0.26904296875, -0.365234375, 0.88818359375, -18.75, -55.0625, -3.375
4183, -2628, -2633, 15398, -277, -1034, -33, -472, -769, 1803, -0.4045057689059274, -0.2212356071497482, -2.5655332868500205, -0.23046875, -0.37548828125, 0.88037109375, -17.3125, -64.625, -2.0625
4145, -2457, -2726, 15420, -272, -1058, 4, -326, -737, 1752, -0.40817041087939854, -0.19941257222292405, -2.5749670599939707, -0.1591796875, -0.35986328125, 0.85546875, -17.0, -66.125, 0.25
4079, -2311, -2821, 15443, -313, -955, 179, -282, -780, 1700, -0.4130296138689994, -0.1811585643487164, -2.587042064285286, -0.1376953125, -0.380859375, 0.830078125, -19.5625, -59.6875, 11.1875
4000, -2187, -2915, 15464, -331, -847, 274, -256, -835, 1727, -0.41874583226716855, -0.16586258301001794, -2.5999925570432447, -0.125, -0.40771484375, 0.84326171875, -20.6875, -52.9375, 17.125
3901, -2080, -2993, 15489, -254, -761, 418, -234, -902, 1724, -0.42321613242859757, -0.1536494070023744, -2.6150215974191404, -0.1142578125, -0.4404296875, 0.841796875, -15.875, -47.5625, 26.125
3788, -1992, -3055, 15517, -212, -665, 517, -244, -900, 1757, -0.4265453949001143, -0.14457894560798928, -2.631340128597752, -0.119140625, -0.439453125, 0.85791015625, -13.25, -41.5625, 32.3125
3666, -1911, -3090, 15549, -99, -607, 591, -231, -854, 1721, -0.4269293757487408, -0.13741996137533682, -2.6486261261557202, -0.11279296875, -0.4169921875, 0.84033203125, -6.1875, -37.9375, 36.9375
3540, -1848, -3116, 15581, -76, -525, 629, -256, -834, 1703, -0.4269694157515444, -0.132734439670115, -2.66593982926568, -0.125, -0.4072265625, 0.83154296875, -4.75, -32.8125, 39.3125
3405, -1794, -3149, 15611, -158, -518, 660, -297, -790, 1695, -0.4281995364664681, -0.12913285188826565, -2.683967222190586, -0.14501953125, -0.3857421875, 0.82763671875, -9.875, -32.375, 41.25
3265, -1735, -3201, 15637, -243, -582, 667, -316, -831, 1707, -0.4316619971101622, -0.12458978872363748, -2.7025535304350417, -0.154296875, -0.40576171875, 0.83349609375, -15.1875, -36.375, 41.6875
3123, -1655, -3244, 15666, -174, -687, 665, -299, -830, 1707, -0.43352229458059605, -0.117964395905346, -2.7220533751096165, -0.14599609375, -0.4052734375, 0.83349609375, -10.875, -42.9375, 41.5625
2980, -1559, -3282, 15695, -129, -746, 664, -250, -847, 1734, -0.4344726375886783, -0.10965482764965281, -2.742062025394467, -0.1220703125, -0.41357421875, 0.8466796875, -8.0625, -46.625, 41.5
2844, -1455, -3310, 15725, -72, -768, 620, -224, -833, 1742, -0.43427669595138807, -0.10050036481587775, -2.7615566177282274, -0.109375, -0.40673828125, 0.8505859375, -4.5, -48.0, 38.75
2712, -1350, -3330, 15753, -52, -752, 604, -180, -793, 1765, -0.43329872322931745, -0.09128899216547268, -2.7804955181635918, -0.087890625, -0.38720703125, 0.86181640625, -3.25, -47.0, 37.75
2584, -1244, -3370, 15775, -186, -761, 565, -164, -770, 1815, -0.43502426142529593, -0.08142061750685764, -2.798860705409262, -0.080078125, -0.3759765625, 0.88623046875, -11.625, -47.5625, 35.3125
2454, -1141, -3399, 15797, -113, -731, 597, -119, -813, 1814, -0.43566670652145595, -0.0722084264538837, -2.817357711613222, -0.05810546875, -0.39697265625, 0.8857421875, -7.0625, -45.6875, 37.3125
2321, -1045, -3431, 15817, -148, -674, 622, -70, -806, 1825, -0.4370448041060685, -0.06386070451294437, -2.8359958483412635, -0.0341796875, -0.3935546875, 0.89111328125, -9.25, -42.125, 38.875
2192, -955, -3454, 15836, -95, -643, 604, -71, -820, 1843, -0.43763449924660264, -0.05629809872322604, -2.8539694634094794, -0.03466796875, -0.400390625, 0.89990234375, -5.9375, -40.1875, 37.75
2067, -863, -3478, 15853, -88, -657, 576, -79, -854, 1824, -0.43850765730654234, -0.048388892583929644, -2.8714954554719694, -0.03857421875, -0.4169921875, 0.890625, -5.5, -41.0625, 36.0
1943, -767, -3489, 15871, -29, -660, 574, -33, -804, 1825, -0.43787441412037986, -0.04019873577096527, -2.889000266090566, -0.01611328125, -0.392578125, 0.89111328125, -1.8125, -41.25, 35.875
1821, -672, -3503, 15887, -67, -632, 572, 12, -766, 1811, -0.43783052786179755, -0.032021369334814434, -2.9062199640991278, 0.005859375, -0.3740234375, 0.88427734375, -4.1875, -39.5, 35.75
1706, -591, -3525, 15898, -111, -560, 546, 19, -797, 1801, -0.43916237661820223, -0.025201037631055082, -2.922164802784292, 0.00927734375, -0.38916015625, 0.87939453125, -6.9375, -35.0, 34.125
1590, -524, -3555, 15905, -141, -508, 553, -2, -847, 1793, -0.44180251896509853, -0.019982073252061767, -2.937809900453858, -0.0009765625, -0.41357421875, 0.87548828125, -8.8125, -31.75, 34.5625
1476, -455, -3590, 15911, -155, -514, 539, 0, -880, 1807, -0.44519045548781516, -0.014459584856217495, -2.9533158540851536, 0.0, -0.4296875, 0.88232421875, -9.6875, -32.125, 33.6875
1361, -388, -3615, 15917, -106, -500, 554, 26, -882, 1791, -0.44744287973263475, -0.009356434066818572, -2.968857752175791, 0.0126953125, -0.4306640625, 0.87451171875, -6.625, -31.25, 34.625
1247, -327, -3631, 15924, -64, -455, 556, 43, -863, 1787, -0.4487493652687307, -0.005061133951126513, -2.984128411433482, 0.02099609375, -0.42138671875, 0.87255859375, -4.0, -28.4375, 34.75
1130, -272, -3644, 15931, -26, -441, 573, 14, -895, 1753, -0.44983542856856956, -0.0016056902155802352, -2.99959589694046, 0.0068359375, -0.43701171875, 0.85595703125, -1.625, -27.5625, 35.8125
1013, -219, -3652, 15938, -18, -426, 583, 33, -872, 1759, -0.45039309329969857, 0.00155757430589824, -3.0150005975342036, 0.01611328125, -0.42578125, 0.85888671875, -1.125, -26.625, 36.4375
892, -172, -3663, 15943, -43, -386, 608, 57, -852, 1746, -0.45143433781102776, 0.003913054915612093, -3.03070368176234, 0.02783203125, -0.416015625, 0.8525390625, -2.6875, -24.125, 38.0
767, -140, -3681, 15946, -73, -313, 653, 57, -890, 1741, -0.4535208594509005, 0.0044024654383729, -3.04648184227871, 0.02783203125, -0.4345703125, 0.85009765625, -4.5625, -19.5625, 40.8125
640, -123, -3700, 15947, -72, -237, 678, 37, -935, 1758, -0.45582604957765077, 0.003028807204559941, -3.0620682897671303, 0.01806640625, -0.45654296875, 0.8583984375, -4.5, -14.8125, 42.375
502, -116, -3698, 15953, 70, -216, 739, -7, -968, 1755, -0.45557004165607284, 4.357099534459664e-05, -3.078689442797505, -0.00341796875, -0.47265625, 0.85693359375, 4.375, -13.5, 46.1875
354, -114, -3681, 15960, 136, -210, 803, -32, -936, 1754, -0.4533955568063253, -0.003847235991138255, -3.096347093515514, -0.015625, -0.45703125, 0.8564453125, 8.5, -13.125, 50.1875
198, -113, -3659, 15968, 142, -197, 849, -8, -905, 1773, -0.45059159434696355, -0.008045983700784198, -3.114948229482174, -0.00390625, -0.44189453125, 0.86572265625, 8.875, -12.3125, 53.0625
35, -112, -3643, 15973, 112, -201, 893, -15, -891, 1759, -0.4484964608933607, -0.0123792397698198, -3.1343860732527, -0.00732421875, -0.43505859375, 0.85888671875, 7.0, -12.5625, 55.8125
-136, -114, -3635, 15974, 55, -202, 937, -26, -890, 1772, -0.4473457299348656, -0.01725190027400379, 3.1284895028494426, -0.0126953125, -0.4345703125, 0.865234375, 3.4375, -12.625, 58.5625
-314, -115, -3628, 15973, 63, -216, 975, -48, -908, 1756, -0.4462684163535758, -0.022175393463446987, 3.1073112317031284, -0.0234375, -0.443359375, 0.857421875, 3.9375, -13.5, 60.9375
-506, -111, -3620, 15970, 80, -258, 1043, -51, -936, 1759, -0.44501198059340036, -0.02685802710379741, 3.0843184010093845, -0.02490234375, -0.45703125, 0.85888671875, 5.0, -16.125, 65.1875
-704, -99, -3596, 15968, 160, -303, 1073, -29, -910, 1758, -0.4417299956444742, -0.030644683017128017, 3.060348986206935, -0.01416015625, -0.4443359375, 0.8583984375, 10.0, -18.9375, 67.0625
-908, -85, -3560, 15966, 207, -307, 1109, -13, -865, 1739, -0.43692817908600434, -0.0342017777995955, 3.0355613384908002, -0.00634765625, -0.42236328125, 0.84912109375, 12.9375, -19.1875, 69.3125
-1116, -75, -3520, 15962, 205, -284, 1144, 0, -809, 1749, -0.4315760306287632, -0.03819701497145076, 3.010357893277323, 0.0, -0.39501953125, 0.85400390625, 12.8125, -17.75, 71.5
-1329, -75, -3492, 15952, 165, -235, 1178, -25, -859, 1743, -0.4275913138511401, -0.04350475771560779, 2.9847969462992716, -0.01220703125, -0.41943359375, 0.85107421875, 10.3125, -14.6875, 73.625
-1545, -80, -3467, 15938, 144, -229, 1203, -64, -859, 1775, -0.4238565595173975, -0.04942906032876337, 2.9589561928278667, -0.03125, -0.41943359375, 0.86669921875, 9.0, -14.3125, 75.1875
-1768, -76, -3432, 15922, 205, -286, 1224, -73, -891, 1809, -0.4188729288164097, -0.05425080054852746, 2.931939512955605, -0.03564453125, -0.43505859375, 0.88330078125, 12.8125, -17.875, 76.5
-1994, -66, -3383, 15906, 254, -314, 1247, -50, -810, 1763, -0.41218545601514184, -0.05811369088897449, 2.904315899249149, -0.0244140625, -0.3955078125, 0.86083984375, 15.875, -19.625, 77.9375
-2222, -55, -3337, 15886, 211, -312, 1259, -32, -765, 1781, -0.4058604006049536, -0.061793783898315066, 2.8763761712456706, -0.015625, -0.37353515625, 0.86962890625, 13.1875, -19.5, 78.6875
-2454, -46, -3298, 15860, 171, -309, 1281, -60, -766, 1790, -0.40032037485261596, -0.06578280415876823, 2.8479251013801106, -0.029296875, -0.3740234375, 0.8740234375, 10.6875, -19.3125, 80.0625
-2688, -38, -3258, 15830, 183, -309, 1296, -79, -780, 1815, -0.394593112212182, -0.06978694410663812, 2.8191430372507917, -0.03857421875, -0.380859375, 0.88623046875, 11.4375, -19.3125, 81.0
-2927, -31, -3227, 15794, 164, -311, 1332, -108, -840, 1830, -0.3899072081441293, -0.07408960296732765, 2.789736004839832, -0.052734375, -0.41015625, 0.8935546875, 10.25, -19.4375, 83.25
-3171, -12, -3179, 15756, 237, -404, 1341, -125, -824, 1831, -0.3833208437741939, -0.07658994371960576, 2.7592252743226813, -0.06103515625, -0.40234375, 0.89404296875, 14.8125, -25.25, 83.8125
-3422, 8, -3106, 15718, 349, -420, 1390, -69, -740, 1778, -0.3737013254305286, -0.07833344470885537, 2.7276438579565645, -0.03369140625, -0.361328125, 0.8681640625, 21.8125, -26.25, 86.875
-3677, 25, -3041, 15674, 296, -377, 1428, -39, -709, 1791, -0.3650208508349584, -0.08047791542605356, 2.695613780114138, -0.01904296875, -0.34619140625, 0.87451171875, 18.5, -23.5625, 89.25
-3931, 33, -2991, 15621, 223, -319, 1435, -65, -744, 1867, -0.3579002899542278, -0.08385863228559706, 2.6636790689078995, -0.03173828125, -0.36328125, 0.91162109375, 13.9375, -19.9375, 89.6875
-4193, 40, -2928, 15565, 298, -362, 1478, -118, -718, 1823, -0.3491484148747645, -0.08694231230471398, 2.630638758037642, -0.0576171875, -0.3505859375, 0.89013671875, 18.625, -22.625, 92.375
-4457, 52, -2857, 15505, 328, -397, 1493, -101, -686, 1797, -0.3395776197346927, -0.0889833554989086, 2.597039170052107, -0.04931640625, -0.3349609375, 0.87744140625, 20.5, -24.8125, 93.3125
-4721, 62, -2790, 15439, 301, -359, 1510, -69, -658, 1804, -0.33044001356133745, -0.09113024588324506, 2.563294266421519, -0.03369140625, -0.3212890625, 0.880859375, 18.8125, -22.4375, 94.375
-4980, 61, -2715, 15370, 327, -309, 1492, -82, -597, 1845, -0.3199927252390989, -0.09388950651932398, 2.5300392917098935, -0.0400390625, -0.29150390625, 0.90087890625, 20.4375, -19.3125, 93.25
-5237, 56, -2636, 15299, 373, -325, 1484, -139, -620, 1868, -0.30896352463023524, -0.09662029081451086, 2.497038484279967, -0.06787109375, -0.302734375, 0.912109375, 23.3125, -20.3125, 92.75
-5494, 44, -2541, 15224, 444, -324, 1486, -160, -539, 1827, -0.29574678576485314, -0.09918371998729274, 2.4636638775771895, -0.078125, -0.26318359375, 0.89208984375, 27.75, -20.25, 92.875
-5746, 39, -2453, 15146, 395, -339, 1468, -153, -523, 1837, -0.28369243885320483, -0.10078499421674846, 2.4307998800930926, -0.07470703125, -0.25537109375, 0.89697265625, 24.6875, -21.1875, 91.75
-5993, 30, -2367, 15064, 391, -300, 1451, -139, -504, 1856, -0.2717416061949101, -0.10250202874275965, 2.3983594200032874, -0.06787109375, -0.24609375, 0.90625, 24.4375, -18.75, 90.6875
-6237, 15, -2274, 14978, 431, -285, 1447, -149, -470, 1834, -0.25872873505738114, -0.10418558120678625, 2.365953002614526, -0.07275390625, -0.2294921875, 0.8955078125, 26.9375, -17.8125, 90.4375
-6472, -11, -2171, 14894, 526, -234, 1408, -138, -476, 1876, -0.24416155735611458, -0.10610560512382422, 2.334770075090559, -0.0673828125, -0.232421875, 0.916015625, 32.875, -14.625, 88.0
-6698, -52, -2048, 14811, 628, -204, 1371, -158, -403, 1909, -0.22665170695951653, -0.10815231598479638, 2.3044719762158152, -0.0771484375, -0.19677734375, 0.93212890625, 39.25, -12.75, 85.6875
-6917, -92, -1923, 14727, 646, -244, 1327, -232, -363, 1881, -0.20901879585860925, -0.10941594602673187, 2.2748817580122194, -0.11328125, -0.17724609375, 0.91845703125, 40.375, -15.25, 82.9375
-7130, -129, -1793, 14641, 648, -246, 1301, -184, -317, 1892, -0.1910326292148097, -0.10953965099489746, 2.245705701199776, -0.08984375, -0.15478515625, 0.923828125, 40.5, -15.375, 81.3125
-7331, -158, -1679, 14555, 531, -228, 1233, -165, -250, 1911, -0.1753804030031557, -0.10905740299326712, 2.2180226342845417, -0.08056640625, -0.1220703125, 0.93310546875, 33.1875, -14.25, 77.0625
-7521, -187, -1581, 14468, 461, -198, 1179, -201, -253, 1959, -0.16160208039210808, -0.10896579824211562, 2.1916061692130566, -0.09814453125, -0.12353515625, 0.95654296875, 28.8125, -12.375, 73.6875
-7705, -206, -1489, 14381, 428, -244, 1146, -231, -256, 1948, -0.14912972267778807, -0.10775928220922, 2.165948600033043, -0.11279296875, -0.125, 0.951171875, 26.75, -15.25, 71.625
-7877, -217, -1394, 14296, 419, -275, 1082, -198, -238, 1957, -0.13692555218830652, -0.10511829632726925, 2.1415268805930725, -0.0966796875, -0.1162109375, 0.95556640625, 26.1875, -17.1875, 67.625
-8042, -215, -1310, 14213, 320, -287, 1030, -158, -182, 1911, -0.12683015416015578, -0.10143330950191426, 2.1182548558205276, -0.0771484375, -0.0888671875, 0.93310546875, 20.0, -17.9375, 64.375
-8196, -203, -1246, 14130, 218, -285, 978, -167, -222, 1930, -0.11963193059119498, -0.09761304995138376, 2.096178669579883, -0.08154296875, -0.1083984375, 0.9423828125, 13.625, -17.8125, 61.125
-8345, -195, -1168, 14050, 308, -303, 942, -165, -208, 1920, -0.11084947113986009, -0.09316796794813853, 2.0748739635653366, -0.08056640625, -0.1015625, 0.9375, 19.25, -18.9375, 58.875
-8486, -185, -1097, 13971, 250, -285, 903, -141, -169, 1957, -0.10307949214179134, -0.08873193466678272, 2.0544960988083574, -0.06884765625, -0.08251953125, 0.95556640625, 15.625, -17.8125, 56.4375
-8620, -170, -1034, 13893, 216, -280, 866, -126, -186, 1944, -0.09660336771574048, -0.08410359152773857, 2.034951823510704, -0.0615234375, -0.0908203125, 0.94921875, 13.5, -17.5, 54.125
-8747, -156, -979, 13818, 187, -249, 822, -117, -176, 1954, -0.09103968068893364, -0.07994732248608008, 2.0165335551444414, -0.05712890625, -0.0859375, 0.9541015625, 11.6875, -15.5625, 51.375
-8868, -143, -929, 13744, 190, -225, 792, -110, -218, 1956, -0.08603688275533834, -0.07609738909877042, 1.9988008624754723, -0.0537109375, -0.1064453125, 0.955078125, 11.875, -14.0625, 49.5
-8983, -140, -870, 13673, 275, -203, 765, -101, -224, 1958, -0.07955142729602416, -0.0725535394586465, 1.9818902058171017, -0.04931640625, -0.109375, 0.9560546875, 17.1875, -12.6875, 47.8125
-9093, -152, -800, 13604, 348, -169, 732, -100, -155, 1939, -0.07102026327012402, -0.06966120060779828, 1.9655846862260082, -0.048828125, -0.07568359375, 0.94677734375, 21.75, -10.5625, 45.75
-9201, -167, -735, 13535, 341, -143, 724, -109, -154, 1980, -0.06285523236788282, -0.06727792685210286, 1.9495942495739054, -0.05322265625, -0.0751953125, 0.966796875, 21.3125, -8.9375, 45.25
-9307, -188, -666, 13466, 371, -136, 719, -120, -130, 2002, -0.05392332312957817, -0.0650900417266203, 1.9338170028652653, -0.05859375, -0.0634765625, 0.9775390625, 23.1875, -8.5, 44.9375
-9411, -209, -594, 13397, 394, -135, 706, -93, -121, 1973, -0.044738210523073495, -0.06255195209816318, 1.918254675440353, -0.04541015625, -0.05908203125, 0.96337890625, 24.625, -8.4375, 44.125
-9513, -239, -517, 13327, 446, -113, 704, -92, -109, 1982, -0.03446493124890866, -0.060411580327436654, 1.902742482002823, -0.044921875, -0.05322265625, 0.9677734375, 27.875, -7.0625, 44.0
-9615, -278, -434, 13256, 512, -91, 712, -89, -96, 1990, -0.022990244924019743, -0.058580743017049054, 1.8872146246327466, -0.04345703125, -0.046875, 0.9716796875, 32.0, -5.6875, 44.5
-9717, -327, -339, 13183, 567, -85, 718, -91, -19, 1993, -0.009638639797807215, -0.05669131205169066, 1.8714896072011111, -0.04443359375, -0.00927734375, 0.97314453125, 35.4375, -5.3125, 44.875
-9821, -375, -249, 13107, 547, -82, 736, -99, 0, 1980, 0.0031282342529228503, -0.05486792655627822, 1.8554535731332238, -0.04833984375, 0.0, 0.966796875, 34.1875, -5.125, 46.0
-9924, -417, -169, 13028, 490, -68, 738, -85, 11, 1975, 0.014449406446729974, -0.05299718173808008, 1.8391933470318875, -0.04150390625, 0.00537109375, 0.96435546875, 30.625, -4.25, 46.125
-10027, -462, -88, 12949, 515, -64, 740, -93, 7, 1949, 0.02606165163902255, -0.05116917631128316, 1.823134685343906, -0.04541015625, 0.00341796875, 0.95166015625, 32.1875, -4.0, 46.25
-10128, -510, -1, 12868, 577, -70, 742, -83, -6, 1954, 0.038444047855496294, -0.04899083056129667, 1.8069891950086756, -0.04052734375, -0.0029296875, 0.9541015625, 36.0625, -4.375, 46.375
-10229, -574, 107, 12786, 698, -69, 746, -77, 63, 1958, 0.054023576009667534, -0.046543152394891256, 1.790905843694616, -0.03759765625, 0.03076171875, 0.9560546875, 43.625, -4.3125, 46.625
-10328, -644, 223, 12701, 743, -58, 748, -46, 131, 1947, 0.07078489431128236, -0.04379584604687427, 1.7746524938593542, -0.0224609375, 0.06396484375, 0.95068359375, 46.4375, -3.625, 46.75
-10425, -710, 329, 12615, 679, -51, 741, -67, 158, 1941, 0.08624970651732693, -0.04118970113562132, 1.7585377213578637, -0.03271484375, 0.0771484375, 0.94775390625, 42.4375, -3.1875, 46.3125
-10519, -772, 429, 12530, 660, -49, 725, -55, 157, 1910, 0.10079834072991792, -0.03845826773344981, 1.742894156004061, -0.02685546875, 0.07666015625, 0.9326171875, 41.25, -3.0625, 45.3125
-10609, -836, 530, 12446, 661, -43, 706, -47, 198, 1905, 0.11555720684558213, -0.03563685973626035, 1.727749973363023, -0.02294921875, 0.0966796875, 0.93017578125, 41.3125, -2.6875, 44.125
-10695, -901, 630, 12363, 658, -25, 678, -26, 238, 1916, 0.13026345110693366, -0.03279747176327665, 1.7130841579151854, -0.0126953125, 0.1162109375, 0.935546875, 41.125, -1.5625, 42.375
-10775, -967, 728, 12283, 685, -18, 644, -21, 205, 1892, 0.14482494004291585, -0.030056151376094565, 1.6992391453206015, -0.01025390625, 0.10009765625, 0.923828125, 42.8125, -1.125, 40.25
-10846, -1046, 832, 12207, 748, 1, 589, -27, 260, 1908, 0.16095241213525494, -0.027903437435841782, 1.686475113892761, -0.01318359375, 0.126953125, 0.931640625, 46.75, 0.0625, 36.8125
-10907, -1125, 936, 12138, 729, 1, 522, -24, 329, 1878, 0.17705033178221832, -0.025679743331398105, 1.67524979965412, -0.01171875, 0.16064453125, 0.9169921875, 45.5625, 0.0625, 32.625
-10960, -1197, 1026, 12076, 636, 16, 459, -22, 357, 1839, 0.19127616140196121, -0.023918733732330118, 1.665323038876742, -0.0107421875, 0.17431640625, 0.89794921875, 39.75, 1.0, 28.6875
-11005, -1261, 1099, 12022, 568, 44, 395, -9, 327, 1831, 0.2032821867097196, -0.022839855540556037, 1.6567440918050569, -0.00439453125, 0.15966796875, 0.89404296875, 35.5, 2.75, 24.6875
-11041, -1336, 1175, 11974, 645, 74, 327, -13, 310, 1832, 0.21646835343483814, -0.022533125613133965, 1.6494198931423838, -0.00634765625, 0.1513671875, 0.89453125, 40.3125, 4.625, 20.4375
-11062, -1428, 1265, 11935, 791, 77, 235, -14, 286, 1766, 0.2323239175356913, -0.022724363922786685, 1.6440909326870674, -0.0068359375, 0.1396484375, 0.8623046875, 49.4375, 4.8125, 14.6875
-11066, -1546, 1380, 11903, 1053, 87, 140, -7, 216, 1776, 0.2525947237130324, -0.023329571126953018, 1.6406706974349647, -0.00341796875, 0.10546875, 0.8671875, 65.8125, 5.4375, 8.75
-11041, -1718, 1544, 11882, 1502, 105, -20, 10, 184, 1725, 0.2818164039654898, -0.025081075175194287, 1.6405277456851928, 0.0048828125, 0.08984375, 0.84228515625, 93.875, 6.5625, -1.25
-10984, -1976, 1772, 11863, 1958, 181, -167, 54, 482, 1716, 0.3241163803557881, -0.029640067180645963, 1.6428142237641172, 0.0263671875, 0.2353515625, 0.837890625, 122.375, 11.3125, -10.4375
-10915, -2241, 1969, 11849, 1833, 314, -262, 25, 762, 1677, 0.36433251330677113, -0.037723591844682526, 1.6458584567305559, 0.01220703125, 0.3720703125, 0.81884765625, 114.5625, 19.625, -16.375
-10839, -2467, 2098, 11852, 1405, 407, -381, -36, 677, 1562, 0.39514316099165536, -0.04843774367488198, 1.6503483216390022, -0.017578125, 0.33056640625, 0.7626953125, 87.8125, 25.4375, -23.8125
-10749, -2676, 2181, 11873, 1288, 512, -538, 2, 521, 1685, 0.4202966314497396, -0.06209264106204547, 1.6568059075993598, 0.0009765625, 0.25439453125, 0.82275390625, 80.5, 32.0, -33.625
-10630, -2925, 2294, 11900, 1494, 550, -698, -4, 702, 1598, 0.4515590280232933, -0.07773028786990181, 1.6655124280419316, -0.001953125, 0.3427734375, 0.7802734375, 93.375, 34.375, -43.625
-10498, -3174, 2397, 11933, 1404, 582, -792, 7, 882, 1590, 0.4818909910781062, -0.09485123013207747, 1.6752037825521522, 0.00341796875, 0.4306640625, 0.7763671875, 87.75, 36.375, -49.5
-10365, -3415, 2476, 11967, 1215, 634, -830, -32, 1034, 1523, 0.5093682477090214, -0.11351904124304525, 1.6844380101707437, -0.015625, 0.5048828125, 0.74365234375, 75.9375, 39.625, -51.875
-10232, -3631, 2520, 12009, 1042, 661, -881, -23, 870, 1397, 0.5314285201698863, -0.13316283616576344, 1.6939987655152988, -0.01123046875, 0.4248046875, 0.68212890625, 65.125, 41.3125, -55.0625
-10081, -3856, 2561, 12058, 1099, 699, -1000, -23, 880, 1433, 0.5538607793201984, -0.15468072885284515, 1.7049331113786306, -0.01123046875, 0.4296875, 0.69970703125, 68.6875, 43.6875, -62.5
-9917, -4108, 2632, 12095, 1322, 697, -993, -102, 998, 1447, 0.5814743234661582, -0.17663692531845263, 1.715083035966807, -0.0498046875, 0.4873046875, 0.70654296875, 82.625, 43.5625, -62.0625
-9746, -4379, 2715, 12120, 1395, 690, -970, -253, 1180, 1411, 0.6120582060027887, -0.1996057988308672, 1.7237933836167056, -0.12353515625, 0.576171875, 0.68896484375, 87.1875, 43.125, -60.625
-9578, -4641, 2778, 12143, 1332, 712, -951, -315, 1068, 1325, 0.6402222707048107, -0.22349568734656527, 1.731566012517638, -0.15380859375, 0.521484375, 0.64697265625, 83.25, 44.5, -59.4375
-9398, -4912, 2851, 12160, 1414, 716, -981, -318, 1056, 1204, 0.6703101660933856, -0.24792607461912927, 1.7389427330405267, -0.1552734375, 0.515625, 0.587890625, 88.375, 44.75, -61.3125
-9215, -5198, 2941, 12159, 1538, 767, -940, -358, 1219, 1258, 0.7038604561722703, -0.2723282947149826, 1.7439646176242414, -0.1748046875, 0.59521484375, 0.6142578125, 96.125, 47.9375, -58.75
-9044, -5494, 3034, 12135, 1634, 796, -761, -656, 1312, 1320, 0.739530435410939, -0.29661815421744914, 1.7449824312934232, -0.3203125, 0.640625, 0.64453125, 102.125, 49.75, -47.5625
-8860, -5797, 3182, 12092, 1918, 663, -649, -835, 1395, 1192, 0.7817978518363224, -0.3175238186490253, 1.745178735213042, -0.40771484375, 0.68115234375, 0.58203125, 119.875, 41.4375, -40.5625
-8664, -6097, 3349, 12041, 2019, 607, -647, -675, 1302, 970, 0.8262808979174002, -0.33714341140179566, 1.745238753246553, -0.32958984375, 0.6357421875, 0.4736328125, 126.1875, 37.9375, -40.4375
-8472, -6413, 3519, 11965, 2096, 735, -592, -501, 1379, 901, 0.873952544992462, -0.35711279143585617, 1.741208561898329, -0.24462890625, 0.67333984375, 0.43994140625, 131.0, 45.9375, -37.0
-8299, -6721, 3672, 11871, 1980, 811, -481, -689, 1667, 962, 0.920653510450156, -0.3762077144560285, 1.7332085794166843, -0.33642578125, 0.81396484375, 0.4697265625, 123.75, 50.6875, -30.0625
-8150, -6988, 3796, 11780, 1674, 732, -398, -942, 1788, 867, 0.9613414891099267, -0.39284698151245856, 1.7243144309525835, -0.4599609375, 0.873046875, 0.42333984375, 104.625, 45.75, -24.875
-8006, -7231, 3900, 11698, 1431, 609, -373, -936, 1604, 765, 0.998257259095552, -0.4088986621423095, 1.7161306341704838, -0.45703125, 0.783203125, 0.37353515625, 89.4375, 38.0625, -23.3125
-7865, -7473, 4020, 11600, 1492, 650, -358, -713, 1549, 617, 1.037611747609986, -0.42278272690575885, 1.706041583840526, -0.34814453125, 0.75634765625, 0.30126953125, 93.25, 40.625, -22.375
-7743, -7708, 4134, 11488, 1441, 728, -285, -742, 1708, 683, 1.076817371964943, -0.43482908202007714, 1.6930670306847697, -0.3623046875, 0.833984375, 0.33349609375, 90.0625, 45.5, -17.8125
-7640, -7925, 4218, 11379, 1194, 693, -189, -1024, 1860, 618, 1.1119600081938827, -0.4464696171769478, 1.6788409356126521, -0.5, 0.908203125, 0.3017578125, 74.625, 43.3125, -11.8125
-7554, -8096, 4273, 11295, 908, 537, -163, -1057, 1749, 564, 1.1390509082106879, -0.4565138394895813, 1.6673774215675716, -0.51611328125, 0.85400390625, 0.275390625, 56.75, 33.5625, -10.1875
-7480, -8251, 4339, 11206, 860, 513, -126, -865, 1697, 446, 1.1657276873075075, -0.463489289254993, 1.6557233167535303, -0.42236328125, 0.82861328125, 0.2177734375, 53.75, 32.0625, -7.875
-7413, -8407, 4399, 11111, 875, 582, -117, -855, 1727, 504, 1.1925438850238692, -0.4701255363281875, 1.6426282924878115, -0.41748046875, 0.84326171875, 0.24609375, 54.6875, 36.375, -7.3125
-7343, -8566, 4450, 11015, 848, 578, -83, -1095, 1851, 478, 1.2193304266248712, -0.47747489806055876, 1.628839374147657, -0.53466796875, 0.90380859375, 0.2333984375, 53.0, 36.125, -5.1875
-7271, -8710, 4481, 10937, 715, 508, -130, -1194, 1856, 432, 1.2424278309901926, -0.48589707136421073, 1.6169843679275238, -0.5830078125, 0.90625, 0.2109375, 44.6875, 31.75, -8.125
-7210, -8842, 4519, 10856, 664, 471, -83, -1102, 1826, 338, 1.2649861200211787, -0.4920312908549916, 1.6050923690756371, -0.5380859375, 0.8916015625, 0.1650390625, 41.5, 29.4375, -5.1875
-7162, -8964, 4547, 10775, 550, 490, -95, -999, 1803, 267, 1.2855838647209252, -0.4972350547525374, 1.592484684032873, -0.48779296875, 0.88037109375, 0.13037109375, 34.375, 30.625, -5.9375
-7125, -9080, 4562, 10696, 493, 524, -58, -1028, 1755, 298, 1.3044817488524996, -0.5022769081496469, 1.5792847343454908, -0.501953125, 0.85693359375, 0.1455078125, 30.8125, 32.75, -3.625
-7074, -9207, 4584, 10612, 598, 532, -63, -1132, 1774, 284, 1.3258847399912725, -0.5079133081206333, 1.5657643322053925, -0.552734375, 0.8662109375, 0.138671875, 37.375, 33.25, -3.9375
-7008, -9346, 4620, 10518, 704, 535, -92, -1113, 1836, 158, 1.3506887431557897, -0.5134371051427093, 1.5515923429711813, -0.54345703125, 0.896484375, 0.0771484375, 44.0, 33.4375, -5.75
-6948, -9479, 4642, 10429, 625, 545, -121, -1109, 1818, 134, 1.3737052139337285, -0.5192596810494035, 1.5372742085947504, -0.54150390625, 0.8876953125, 0.0654296875, 39.0625, 34.0625, -7.5625
-6894, -9605, 4665, 10339, 629, 547, -35, -1196, 1779, 172, 1.3961010939176057, -0.5239147221386775, 1.5229317100933808, -0.583984375, 0.86865234375, 0.083984375, 39.3125, 34.1875, -2.1875
-6842, -9720, 4694, 10252, 602, 488, -23, -1169, 1837, 104, 1.4175441132636235, -0.527252350979068, 1.5097115259669591, -0.57080078125, 0.89697265625, 0.05078125, 37.625, 30.5, -1.4375
-6802, -9819, 4712, 10176, 470, 442, -35, -1139, 1816, 88, 1.4356458694559258, -0.5301345733225556, 1.4976374298151374, -0.55615234375, 0.88671875, 0.04296875, 29.375, 27.625, -2.1875
-6761, -9910, 4727, 10108, 445, 397, -23, -1154, 1747, 73, 1.4523014531017528, -0.5331071864471231, 1.4867687918931203, -0.5634765625, 0.85302734375, 0.03564453125, 27.8125, 24.8125, -1.4375
-6727, -9993, 4753, 10037, 464, 380, 53, -1172, 1767, 73, 1.4687695393631532, -0.5341047497862, 1.47643503795218, -0.572265625, 0.86279296875, 0.03564453125, 29.0, 23.75, 3.3125
-6693, -10070, 4776, 9971, 434, 343, 90, -1263, 1773, 66, 1.4840501155726504, -0.535108228739559, 1.4667866389093394, -0.61669921875, 0.86572265625, 0.0322265625, 27.125, 21.4375, 5.625
-6657, -10134, 4804, 9917, 410, 248, 72, -1248, 1817, 33, 1.4975901659346047, -0.5357704990861102, 1.4597270870302852, -0.609375, 0.88720703125, 0.01611328125, 25.625, 15.5, 4.5
-6629, -10185, 4833, 9869, 345, 192, 100, -1224, 1801, 19, 1.5090278239877764, -0.5354166517620433, 1.453903122227608, -0.59765625, 0.87939453125, 0.00927734375, 21.5625, 12.0, 6.25
-6608, -10224, 4865, 9827, 310, 154, 133, -1184, 1775, 42, 1.5186688266197759, -0.5340789372804837, 1.4494905045016089, -0.578125, 0.86669921875, 0.0205078125, 19.375, 9.625, 8.3125
-6592, -10256, 4894, 9790, 270, 135, 131, -1188, 1823, 43, 1.526841240037201, -0.5325359572835495, 1.4457434600302057, -0.580078125, 0.89013671875, 0.02099609375, 16.875, 8.4375, 8.1875
-6586, -10279, 4913, 9760, 197, 128, 163, -1239, 1802, 82, 1.5325756045441314, -0.5309889011270448, 1.4423683350913379, -0.60498046875, 0.8798828125, 0.0400390625, 12.3125, 8.0, 10.1875
-6575, -10297, 4939, 9736, 200, 59, 131, -1197, 1845, 54, 1.5380260022723466, -0.5293622354350609, 1.4406561850224444, -0.58447265625, 0.90087890625, 0.0263671875, 12.5, 3.6875, 8.1875
-6569, -10302, 4960, 9724, 133, 7, 124, -1168, 1814, 68, 1.5407382785927037, -0.5277810641622547, 1.4405530896186411, -0.5703125, 0.8857421875, 0.033203125, 8.3125, 0.4375, 7.75
-6560, -10304, 4986, 9715, 142, -34, 113, -1133, 1828, 65, 1.5433531851885036, -0.5260639352240899, 1.4414144628360894, -0.55322265625, 0.892578125, 0.03173828125, 8.875, -2.125, 7.0625
-6565, -10296, 5004, 9710, 55, -27, 131, -1102, 1816, 97, 1.5435175103391623, -0.5237195341750266, 1.4422989565107633, -0.5380859375, 0.88671875, 0.04736328125, 3.4375, -1.6875, 8.1875
-6578, -10288, 5015, 9704, -10, -7, 139, -1131, 1846, 70, 1.5430867428343513, -0.5213394838648499, 1.4424215386207357, -0.55224609375, 0.9013671875, 0.0341796875, -0.625, -0.4375, 8.6875
-6612, -10268, 5013, 9703, -156, 5, 186, -1150, 1850, 88, 1.5394358399546286, -0.5182350856752371, 1.4423081913068379, -0.5615234375, 0.9033203125, 0.04296875, -9.75, 0.3125, 11.625
-6644, -10246, 5012, 9705, -144, -5, 167, -1071, 1769, 115, 1.535536672793515, -0.5152636438574948, 1.442775679508454, -0.52294921875, 0.86376953125, 0.05615234375, -9.0, -0.3125, 10.4375
-6664, -10240, 5017, 9696, -12, 51, 131, -1026, 1751, 141, 1.5349655977149375, -0.5128340525492829, 1.4418896888234534, -0.5009765625, 0.85498046875, 0.06884765625, -0.75, 3.1875, 8.1875
-6680, -10246, 5026, 9673, 51, 118, 147, -1075, 1842, 110, 1.5368392535346604, -0.5101181302795894, 1.4390189874940165, -0.52490234375, 0.8994140625, 0.0537109375, 3.1875, 7.375, 9.1875
-6717, -10244, 5014, 9656, -123, 153, 146, -1096, 1880, 113, 1.5355111132925496, -0.5075684914308632, 1.4353477060890805, -0.53515625, 0.91796875, 0.05517578125, -7.6875, 9.5625, 9.125
-6769, -10233, 4992, 9643, -242, 164, 177, -1077, 1827, 112, 1.5317771417660289, -0.5045780947220269, 1.4315293588955866, -0.52587890625, 0.89208984375, 0.0546875, -15.125, 10.25, 11.0625
-6824, -10222, 4966, 9629, -260, 174, 194, -1085, 1771, 115, 1.5277237365950027, -0.5016328891113607, 1.427214726921881, -0.52978515625, 0.86474609375, 0.05615234375, -16.25, 10.875, 12.125
-6868, -10220, 4946, 9610, -172, 183, 187, -1093, 1746, 115, 1.5257510372820484, -0.4991313968786873, 1.4225754626324696, -0.53369140625, 0.8525390625, 0.05615234375, -10.75, 11.4375, 11.6875
-6904, -10226, 4937, 9583, -107, 194, 179, -1069, 1821, 60, 1.526108833370943, -0.4962962324407501, 1.4176093104126706, -0.52197265625, 0.88916015625, 0.029296875, -6.6875, 12.125, 11.1875
-6950, -10230, 4917, 9555, -185, 220, 177, -1066, 1843, 47, 1.5251985581256196, -0.4934497802598126, 1.411560410292187, -0.5205078125, 0.89990234375, 0.02294921875, -11.5625, 13.75, 11.0625
-7012, -10224, 4884, 9534, -317, 227, 224, -1111, 1774, 60, 1.5215013097676355, -0.4905292763753074, 1.4056250552064324, -0.54248046875, 0.8662109375, 0.029296875, -19.8125, 14.1875, 14.0
-7069, -10218, 4865, 9507, -255, 196, 259, -1051, 1731, 43, 1.5190040270122185, -0.4865031698735081, 1.399989682028667, -0.51318359375, 0.84521484375, 0.02099609375, -15.9375, 12.25, 16.1875
-7115, -10218, 4856, 9478, -185, 175, 222, -1009, 1793, 3, 1.5183752198540192, -0.4826630086573705, 1.3948997209674685, -0.49267578125, 0.87548828125, 0.00146484375, -11.5625, 10.9375, 13.875
-7157, -10217, 4847, 9451, -190, 156, 199, -1014, 1829, -13, 1.5175622177310564, -0.4790925000431028, 1.390111578643106, -0.4951171875, 0.89306640625, -0.00634765625, -11.875, 9.75, 12.4375
-7196, -10215, 4831, 9433, -234, 119, 138, -992, 1831, -49, 1.5159885428419053, -0.4767710297200948, 1.3861297331201847, -0.484375, 0.89404296875, -0.02392578125, -14.625, 7.4375, 8.625
-7224, -10215, 4814, 9419, -195, 103, 95, -989, 1796, -29, 1.5146432412224555, -0.4754677358222896, 1.382588335663348, -0.48291015625, 0.876953125, -0.01416015625, -12.1875, 6.4375, 5.9375
-7238, -10221, 4805, 9407, -110, 69, 55, -979, 1808, -41, 1.5149654263202812, -0.4748946875980644, 1.3799883447628132, -0.47802734375, 0.8828125, -0.02001953125, -6.875, 4.3125, 3.4375
-7240, -10233, 4799, 9396, -59, 55, 2, -972, 1869, -56, 1.516535754274528, -0.47518081354144764, 1.3777102119326041, -0.474609375, 0.91259765625, -0.02734375, -3.6875, 3.4375, 0.125
-7241, -10244, 4783, 9391, -92, 52, -52, -978, 1848, -49, 1.5170996505940106, -0.4765486692296431, 1.375453746691019, -0.4775390625, 0.90234375, -0.02392578125, -5.75, 3.25, -3.25
-7236, -10253, 4756, 9399, -107, 34, -116, -1003, 1818, -6, 1.5163958960667954, -0.4797864823886406, 1.3742069823822802, -0.48974609375, 0.8876953125, -0.0029296875, -6.6875, 2.125, -7.25
-7221, -10260, 4730, 9416, -91, -25, -153, -1043, 1828, 6, 1.5154075576284718, -0.48398462609769805, 1.3743975948418472, -0.50927734375, 0.892578125, 0.0029296875, -5.6875, -1.5625, -9.5625
-7198, -10262, 4705, 9444, -79, -86, -201, -1038, 1817, 28, 1.5136138908296979, -0.48899879166297966, 1.3763845430665225, -0.5068359375, 0.88720703125, 0.013671875, -4.9375, -5.375, -12.5625
-7171, -10256, 4680, 9482, -81, -151, -231, -1035, 1809, 69, 1.5104076719046438, -0.49440269964484146, 1.3799721356338917, -0.50537109375, 0.88330078125, 0.03369140625, -5.0625, -9.4375, -14.4375
-7137, -10251, 4661, 9523, -52, -184, -259, -1023, 1837, 45, 1.5078432423617272, -0.5000620576017679, 1.3845889791718182, -0.49951171875, 0.89697265625, 0.02197265625, -3.25, -11.5, -16.1875
-7103, -10241, 4629, 9575, -105, -200, -324, -1037, 1801, 100, 1.5033122322141663, -0.5070635355608327, 1.3898981178622758, -0.50634765625, 0.87939453125, 0.048828125, -6.5625, -12.5, -20.25
-7069, -10229, 4595, 9629, -124, -211, -326, -1055, 1810, 94, 1.498242931026094, -0.5141961126293085, 1.3954529051730544, -0.51513671875, 0.8837890625, 0.0458984375, -7.75, -13.1875, -20.375
-7035, -10213, 4555, 9690, -161, -228, -366, -1052, 1793, 122, 1.4919479963538385, -0.521970792743821, 1.4017587119198367, -0.513671875, 0.87548828125, 0.0595703125, -10.0625, -14.25, -22.875
-6998, -10197, 4516, 9752, -144, -240, -385, -1059, 1803, 135, 1.4856923393481343, -0.5298846323727288, 1.4084331306253501, -0.51708984375, 0.88037109375, 0.06591796875, -9.0, -15.0, -24.0625
-6959, -10176, 4470, 9823, -170, -267, -417, -1090, 1780, 176, 1.477919975045737, -0.5386623924325359, 1.41616641297866, -0.5322265625, 0.869140625, 0.0859375, -10.625, -16.6875, -26.0625
-6917, -10145, 4421, 9906, -206, -336, -436, -1144, 1777, 205, 1.468046955514479, -0.5479250099303639, 1.4258939842993623, -0.55859375, 0.86767578125, 0.10009765625, -12.875, -21.0, -27.25
-6863, -10104, 4380, 10003, -190, -456, -477, -1136, 1759, 221, 1.4569145069558127, -0.5575024716707486, 1.4389482501852837, -0.5546875, 0.85888671875, 0.10791015625, -11.875, -28.5, -29.8125
-6811, -10049, 4341, 10110, -239, -542, -484, -1118, 1750, 235, 1.4433778223584655, -0.5664698672146117, 1.4543174141555124, -0.5458984375, 0.8544921875, 0.11474609375, -14.9375, -33.875, -30.25
-6750, -9989, 4307, 10225, -213, -609, -495, -1157, 1723, 253, 1.4292174557149235, -0.5756482946278828, 1.4718990479097378, -0.56494140625, 0.84130859375, 0.12353515625, -13.3125, -38.0625, -30.9375
-6682, -9927, 4279, 10341, -187, -654, -514, -1144, 1722, 252, 1.4150561969564073, -0.5845343167324585, 1.4905610618289125, -0.55859375, 0.8408203125, 0.123046875, -11.6875, -40.875, -32.125
-6617, -9862, 4248, 10458, -229, -661, -524, -1156, 1742, 261, 1.4000397344415907, -0.5931799097283057, 1.509641309499421, -0.564453125, 0.8505859375, 0.12744140625, -14.3125, -41.3125, -32.75
-6561, -9790, 4198, 10579, -347, -645, -540, -1199, 1724, 286, 1.3820725692957883, -0.6021709011220773, 1.5284779283288847, -0.58544921875, 0.841796875, 0.1396484375, -21.6875, -40.3125, -33.75
-6512, -9714, 4125, 10708, -478, -634, -578, -1258, 1665, 299, 1.3613054620058513, -0.6124249272426067, 1.5476600029091219, -0.6142578125, 0.81298828125, 0.14599609375, -29.875, -39.625, -36.125
-6461, -9642, 4045, 10833, -473, -589, -610, -1230, 1608, 352, 1.340429380757474, -0.6230409403842463, 1.5661923036291272, -0.6005859375, 0.78515625, 0.171875, -29.5625, -36.8125, -38.125
-6394, -9592, 3956, 10950, -399, -481, -726, -1215, 1582, 357, 1.3222327496635276, -0.6361369147528481, 1.5831586544236165, -0.59326171875, 0.7724609375, 0.17431640625, -24.9375, -30.0625, -45.375
-6323, -9564, 3850, 11052, -379, -321, -786, -1297, 1608, 398, 1.3061002447117886, -0.6512269213251096, 1.5965768703873155, -0.63330078125, 0.78515625, 0.1943359375, -23.6875, -20.0625, -49.125
-6247, -9553, 3730, 11146, -391, -221, -868, -1371, 1669, 387, 1.2914393747560085, -0.6683765584071875, 1.6081001479296029, -0.66943359375, 0.81494140625, 0.18896484375, -24.4375, -13.8125, -54.25
-6162, -9544, 3587, 11248, -461, -204, -998, -1423, 1651, 398, 1.274570236928983, -0.6881971902409769, 1.6206499064836224, -0.69482421875, 0.80615234375, 0.1943359375, -28.8125, -12.75, -62.375
-6062, -9527, 3418, 11368, -537, -257, -1144, -1473, 1561, 438, 1.2530715155981382, -0.7109373689624414, 1.6366909058757213, -0.71923828125, 0.76220703125, 0.2138671875, -33.5625, -16.0625, -71.5
-5943, -9499, 3259, 11501, -460, -382, -1197, -1477, 1477, 480, 1.229494849812647, -0.7337460511004611, 1.6579434435682014, -0.72119140625, 0.72119140625, 0.234375, -28.75, -23.875, -74.8125
-5809, -9458, 3119, 11641, -387, -502, -1229, -1447, 1455, 480, 1.204198040723779, -0.7550452081886833, 1.6838122637606137, -0.70654296875, 0.71044921875, 0.234375, -24.1875, -31.375, -76.8125
-5679, -9394, 2975, 11793, -458, -605, -1244, -1446, 1428, 558, 1.1733785523419604, -0.7747300864961315, 1.714219049673061, -0.7060546875, 0.697265625, 0.2724609375, -28.625, -37.8125, -77.75
-5542, -9311, 2827, 11960, -503, -738, -1275, -1486, 1359, 576, 1.137328017064704, -0.7937153386850473, 1.7504262903537262, -0.7255859375, 0.66357421875, 0.28125, -31.4375, -46.125, -79.6875
-5402, -9208, 2682, 12136, -534, -863, -1270, -1507, 1281, 604, 1.0965875964893257, -0.8105182254432991, 1.7915899858327866, -0.73583984375, 0.62548828125, 0.294921875, -33.375, -53.9375, -79.375
-5260, -9085, 2545, 12318, -517, -958, -1261, -1488, 1233, 687, 1.0518152903277644, -0.8242645814300951, 1.8372164324762952, -0.7265625, 0.60205078125, 0.33544921875, -32.3125, -59.875, -78.8125
-5122, -8955, 2420, 12496, -508, -1008, -1204, -1490, 1205, 696, 1.0065301048093103, -0.8351255185435805, 1.8844381329450768, -0.7275390625, 0.58837890625, 0.33984375, -31.75, -63.0, -75.25
-4989, -8807, 2296, 12677, -557, -1085, -1171, -1485, 1155, 733, 0.9577614344514486, -0.8427646210249067, 1.9343931756356536, -0.72509765625, 0.56396484375, 0.35791015625, -34.8125, -67.8125, -73.1875
-4862, -8651, 2178, 12854, -565, -1122, -1125, -1468, 1120, 766, 0.9084619167542729, -0.8474677762352834, 1.984917294467801, -0.716796875, 0.546875, 0.3740234375, -35.3125, -70.125, -70.3125
-4742, -8492, 2065, 13022, -578, -1119, -1082, -1448, 1109, 780, 0.8598215284357812, -0.8494971596358394, 2.0342000203031976, -0.70703125, 0.54150390625, 0.380859375, -36.125, -69.9375, -67.625
-4640, -8325, 1940, 13185, -693, -1108, -1014, -1504, 1074, 851, 0.8097911317374809, -0.8491918042176929, 2.082130021299681, -0.734375, 0.5244140625, 0.41552734375, -43.3125, -69.25, -63.375
-4550, -8158, 1806, 13339, -744, -1062, -946, -1495, 970, 901, 0.7599762352038535, -0.847374846342832, 2.12778952955817, -0.72998046875, 0.4736328125, 0.43994140625, -46.5, -66.375, -59.125
-4458, -7980, 1661, 13496, -777, -1086, -949, -1461, 829, 974, 0.7077403642079738, -0.8439046234413312, 2.174995603460945, -0.71337890625, 0.40478515625, 0.4755859375, -48.5625, -67.875, -59.3125
-4350, -7802, 1529, 13649, -663, -1097, -973, -1446, 753, 1024, 0.6573388101596316, -0.8388179992857443, 2.2226682632344685, -0.7060546875, 0.36767578125, 0.5, -41.4375, -68.5625, -60.8125
-4233, -7639, 1415, 13790, -534, -1026, -981, -1434, 758, 1073, 0.612050544481571, -0.8334137742854286, 2.2680604415031898, -0.7001953125, 0.3701171875, 0.52392578125, -33.375, -64.125, -61.3125
-4122, -7492, 1308, 13914, -523, -917, -951, -1445, 813, 1116, 0.5711722286711512, -0.8278898314549232, 2.3089725374779277, -0.70556640625, 0.39697265625, 0.544921875, -32.6875, -57.3125, -59.4375
-4019, -7355, 1188, 14027, -575, -843, -907, -1499, 744, 1127, 0.5310027305647712, -0.8228578454495841, 2.347192063235213, -0.73193359375, 0.36328125, 0.55029296875, -35.9375, -52.6875, -56.6875
-3918, -7221, 1060, 14136, -599, -804, -909, -1488, 670, 1175, 0.49093797057738797, -0.8177120435229789, 2.3846465312141336, -0.7265625, 0.3271484375, 0.57373046875, -37.4375, -50.25, -56.8125
-3809, -7087, 951, 14241, -492, -810, -897, -1488, 641, 1245, 0.4539116681912134, -0.8109884770283149, 2.4213174681892418, -0.7265625, 0.31298828125, 0.60791015625, -30.75, -50.625, -56.0625
-3693, -6946, 853, 14347, -445, -848, -930, -1450, 663, 1295, 0.4182605843874093, -0.8023794262503713, 2.458219206683661, -0.7080078125, 0.32373046875, 0.63232421875, -27.8125, -53.0, -58.125
-3580, -6799, 756, 14450, -478, -873, -934, -1393, 671, 1281, 0.3834288187560711, -0.7920882695196835, 2.4938150684550346, -0.68017578125, 0.32763671875, 0.62548828125, -29.875, -54.5625, -58.375
-3472, -6645, 645, 14554, -575, -889, -950, -1359, 645, 1303, 0.3473943664718569, -0.7808316829724364, 2.529101377588958, -0.66357421875, 0.31494140625, 0.63623046875, -35.9375, -55.5625, -59.375
-3361, -6483, 521, 14657, -632, -916, -973, -1350, 563, 1335, 0.3098235431106574, -0.7683051867666256, 2.564635883957586, -0.6591796875, 0.27490234375, 0.65185546875, -39.5, -57.25, -60.8125
-3250, -6316, 391, 14759, -652, -936, -965, -1345, 477, 1366, 0.27231271138294433, -0.7546850073764751, 2.59960888735134, -0.65673828125, 0.23291015625, 0.6669921875, -40.75, -58.5, -60.3125
-3137, -6143, 269, 14858, -603, -945, -951, -1272, 406, 1405, 0.23681224900215575, -0.7392682653929912, 2.6332362368413897, -0.62109375, 0.1982421875, 0.68603515625, -37.6875, -59.0625, -59.4375
-3028, -5969, 158, 14953, -559, -946, -904, -1235, 372, 1444, 0.2044479254478123, -0.7227277960657996, 2.6644264859716573, -0.60302734375, 0.181640625, 0.705078125, -34.9375, -59.125, -56.5
-2920, -5791, 54, 15046, -530, -984, -882, -1218, 325, 1456, 0.17424157632172893, -0.7049616304501103, 2.694013350997634, -0.5947265625, 0.15869140625, 0.7109375, -33.125, -61.5, -55.125
-2820, -5606, -53, 15134, -558, -1012, -827, -1188, 266, 1464, 0.14497394022311108, -0.6857191768666874, 2.721281469478927, -0.580078125, 0.1298828125, 0.71484375, -34.875, -63.25, -51.6875
-2729, -5412, -156, 15221, -561, -1040, -777, -1140, 222, 1515, 0.117609547621303, -0.6648248638083057, 2.7461470502203675, -0.556640625, 0.1083984375, 0.73974609375, -35.0625, -65.0, -48.5625
-2641, -5223, -259, 15300, -568, -990, -753, -1083, 191, 1556, 0.09173356894049645, -0.6441092353782972, 2.769057627811058, -0.52880859375, 0.09326171875, 0.759765625, -35.5, -61.875, -47.0625
-2566, -5041, -374, 15372, -640, -944, -689, -1091, 138, 1583, 0.06603370718464587, -0.6242607036078316, 2.789472329471556, -0.53271484375, 0.0673828125, 0.77294921875, -40.0, -59.0, -43.0625
-2492, -4860, -479, 15439, -586, -941, -662, -1047, 92, 1602, 0.04270207779602259, -0.6039971654521394, 2.808207735496788, -0.51123046875, 0.044921875, 0.7822265625, -36.625, -58.8125, -41.375
-2423, -4677, -587, 15503, -623, -926, -640, -979, 83, 1619, 0.01992712372499764, -0.5833466038578182, 2.8255297318193455, -0.47802734375, 0.04052734375, 0.79052734375, -38.9375, -57.875, -40.0
-2358, -4499, -702, 15561, -654, -901, -619, -968, 14, 1629, -0.002777302557903126, -0.5632539513242103, 2.8416232393978498, -0.47265625, 0.0068359375, 0.79541015625, -40.875, -56.3125, -38.6875
-2300, -4324, -810, 15614, -616, -899, -565, -963, -27, 1619, -0.023520218442816498, -0.5432325698500796, 2.8556448046101015, -0.47021484375, -0.01318359375, 0.79052734375, -38.5, -56.1875, -35.3125
-2249, -4150, -902, 15663, -532, -903, -485, -899, -89, 1621, -0.041245393665961985, -0.5229208392429531, 2.867394107964367, -0.43896484375, -0.04345703125, 0.79150390625, -33.25, -56.4375, -30.3125
-2204, -3972, -978, 15711, -462, -910, -442, -836, -87, 1654, -0.056212584987445774, -0.5018024217764899, 2.8772459607120067, -0.408203125, -0.04248046875, 0.8076171875, -28.875, -56.875, -27.625
-2159, -3799, -1047, 15756, -441, -879, -430, -795, -93, 1699, -0.06977073970132588, -0.48116427336040785, 2.8863636362521556, -0.38818359375, -0.04541015625, 0.82958984375, -27.5625, -54.9375, -26.875
-2118, -3634, -1116, 15795, -454, -842, -409, -784, -88, 1687, -0.08272563581577375, -0.4614723711806802, 2.8944274184756518, -0.3828125, -0.04296875, 0.82373046875, -28.375, -52.625, -25.5625
-2082, -3471, -1192, 15831, -472, -826, -377, -752, -156, 1703, -0.09613359852492682, -0.4421629221110325, 2.901678471020078, -0.3671875, -0.076171875, 0.83154296875, -29.5, -51.625, -23.5625
-2038, -3310, -1261, 15866, -421, -807, -406, -691, -192, 1710, -0.10856367290878657, -0.42292062339281705, 2.909413006050822, -0.33740234375, -0.09375, 0.8349609375, -26.3125, -50.4375, -25.375
-1997, -3154, -1325, 15898, -394, -784, -381, -683, -213, 1737, -0.11994857726785825, -0.4042220335576158, 2.916283460360029, -0.33349609375, -0.10400390625, 0.84814453125, -24.625, -49.0, -23.8125
-1956, -3004, -1382, 15927, -354, -758, -366, -657, -230, 1746, -0.1301395465879593, -0.38613542328031625, 2.922668873093269, -0.32080078125, -0.1123046875, 0.8525390625, -22.125, -47.375, -22.875
-1921, -2859, -1422, 15954, -268, -755, -315, -639, -242, 1756, -0.1377624045647828, -0.3684736688939193, 2.9276280915420383, -0.31201171875, -0.1181640625, 0.857421875, -16.75, -47.1875, -19.6875
-1885, -2721, -1458, 15979, -251, -673, -313, -535, -236, 1777, -0.14469165729267885, -0.35162027351420927, 2.9324755522745467, -0.26123046875, -0.115234375, 0.86767578125, -15.6875, -42.0625, -19.5625
-1851, -2596, -1501, 16000, -285, -607, -297, -538, -250, 1789, -0.15222290623267476, -0.3364811729478863, 2.937134543754869, -0.2626953125, -0.1220703125, 0.87353515625, -17.8125, -37.9375, -18.5625
-1821, -2478, -1548, 16018, -295, -568, -271, -518, -290, 1792, -0.160008558678357, -0.3222857443275932, 2.941255724271605, -0.2529296875, -0.1416015625, 0.875, -18.4375, -35.5, -16.9375
-1792, -2367, -1599, 16033, -300, -528, -258, -488, -342, 1800, -0.16812185574526978, -0.3089928235286911, 2.945216604596982, -0.23828125, -0.1669921875, 0.87890625, -18.75, -33.0, -16.125
-1767, -2259, -1645, 16047, -269, -521, -229, -488, -356, 1800, -0.17542592843228982, -0.2960470915223771, 2.9484737048750054, -0.23828125, -0.173828125, 0.87890625, -16.8125, -32.5625, -14.3125
-1749, -2156, -1673, 16060, -175, -511, -176, -463, -374, 1816, -0.1802227515398569, -0.2835649584253004, 2.950429895632237, -0.22607421875, -0.1826171875, 0.88671875, -10.9375, -31.9375, -11.0
-1733, -2056, -1695, 16072, -164, -469, -154, -383, -336, 1805, -0.1841655629462142, -0.27140245565930643, 2.9519719321033238, -0.18701171875, -0.1640625, 0.88134765625, -10.25, -29.3125, -9.625
-1727, -1973, -1724, 16080, -186, -373, -89, -362, -363, 1798, -0.1886523783929548, -0.2615300746196421, 2.952483639575389, -0.1767578125, -0.17724609375, 0.8779296875, -11.625, -23.3125, -5.5625
-1730, -1906, -1755, 16085, -197, -272, -32, -317, -384, 1806, -0.19309961576544624, -0.2537556013332778, 2.9520157603921593, -0.15478515625, -0.1875, 0.8818359375, -12.3125, -17.0, -2.0
-1742, -1861, -1788, 16085, -188, -133, 50, -272, -421, 1814, -0.19744550215145762, -0.24879201930303613, 2.9505951853864003, -0.1328125, -0.20556640625, 0.8857421875, -11.75, -8.3125, 3.125
-1767, -1849, -1814, 16081, -137, 44, 143, -260, -425, 1808, -0.20042582854753516, -0.2479482475773757, 2.9477637942254717, -0.126953125, -0.20751953125, 0.8828125, -8.5625, 2.75, 8.9375
-1806, -1876, -1842, 16070, -135, 261, 254, -263, -441, 1823, -0.20306745635273335, -0.2520611707914808, 2.943572340087232, -0.12841796875, -0.21533203125, 0.89013671875, -8.4375, 16.3125, 15.875
-1866, -1949, -1872, 16051, -116, 534, 406, -237, -494, 1847, -0.20516933462702105, -0.2620959554902612, 2.937249299644629, -0.11572265625, -0.2412109375, 0.90185546875, -7.25, 33.375, 25.375
-1948, -2077, -1888, 16024, 23, 825, 599, -258, -579, 1859, -0.20453527644018324, -0.27897561719449976, 2.9284635467653986, -0.1259765625, -0.28271484375, 0.90771484375, 1.4375, 51.5625, 37.4375
-2052, -2269, -1860, 15988, 288, 1127, 799, -323, -575, 1833, -0.19708734122388877, -0.303350915689941, 2.9165157030835895, -0.15771484375, -0.28076171875, 0.89501953125, 18.0, 70.4375, 49.9375
-2174, -2541, -1780, 15940, 592, 1501, 983, -418, -505, 1806, -0.18137475674622308, -0.3369461921150508, 2.9014236556678012, -0.2041015625, -0.24658203125, 0.8818359375, 37.0, 93.8125, 61.4375
-2308, -2908, -1644, 15873, 870, 1893, 1127, -566, -402, 1708, -0.1562312281511409, -0.381355702118967, 2.883025740815884, -0.2763671875, -0.1962890625, 0.833984375, 54.375, 118.3125, 70.4375
-2441, -3346, -1476, 15783, 1088, 2260, 1216, -769, -347, 1690, -0.12453988558192156, -0.4337851354775259, 2.8621816148363752, -0.37548828125, -0.16943359375, 0.8251953125, 68.0, 141.25, 76.0
-2569, -3837, -1287, 15667, 1234, 2550, 1253, -941, -208, 1657, -0.08723797821865903, -0.49214811994702373, 2.8384570277237895, -0.45947265625, -0.1015625, 0.80908203125, 77.125, 159.375, 78.3125
-2685, -4355, -1100, 15526, 1242, 2736, 1215, -1090, -78, 1656, -0.04718823876995398, -0.5536338716715745, 2.8125259897927397, -0.5322265625, -0.0380859375, 0.80859375, 77.625, 171.0, 75.9375
-2791, -4882, -944, 15359, 1088, 2857, 1143, -1236, 3, 1661, -0.007975104658997569, -0.6166363326128143, 2.784585998179679, -0.603515625, 0.00146484375, 0.81103515625, 68.0, 178.5625, 71.4375
-2890, -5406, -818, 15172, 939, 2904, 1083, -1366, 7, 1608, 0.03078520927711612, -0.6798915472292489, 2.754249149886698, -0.6669921875, 0.00341796875, 0.78515625, 58.6875, 181.5, 67.6875
-2976, -5916, -696, 14970, 935, 2862, 1023, -1504, -7, 1529, 0.07266214795012822, -0.7413368776866033, 2.7208778657530734, -0.734375, -0.00341796875, 0.74658203125, 58.4375, 178.875, 63.9375
-3048, -6398, -558, 14761, 1007, 2714, 982, -1634, 98, 1468, 0.12057212499897021, -0.7985014005119362, 2.683379382749324, -0.7978515625, 0.0478515625, 0.716796875, 62.9375, 169.625, 61.375
-3109, -6841, -417, 14553, 1002, 2523, 921, -1707, 208, 1386, 0.1724923161247641, -0.8502074825386571, 2.6423878258457867, -0.83349609375, 0.1015625, 0.6767578125, 62.625, 157.6875, 57.5625
-3166, -7244, -281, 14348, 941, 2329, 878, -1810, 284, 1364, 0.22746556967348414, -0.8962953930790509, 2.597547963240754, -0.8837890625, 0.138671875, 0.666015625, 58.8125, 145.5625, 54.875
-3222, -7608, -138, 14148, 940, 2116, 886, -1849, 326, 1303, 0.2874301778257024, -0.9361446606489054, 2.5477692742437013, -0.90283203125, 0.1591796875, 0.63623046875, 58.75, 132.25, 55.375
-3280, -7919, 15, 13963, 924, 1811, 892, -1839, 477, 1160, 0.35100775678375223, -0.9674939530902621, 2.494345993169747, -0.89794921875, 0.23291015625, 0.56640625, 57.75, 113.1875, 55.75
-3351, -8181, 162, 13793, 764, 1559, 862, -1731, 593, 1069, 0.41517179818934197, -0.9911982550173922, 2.43814965262394, -0.84521484375, 0.28955078125, 0.52197265625, 47.75, 97.4375, 53.875
-3438, -8408, 281, 13632, 561, 1395, 867, -1651, 580, 936, 0.4763659680043459, -1.009886986883633, 2.3805965147059553, -0.80615234375, 0.283203125, 0.45703125, 35.0625, 87.1875, 54.1875
-3536, -8614, 398, 13475, 524, 1287, 955, -1655, 512, 881, 0.5392782475304967, -1.024261638352193, 2.320105196967962, -0.80810546875, 0.25, 0.43017578125, 32.75, 80.4375, 59.6875
-3620, -8801, 533, 13326, 615, 1128, 946, -1651, 548, 765, 0.6039099430534712, -1.034181758373754, 2.260377330978205, -0.80615234375, 0.267578125, 0.37353515625, 38.4375, 70.5, 59.125
-3695, -8980, 682, 13178, 682, 1061, 913, -1591, 627, 671, 0.6710417271486286, -1.0410092610829909, 2.2000711414199112, -0.77685546875, 0.30615234375, 0.32763671875, 42.625, 66.3125, 57.0625
-3754, -9154, 825, 13033, 688, 1039, 805, -1641, 725, 655, 0.7366790315660506, -1.0467666201272847, 2.142318504233868, -0.80126953125, 0.35400390625, 0.31982421875, 43.0, 64.9375, 50.3125
-3803, -9326, 956, 12887, 660, 1019, 742, -1722, 752, 586, 0.8008802647309976, -1.051873592587843, 2.0856506152604917, -0.8408203125, 0.3671875, 0.2861328125, 41.25, 63.6875, 46.375
-3844, -9495, 1070, 12742, 624, 1043, 679, -1686, 722, 553, 0.8627809636872523, -1.0567576802582068, 2.030591930650132, -0.8232421875, 0.3525390625, 0.27001953125, 39.0, 65.1875, 42.4375
-3880, -9669, 1196, 12588, 698, 1066, 703, -1692, 760, 487, 0.928885516411441, -1.0598068032358774, 1.972639873534039, -0.826171875, 0.37109375, 0.23779296875, 43.625, 66.625, 43.9375
-3914, -9833, 1324, 12436, 683, 1004, 654, -1688, 889, 423, 0.9936755668384094, -1.0602359878213168, 1.9160608897892573, -0.82421875, 0.43408203125, 0.20654296875, 42.6875, 62.75, 40.875
-3962, -9981, 1429, 12291, 508, 951, 619, -1697, 963, 383, 1.0526822525034056, -1.058922052672354, 1.8623268043597188, -0.82861328125, 0.47021484375, 0.18701171875, 31.75, 59.4375, 38.6875
-4009, -10111, 1514, 12159, 411, 859, 584, -1746, 909, 343, 1.1041490315941078, -1.0567245421472171, 1.814340053757964, -0.8525390625, 0.44384765625, 0.16748046875, 25.6875, 53.6875, 36.5
-4044, -10228, 1600, 12038, 445, 772, 554, -1707, 876, 333, 1.1511642522909704, -1.0534647923737201, 1.7718319042573816, -0.83349609375, 0.427734375, 0.16259765625, 27.8125, 48.25, 34.625
-4067, -10339, 1703, 11920, 527, 689, 536, -1692, 945, 246, 1.1974557869195075, -1.048373212005731, 1.7323291923205308, -0.826171875, 0.46142578125, 0.1201171875, 32.9375, 43.0625, 33.5
