-10827, 4966, 9261, 6386, 19, 9, -6, 1987, 87, 360, 0.22215495759327683, 1.388006837168701, 1.2508514753054865, 0.97021484375, 0.04248046875, 0.17578125, 1.1875, 0.5625, -0.375
-10827, 4966, 9261, 6386, 7, 10, -3, 1988, 77, 361, 0.22215495759327683, 1.388006837168701, 1.2508514753054865, 0.970703125, 0.03759765625, 0.17626953125, 0.4375, 0.625, -0.1875
-10827, 4966, 9261, 6386, 8, 13, -3, 1994, 69, 364, 0.22215495759327683, 1.388006837168701, 1.2508514753054865, 0.9736328125, 0.03369140625, 0.177734375, 0.5, 0.8125, -0.1875
-10827, 4966, 9260, 6386, 12, 12, -4, 1986, 76, 360, 0.22173253579708363, 1.3875635881182666, 1.2501949305503077, 0.9697265625, 0.037109375, 0.17578125, 0.75, 0.75, -0.25
-10827, 4966, 9260, 6386, 11, 13, 0, 1984, 76, 355, 0.22173253579708363, 1.3875635881182666, 1.2501949305503077, 0.96875, 0.037109375, 0.17333984375, 0.6875, 0.8125, 0.0
-10827, 4966, 9260, 6386, 12, 10, 4, 1985, 73, 369, 0.22173253579708363, 1.3875635881182666, 1.2501949305503077, 0.96923828125, 0.03564453125, 0.18017578125, 0.75, 0.625, 0.25
-10832, 4965, 9256, 6384, 9, 18, 9, 1973, 62, 374, 0.2186639914201515, 1.3870187493065271, 1.246838863884891, 0.96337890625, 0.0302734375, 0.1826171875, 0.5625, 1.125, 0.5625
-10837, 4963, 9256, 6378, 37, 16, 14, 1998, 55, 356, 0.2161480365289146, 1.3871710483883053, 1.243683760011535, 0.9755859375, 0.02685546875, 0.173828125, 2.3125, 1.0, 0.875
-10842, 4958, 9255, 6375, 33, 16, 15, 2009, 90, 370, 0.21536401100783287, 1.3867094776913, 1.2421559251693732, 0.98095703125, 0.0439453125, 0.1806640625, 2.0625, 1.0, 0.9375
-10847, 4959, 9250, 6374, -1, 23, 23, 2007, 77, 384, 0.21159996867360165, 1.386443309585311, 1.23858729492149, 0.97998046875, 0.03759765625, 0.1875, -0.0625, 1.4375, 1.4375
-10851, 4961, 9243, 6375, -20, 27, 24, 1977, 75, 383, 0.20762409637337806, 1.3855816840822501, 1.2348152784748896, 0.96533203125, 0.03662109375, 0.18701171875, -1.25, 1.6875, 1.5
-10855, 4965, 9236, 6375, -27, 24, 29, 1990, 70, 374, 0.20261582944712686, 1.3850357750875695, 1.2301943587927924, 0.9716796875, 0.0341796875, 0.1826171875, -1.6875, 1.5, 1.8125
-10863, 4968, 9226, 6374, -8, 44, 32, 1974, 41, 386, 0.19564709589598536, 1.3842072001924595, 1.2235542098549497, 0.9638671875, 0.02001953125, 0.1884765625, -0.5, 2.75, 2.0
-10879, 4965, 9216, 6363, 56, 62, 46, 1966, 2, 387, 0.18568920009769907, 1.3828102359029941, 1.2121867271787812, 0.9599609375, 0.0009765625, 0.18896484375, 3.5, 3.875, 2.875
-10903, 4946, 9215, 6338, 193, 70, 48, 1967, -2, 389, 0.1783848635958059, 1.381448986203083, 1.2005577187976313, 0.96044921875, -0.0009765625, 0.18994140625, 12.0625, 4.375, 3.0
-10931, 4913, 9221, 6306, 288, 78, 55, 1974, 41, 379, 0.1755410617521053, 1.3797635895735296, 1.1912387046915194, 0.9638671875, 0.02001953125, 0.18505859375, 18.0, 4.875, 3.4375
-10956, 4880, 9229, 6278, 270, 84, 49, 1979, 85, 362, 0.17552641731446716, 1.3787239778376672, 1.1854957189380748, 0.96630859375, 0.04150390625, 0.1767578125, 16.875, 5.25, 3.0625
-10974, 4853, 9233, 6261, 184, 83, 33, 1995, 118, 363, 0.17716987593801017, 1.3770919929986842, 1.182769573819157, 0.97412109375, 0.0576171875, 0.17724609375, 11.5, 5.1875, 2.0625
-10984, 4839, 9230, 6259, 63, 80, 18, 2009, 116, 357, 0.1784481055477258, 1.375628432500384, 1.18259003916257, 0.98095703125, 0.056640625, 0.17431640625, 3.9375, 5.0, 1.125
-10988, 4835, 9222, 6267, -23, 79, -6, 1990, 100, 369, 0.17899980034393495, 1.3741990465495146, 1.1836386350318817, 0.9716796875, 0.048828125, 0.18017578125, -1.4375, 4.9375, -0.375
-10991, 4831, 9213, 6277, -32, 74, -29, 1967, 73, 374, 0.18004873253031037, 1.3723761085932333, 1.1852077439300615, 0.96044921875, 0.03564453125, 0.1826171875, -2.0, 4.625, -1.8125
-10992, 4821, 9210, 6287, -5, 61, -48, 1952, 99, 366, 0.18562186164636363, 1.370932792784779, 1.1908085346397994, 0.953125, 0.04833984375, 0.1787109375, -0.3125, 3.8125, -3.0
-10989, 4813, 9209, 6300, -22, 49, -52, 1941, 123, 362, 0.19289387532808744, 1.3699464894216111, 1.1986610960648563, 0.94775390625, 0.06005859375, 0.1767578125, -1.375, 3.0625, -3.25
-10985, 4812, 9204, 6315, -67, 35, -37, 1920, 127, 377, 0.19716514874003785, 1.3689822244118985, 1.2043697522853984, 0.9375, 0.06201171875, 0.18408203125, -4.1875, 2.1875, -2.3125
-10981, 4818, 9198, 6327, -79, 15, -12, 1941, 95, 391, 0.1977236094937598, 1.3687223492590237, 1.2068687531516185, 0.94775390625, 0.04638671875, 0.19091796875, -4.9375, 0.9375, -0.75
-10979, 4825, 9194, 6330, -52, -1, 8, 1939, 67, 390, 0.19531383108744285, 1.3685906802728274, 1.2053047111546618, 0.94677734375, 0.03271484375, 0.1904296875, -3.25, -0.0625, 0.5
-10980, 4826, 9193, 6330, -12, -13, 15, 1953, 52, 395, 0.19444434841270394, 1.3687593267934437, 1.2046928995817152, 0.95361328125, 0.025390625, 0.19287109375, -0.75, -0.8125, 0.9375
-10980, 4829, 9194, 6326, 3, -20, 18, 1961, 59, 403, 0.1924699475171791, 1.3691552860351361, 1.2025551744488603, 0.95751953125, 0.02880859375, 0.19677734375, 0.1875, -1.25, 1.125
-10980, 4834, 9193, 6323, -12, -19, 18, 1968, 59, 402, 0.18943323651770236, 1.3693841277594065, 1.1996006040399516, 0.9609375, 0.02880859375, 0.1962890625, -0.75, -1.1875, 1.125
-10979, 4843, 9191, 6322, -35, -16, 24, 1969, 56, 397, 0.18553509336256233, 1.370164481903998, 1.1966537383531748, 0.96142578125, 0.02734375, 0.19384765625, -2.1875, -1.0, 1.5
-10979, 4853, 9185, 6322, -48, -15, 29, 1951, 57, 414, 0.18001250275473274, 1.370065283930064, 1.1919556745921382, 0.95263671875, 0.02783203125, 0.2021484375, -3.0, -0.9375, 1.8125
-10979, 4860, 9183, 6320, -25, -21, 33, 1952, 66, 416, 0.17624528766161793, 1.3705357636869613, 1.1887351976676845, 0.953125, 0.0322265625, 0.203125, -1.5625, -1.3125, 2.0625
-10980, 4865, 9182, 6317, -11, -25, 42, 1948, 83, 414, 0.1729841426033752, 1.3711061698259481, 1.1858279845468291, 0.951171875, 0.04052734375, 0.2021484375, -0.6875, -1.5625, 2.625
-10980, 4872, 9181, 6311, -13, -35, 66, 1942, 109, 413, 0.16817981056521858, 1.3712567280731007, 1.1807718321911846, 0.9482421875, 0.05322265625, 0.20166015625, -0.8125, -2.1875, 4.125
-10982, 4885, 9180, 6301, -20, -42, 102, 1962, 92, 395, 0.15951397342090237, 1.3727875723239547, 1.1726676043369928, 0.9580078125, 0.044921875, 0.19287109375, -1.25, -2.625, 6.375
-10986, 4902, 9177, 6284, -10, -31, 124, 1970, 46, 369, 0.14584873479560762, 1.3738335532321568, 1.1587451920498617, 0.9619140625, 0.0224609375, 0.18017578125, -0.625, -1.9375, 7.75
-10994, 4914, 9174, 6266, 17, -23, 116, 1972, 29, 394, 0.13275481874673384, 1.3748791133300753, 1.145173074252405, 0.962890625, 0.01416015625, 0.1923828125, 1.0625, -1.4375, 7.25
-10999, 4924, 9173, 6251, 19, -25, 88, 1984, 27, 383, 0.12255691710025685, 1.3757871653386766, 1.1344623667268476, 0.96875, 0.01318359375, 0.18701171875, 1.1875, -1.5625, 5.5
-10999, 4936, 9171, 6243, -19, -17, 59, 2007, 20, 366, 0.1145987638561692, 1.3763079203810533, 1.126614059943298, 0.97998046875, 0.009765625, 0.1787109375, -1.1875, -1.0625, 3.6875
-10998, 4949, 9165, 6243, -63, -6, 27, 2001, 2, 386, 0.10794336160523832, 1.3765393634866552, 1.1211841415447164, 0.97705078125, 0.0009765625, 0.1884765625, -3.9375, -0.375, 1.6875
-10997, 4961, 9160, 6244, -57, -1, 16, 1991, -4, 368, 0.10232081757802168, 1.3771473106254815, 1.117072710674287, 0.97216796875, -0.001953125, 0.1796875, -3.5625, -0.0625, 1.0
-10998, 4969, 9154, 6244, -34, 12, 6, 1996, -19, 380, 0.09718265412415122, 1.376881278577864, 1.112621091802935, 0.974609375, -0.00927734375, 0.185546875, -2.125, 0.75, 0.375
-11002, 4970, 9151, 6241, 9, 19, 0, 1995, -13, 392, 0.09405163430308006, 1.3766858919221512, 1.1093824951989408, 0.97412109375, -0.00634765625, 0.19140625, 0.5625, 1.1875, 0.0
-11007, 4963, 9149, 6240, 35, 17, -1, 1979, 40, 423, 0.09483881168975038, 1.375726116896182, 1.1093048872570603, 0.96630859375, 0.01953125, 0.20654296875, 2.1875, 1.0625, -0.0625
-11013, 4963, 9148, 6231, 33, 16, 40, 1962, 25, 366, 0.09024179652227461, 1.3756959072013766, 1.103839090401762, 0.9580078125, 0.01220703125, 0.1787109375, 2.0625, 1.0, 2.5
-11023, 4963, 9143, 6220, 46, 25, 62, 1976, 7, 403, 0.08300056684389633, 1.3749966098074147, 1.0954285315604173, 0.96484375, 0.00341796875, 0.19677734375, 2.875, 1.5625, 3.875
-11037, 4958, 9142, 6201, 105, 18, 66, 1970, -7, 405, 0.07537920464952681, 1.3746775902884723, 1.085516197114981, 0.9619140625, -0.00341796875, 0.19775390625, 6.5625, 1.125, 4.125
-11052, 4950, 9142, 6180, 120, 20, 70, 1988, 1, 403, 0.06837922868652781, 1.3740504590483869, 1.0755624419456664, 0.970703125, 0.00048828125, 0.19677734375, 7.5, 1.25, 4.375
-11066, 4944, 9139, 6164, 95, 39, 59, 2007, -7, 404, 0.061723015670164035, 1.3732366989568878, 1.0667427719873888, 0.97998046875, -0.00341796875, 0.197265625, 5.9375, 2.4375, 3.6875
-11078, 4938, 9136, 6153, 74, 49, 46, 1995, 9, 391, 0.057229574926487475, 1.3726731102371044, 1.0608307201961054, 0.97412109375, 0.00439453125, 0.19091796875, 4.625, 3.0625, 2.875
-11096, 4928, 9129, 6139, 101, 69, 50, 1987, -17, 417, 0.051164150739142454, 1.3710239680478153, 1.052489437017058, 0.97021484375, -0.00830078125, 0.20361328125, 6.3125, 4.3125, 3.125
-11120, 4908, 9125, 6116, 179, 87, 61, 1979, -20, 414, 0.0458120479188641, 1.3687447725897581, 1.042751799156962, 0.96630859375, -0.009765625, 0.2021484375, 11.1875, 5.4375, 3.8125
-11151, 4878, 9123, 6088, 257, 106, 55, 1989, -29, 434, 0.04212619977326316, 1.3665478439792604, 1.0337265527039206, 0.97119140625, -0.01416015625, 0.2119140625, 16.0625, 6.625, 3.4375
-11187, 4837, 9121, 6056, 315, 144, 41, 1999, -39, 443, 0.04070560117101426, 1.3629665566388955, 1.0250470656580113, 0.97607421875, -0.01904296875, 0.21630859375, 19.6875, 9.0, 2.5625
-11229, 4783, 9119, 6026, 365, 174, 19, 2010, -15, 476, 0.044066186690063194, 1.3590351946084214, 1.0206800661735391, 0.9814453125, -0.00732421875, 0.232421875, 22.8125, 10.875, 1.1875
-11269, 4726, 9116, 6001, 359, 189, 7, 1998, 31, 479, 0.05026207372566137, 1.3544516995425602, 1.0191161131797568, 0.9755859375, 0.01513671875, 0.23388671875, 22.4375, 11.8125, 0.4375
-11306, 4673, 9107, 5985, 286, 212, 13, 2008, 69, 490, 0.05674156408610541, 1.3490587639610954, 1.0189069310600862, 0.98046875, 0.03369140625, 0.2392578125, 17.875, 13.25, 0.8125
-11348, 4627, 9087, 5972, 244, 245, 26, 1990, 29, 520, 0.05815714032298479, 1.3430434419505723, 1.0149570677776107, 0.9716796875, 0.01416015625, 0.25390625, 15.25, 15.3125, 1.625
-11396, 4579, 9064, 5952, 288, 280, 38, 2000, -19, 528, 0.05675450476943054, 1.3364014325370608, 1.0072342799972311, 0.9765625, -0.00927734375, 0.2578125, 18.0, 17.5, 2.375
-11457, 4511, 9043, 5920, 419, 318, 37, 2010, -38, 571, 0.05764481683230762, 1.3289226908557954, 0.9990018438697884, 0.9814453125, -0.0185546875, 0.27880859375, 26.1875, 19.875, 2.3125
-11524, 4427, 9025, 5880, 528, 351, 36, 2013, -8, 576, 0.06173417084517199, 1.320484408835641, 0.9914472135156829, 0.98291015625, -0.00390625, 0.28125, 33.0, 21.9375, 2.25
-11593, 4335, 9003, 5846, 530, 385, 23, 2011, 38, 620, 0.06901386828231798, 1.3110144084630582, 0.9870231231497745, 0.98193359375, 0.0185546875, 0.302734375, 33.125, 24.0625, 1.4375
-11664, 4247, 8969, 5824, 451, 454, 3, 2003, 33, 631, 0.07536391218183386, 1.3006233080377914, 0.9836620366215392, 0.97802734375, 0.01611328125, 0.30810546875, 28.1875, 28.375, 0.1875
-11739, 4158, 8921, 5808, 428, 528, -31, 2030, -30, 675, 0.08022493773032739, 1.2876485830603719, 0.9788793572186544, 0.9912109375, -0.0146484375, 0.32958984375, 26.75, 33.0, -1.9375
-11820, 4050, 8872, 5797, 494, 578, -86, 2040, 3, 746, 0.09079127098427138, 1.2738824400418123, 0.9791027338574809, 0.99609375, 0.00146484375, 0.3642578125, 30.875, 36.125, -5.375
-11906, 3921, 8824, 5784, 578, 619, -81, 1976, 100, 764, 0.10586277565432309, 1.258789144598774, 0.9816531307725034, 0.96484375, 0.048828125, 0.373046875, 36.125, 38.6875, -5.0625
-12005, 3807, 8758, 5754, 569, 711, 31, 1963, 15, 745, 0.1085968329772691, 1.2424006906889031, 0.9715787534033125, 0.95849609375, 0.00732421875, 0.36376953125, 35.5625, 44.4375, 1.9375
-12119, 3681, 8683, 5712, 660, 783, 73, 1974, -3, 816, 0.10971609802792026, 1.2246117231980513, 0.9580348703951597, 0.9638671875, -0.00146484375, 0.3984375, 41.25, 48.9375, 4.5625
-12243, 3523, 8613, 5653, 856, 822, 92, 1953, 58, 874, 0.11616751901581185, 1.2055565532905832, 0.9451827309394125, 0.95361328125, 0.0283203125, 0.4267578125, 53.5, 51.375, 5.75
-12364, 3361, 8539, 5598, 839, 864, 91, 1953, 130, 882, 0.12425767261230587, 1.1857624845413148, 0.933962496826074, 0.95361328125, 0.0634765625, 0.4306640625, 52.4375, 54.0, 5.6875
-12483, 3210, 8450, 5559, 711, 920, 65, 1962, 143, 923, 0.13071060435690565, 1.1651520912109496, 0.9241024118000678, 0.9580078125, 0.06982421875, 0.45068359375, 44.4375, 57.5, 4.0625
-12598, 3073, 8351, 5525, 622, 962, 73, 1955, 106, 912, 0.13411501448498056, 1.1441130706206084, 0.9129327975801352, 0.95458984375, 0.0517578125, 0.4453125, 38.875, 60.125, 4.5625
-12716, 2943, 8239, 5496, 565, 1034, 74, 1927, 85, 918, 0.1354176564385417, 1.122269756593951, 0.9011692997272746, 0.94091796875, 0.04150390625, 0.4482421875, 35.3125, 64.625, 4.625
-12834, 2806, 8119, 5469, 571, 1075, 59, 1889, 106, 969, 0.13797544438938278, 1.0988422117741925, 0.8901180909058438, 0.92236328125, 0.0517578125, 0.47314453125, 35.6875, 67.1875, 3.6875
-12950, 2653, 7999, 5449, 598, 1088, 30, 1819, 203, 1018, 0.1450327774271455, 1.0747910473005697, 0.8830015403796407, 0.88818359375, 0.09912109375, 0.4970703125, 37.375, 68.0, 1.875
-13063, 2510, 7875, 5430, 530, 1093, 61, 1780, 256, 1031, 0.15019294677989933, 1.0511519079776546, 0.8751474952400168, 0.869140625, 0.125, 0.50341796875, 33.125, 68.3125, 3.8125
-13172, 2384, 7743, 5414, 426, 1096, 93, 1756, 258, 1065, 0.15218992322827715, 1.027588690920292, 0.866011570378888, 0.857421875, 0.1259765625, 0.52001953125, 26.625, 68.5, 5.8125
-13280, 2268, 7606, 5393, 387, 1095, 136, 1733, 241, 1093, 0.1518644747133716, 1.004132003389741, 0.8550006684633996, 0.84619140625, 0.11767578125, 0.53369140625, 24.1875, 68.4375, 8.5
-13387, 2160, 7469, 5363, 384, 1094, 175, 1722, 212, 1099, 0.1498894797878792, 0.981394033683152, 0.8422187453666886, 0.8408203125, 0.103515625, 0.53662109375, 24.0, 68.375, 10.9375
-13495, 2050, 7331, 5327, 409, 1100, 199, 1696, 212, 1131, 0.14820691112423928, 0.9587301655510099, 0.8290765665372438, 0.828125, 0.103515625, 0.55224609375, 25.5625, 68.75, 12.4375
-13601, 1936, 7194, 5287, 429, 1099, 214, 1647, 231, 1144, 0.14759436614236413, 0.9361271432976326, 0.8162275693505174, 0.80419921875, 0.11279296875, 0.55859375, 26.8125, 68.6875, 13.375
-13704, 1824, 7057, 5246, 414, 1092, 226, 1611, 263, 1172, 0.1472191320165016, 0.9138021044414538, 0.8037134142477295, 0.78662109375, 0.12841796875, 0.572265625, 25.875, 68.25, 14.125
-13801, 1721, 6920, 5208, 355, 1083, 226, 1603, 267, 1171, 0.1463365292577658, 0.8920039843198535, 0.7917603861141245, 0.78271484375, 0.13037109375, 0.57177734375, 22.1875, 67.6875, 14.125
-13893, 1626, 6784, 5172, 311, 1058, 220, 1587, 269, 1192, 0.14504842653306116, 0.8708472543971997, 0.7803137256612088, 0.77490234375, 0.13134765625, 0.58203125, 19.4375, 66.125, 13.75
-13978, 1543, 6652, 5140, 250, 1027, 206, 1573, 259, 1184, 0.14313528376103302, 0.8508756416704043, 0.7696869171403972, 0.76806640625, 0.12646484375, 0.578125, 15.625, 64.1875, 12.875
-14059, 1464, 6522, 5110, 243, 1012, 181, 1545, 210, 1185, 0.14139254391698347, 0.8314403655970286, 0.759783558455411, 0.75439453125, 0.1025390625, 0.57861328125, 15.1875, 63.25, 11.3125
-14135, 1380, 6396, 5082, 256, 989, 158, 1489, 239, 1185, 0.14125782525022393, 0.8122550444884408, 0.7511208010361723, 0.72705078125, 0.11669921875, 0.57861328125, 16.0, 61.8125, 9.875
-14206, 1298, 6274, 5058, 243, 956, 130, 1447, 238, 1199, 0.1417342857168669, 0.7937302356820873, 0.7436047535055311, 0.70654296875, 0.1162109375, 0.58544921875, 15.1875, 59.75, 8.125
-14273, 1219, 6152, 5039, 219, 942, 106, 1411, 235, 1224, 0.1423740787139479, 0.7753727438133854, 0.7370114911397393, 0.68896484375, 0.11474609375, 0.59765625, 13.6875, 58.875, 6.625
-14336, 1141, 6033, 5023, 214, 906, 88, 1379, 241, 1256, 0.143500821764081, 0.757483215051809, 0.7312524627409264, 0.67333984375, 0.11767578125, 0.61328125, 13.375, 56.625, 5.5
-14393, 1068, 5920, 5009, 190, 862, 68, 1343, 239, 1269, 0.14466678019595017, 0.7405528325640273, 0.7260537089644633, 0.65576171875, 0.11669921875, 0.61962890625, 11.875, 53.875, 4.25
-14448, 995, 5808, 4996, 198, 837, 59, 1306, 230, 1303, 0.14610487179138448, 0.7238108369701249, 0.7212172697599354, 0.6376953125, 0.1123046875, 0.63623046875, 12.375, 52.3125, 3.6875
-14501, 919, 5702, 4981, 231, 808, 50, 1272, 223, 1326, 0.14836812270267413, 0.707787576746689, 0.7166648557137653, 0.62109375, 0.10888671875, 0.6474609375, 14.4375, 50.5, 3.125
-14551, 838, 5599, 4965, 257, 777, 42, 1247, 241, 1370, 0.1515719937604816, 0.6919060052509134, 0.7123729853174986, 0.60888671875, 0.11767578125, 0.6689453125, 16.0625, 48.5625, 2.625
-14600, 757, 5497, 4949, 258, 748, 46, 1208, 262, 1444, 0.1549200989487056, 0.6762440732094374, 0.7082226847691988, 0.58984375, 0.1279296875, 0.705078125, 16.125, 46.75, 2.875
-14646, 683, 5396, 4934, 218, 715, 61, 1182, 290, 1494, 0.15752880649341977, 0.6610245152339901, 0.7040253289554053, 0.5771484375, 0.1416015625, 0.7294921875, 13.625, 44.6875, 3.8125
-14692, 622, 5293, 4917, 158, 695, 81, 1139, 267, 1501, 0.15825770037422396, 0.6462279557570905, 0.6989980115503509, 0.55615234375, 0.13037109375, 0.73291015625, 9.875, 43.4375, 5.0625
-14738, 566, 5189, 4896, 150, 688, 108, 1124, 254, 1538, 0.15818281651398236, 0.6315956226969893, 0.6932202304226399, 0.548828125, 0.1240234375, 0.7509765625, 9.375, 43.0, 6.75
-14786, 505, 5088, 4867, 210, 672, 133, 1102, 231, 1582, 0.15869471063647966, 0.6172909311616215, 0.6867282091933655, 0.5380859375, 0.11279296875, 0.7724609375, 13.125, 42.0, 8.3125
-14831, 436, 4994, 4832, 268, 659, 140, 1105, 236, 1585, 0.16053774776851673, 0.6035044314594964, 0.67998709712485, 0.53955078125, 0.115234375, 0.77392578125, 16.75, 41.1875, 8.75
-14875, 363, 4903, 4797, 283, 646, 141, 1081, 276, 1609, 0.16319385201644082, 0.5899993145775214, 0.6736339995955739, 0.52783203125, 0.134765625, 0.78564453125, 17.6875, 40.375, 8.8125
-14916, 294, 4812, 4765, 240, 640, 138, 1066, 307, 1626, 0.16556847309866196, 0.5766383084502403, 0.6676222506635172, 0.5205078125, 0.14990234375, 0.7939453125, 15.0, 40.0, 8.625
-14957, 235, 4716, 4736, 187, 638, 134, 1041, 301, 1654, 0.16659524310025864, 0.5631298594683691, 0.66160049736009, 0.50830078125, 0.14697265625, 0.8076171875, 11.6875, 39.875, 8.375
-14997, 176, 4620, 4706, 184, 639, 137, 1006, 301, 1655, 0.16769283599795004, 0.5496548610687763, 0.6555075604588241, 0.4912109375, 0.14697265625, 0.80810546875, 11.5, 39.9375, 8.5625
-15035, 112, 4528, 4676, 224, 627, 129, 996, 305, 1669, 0.16975407780984011, 0.5364945227778359, 0.6498052183224994, 0.486328125, 0.14892578125, 0.81494140625, 14.0, 39.1875, 8.0625
-15072, 44, 4439, 4645, 247, 628, 113, 982, 299, 1652, 0.17253847976786504, 0.5235998423941163, 0.6442677250164331, 0.4794921875, 0.14599609375, 0.806640625, 15.4375, 39.25, 7.0625
-15108, -28, 4348, 4615, 281, 642, 99, 962, 281, 1667, 0.17584850925671403, 0.5103271922036664, 0.6389543975917086, 0.4697265625, 0.13720703125, 0.81396484375, 17.5625, 40.125, 6.1875
-15140, -111, 4260, 4589, 314, 634, 68, 932, 332, 1677, 0.18092307037572689, 0.49694291399783186, 0.6346314001205425, 0.455078125, 0.162109375, 0.81884765625, 19.625, 39.625, 4.25
-15170, -194, 4172, 4569, 298, 630, 39, 901, 358, 1686, 0.1862547104740656, 0.48356400816611794, 0.6311727514570241, 0.43994140625, 0.1748046875, 0.8232421875, 18.625, 39.375, 2.4375
-15198, -273, 4081, 4553, 267, 633, 18, 874, 367, 1687, 0.19110332453811815, 0.46995571605176845, 0.6280281941497821, 0.4267578125, 0.17919921875, 0.82373046875, 16.6875, 39.5625, 1.125
-15225, -351, 3990, 4538, 264, 624, 10, 834, 380, 1704, 0.19589561321928795, 0.4564211570266328, 0.6249965766938917, 0.4072265625, 0.185546875, 0.83203125, 16.5, 39.0, 0.625
-15251, -431, 3900, 4524, 269, 617, 7, 804, 394, 1705, 0.2010537040275614, 0.4429701919472186, 0.6221947155068923, 0.392578125, 0.1923828125, 0.83251953125, 16.8125, 38.5625, 0.4375
-15275, -511, 3812, 4509, 270, 602, 11, 779, 412, 1730, 0.20630662835528285, 0.42977664156952883, 0.6192813418524212, 0.38037109375, 0.201171875, 0.8447265625, 16.875, 37.625, 0.6875
-15298, -588, 3724, 4495, 247, 589, 11, 740, 443, 1737, 0.21124870718258085, 0.41672225719642364, 0.6164200418581733, 0.361328125, 0.21630859375, 0.84814453125, 15.4375, 36.8125, 0.6875
-15320, -662, 3635, 4480, 246, 592, 10, 734, 419, 1747, 0.2157753653688928, 0.40368824927260016, 0.6132886334408432, 0.3583984375, 0.20458984375, 0.85302734375, 15.375, 37.0, 0.625
-15341, -741, 3547, 4467, 261, 591, 1, 709, 456, 1776, 0.22105861728291193, 0.3906159569235166, 0.6105865049099739, 0.34619140625, 0.22265625, 0.8671875, 16.3125, 36.9375, 0.0625
-15361, -823, 3460, 4454, 274, 580, -5, 674, 475, 1776, 0.22678795143620797, 0.3775887966122427, 0.6079672623713576, 0.3291015625, 0.23193359375, 0.8671875, 17.125, 36.25, -0.3125
-15379, -903, 3376, 4442, 267, 580, -13, 671, 485, 1762, 0.23246009303732781, 0.36499565055851096, 0.6054970983940242, 0.32763671875, 0.23681640625, 0.8603515625, 16.6875, 36.25, -0.8125
-15395, -980, 3290, 4432, 252, 579, -24, 663, 489, 1796, 0.23774024767660237, 0.3522473091979771, 0.6031117041193613, 0.32373046875, 0.23876953125, 0.876953125, 15.75, 36.1875, -1.5
-15410, -1057, 3203, 4425, 249, 578, -44, 633, 502, 1806, 0.24307249629481156, 0.33937672172787176, 0.6010829294741418, 0.30908203125, 0.2451171875, 0.8818359375, 15.5625, 36.125, -2.75
-15424, -1129, 3115, 4422, 223, 583, -64, 621, 491, 1805, 0.24786532631819963, 0.3265447054112806, 0.5994447561862264, 0.30322265625, 0.23974609375, 0.88134765625, 13.9375, 36.4375, -4.0
-15437, -1200, 3024, 4422, 210, 597, -87, 598, 508, 1812, 0.2524875288716878, 0.3133722764729322, 0.5980720153629953, 0.2919921875, 0.248046875, 0.884765625, 13.125, 37.3125, -5.4375
-15448, -1267, 2929, 4428, 182, 597, -112, 557, 507, 1813, 0.2565835792850521, 0.29978838579195094, 0.5972628449634309, 0.27197265625, 0.24755859375, 0.88525390625, 11.375, 37.3125, -7.0
-15459, -1334, 2834, 4435, 188, 606, -125, 538, 502, 1809, 0.2607224479612646, 0.28622846087157094, 0.5965967111207474, 0.2626953125, 0.2451171875, 0.88330078125, 11.75, 37.875, -7.8125
-15466, -1403, 2740, 4446, 191, 602, -151, 519, 525, 1808, 0.26520988809722484, 0.27262175904215, 0.596438866482506, 0.25341796875, 0.25634765625, 0.8828125, 11.9375, 37.625, -9.4375
-15473, -1462, 2644, 4463, 128, 595, -177, 499, 538, 1815, 0.26853024951710924, 0.2590821823273395, 0.596868575885148, 0.24365234375, 0.2626953125, 0.88623046875, 8.0, 37.1875, -11.0625
-15479, -1500, 2541, 4488, -8, 598, -205, 476, 542, 1804, 0.2691583925007451, 0.24534392311788736, 0.5978143071747057, 0.232421875, 0.2646484375, 0.880859375, -0.5, 37.375, -12.8125
-15486, -1512, 2431, 4522, -166, 592, -228, 453, 546, 1810, 0.2665343554915917, 0.23161165657831684, 0.5994485912974732, 0.22119140625, 0.2666015625, 0.8837890625, -10.375, 37.0, -14.25
-15495, -1507, 2312, 4554, -255, 604, -209, 392, 507, 1804, 0.26148310934122787, 0.21749104079155038, 0.6004428938920511, 0.19140625, 0.24755859375, 0.880859375, -15.9375, 37.75, -13.0625
-15506, -1511, 2193, 4574, -160, 610, -156, 355, 439, 1850, 0.25737010935040977, 0.2032578115695558, 0.6001137335271043, 0.17333984375, 0.21435546875, 0.9033203125, -10.0, 38.125, -9.75
-15514, -1548, 2088, 4584, 53, 593, -123, 328, 422, 1866, 0.25765032176156316, 0.18961298194857765, 0.5992710408919212, 0.16015625, 0.2060546875, 0.9111328125, 3.3125, 37.0625, -7.6875
-15517, -1620, 1999, 4588, 254, 582, -113, 335, 476, 1869, 0.2626718997483976, 0.1766460603151244, 0.5983872091638744, 0.16357421875, 0.232421875, 0.91259765625, 15.875, 36.375, -7.0625
-15518, -1709, 1913, 4588, 299, 572, -95, 273, 584, 1862, 0.2697991031641077, 0.1634855339277548, 0.5971777745792728, 0.13330078125, 0.28515625, 0.9091796875, 18.6875, 35.75, -5.9375
-15521, -1784, 1824, 4588, 211, 571, -86, 256, 597, 1839, 0.2751835886582429, 0.15051290567726244, 0.5957588748226993, 0.125, 0.29150390625, 0.89794921875, 13.1875, 35.6875, -5.375
-15524, -1847, 1732, 4588, 167, 571, -82, 239, 569, 1847, 0.27904532470604626, 0.1376255491230978, 0.5941212789225411, 0.11669921875, 0.27783203125, 0.90185546875, 10.4375, 35.6875, -5.125
-15526, -1910, 1642, 4588, 173, 561, -86, 203, 567, 1830, 0.2830136091319169, 0.1249778670989089, 0.592511296975842, 0.09912109375, 0.27685546875, 0.8935546875, 10.8125, 35.0625, -5.375
-15527, -1973, 1553, 4589, 187, 554, -91, 188, 549, 1828, 0.2870582175441323, 0.112437541657784, 0.5910354347067137, 0.091796875, 0.26806640625, 0.892578125, 11.6875, 34.625, -5.6875
-15525, -2047, 1467, 4590, 240, 553, -100, 153, 581, 1826, 0.2925367385258343, 0.09985047075994488, 0.5896495165566799, 0.07470703125, 0.28369140625, 0.8916015625, 15.0, 34.5625, -6.25
-15521, -2129, 1384, 4593, 269, 537, -108, 115, 626, 1805, 0.29912218206149743, 0.08730177289714251, 0.5886046107641753, 0.05615234375, 0.3056640625, 0.88134765625, 16.8125, 33.5625, -6.75
-15517, -2207, 1303, 4596, 240, 523, -106, 93, 652, 1785, 0.30534005364382844, 0.07513735779829275, 0.5875511762665372, 0.04541015625, 0.318359375, 0.87158203125, 15.0, 32.6875, -6.625
-15512, -2278, 1223, 4598, 204, 504, -100, 74, 669, 1778, 0.3107639608923116, 0.06334944000838763, 0.5862834620858326, 0.0361328125, 0.32666015625, 0.8681640625, 12.75, 31.5, -6.25
-15507, -2341, 1146, 4603, 170, 482, -111, 58, 659, 1748, 0.31539612692896773, 0.05214340993716973, 0.5854179751382038, 0.0283203125, 0.32177734375, 0.853515625, 10.625, 30.125, -6.9375
-15502, -2393, 1068, 4610, 119, 465, -121, 28, 634, 1732, 0.3187054256740788, 0.04117166288825049, 0.5847138315430853, 0.013671875, 0.3095703125, 0.845703125, 7.4375, 29.0625, -7.5625
-15497, -2437, 993, 4622, 88, 432, -139, 12, 628, 1742, 0.3212197035043862, 0.030736301247784828, 0.5847022987337218, 0.005859375, 0.306640625, 0.8505859375, 5.5, 27.0, -8.6875
-15490, -2480, 920, 4637, 90, 411, -159, -12, 622, 1734, 0.3236895258969783, 0.020498280708134156, 0.5850822900809023, -0.005859375, 0.3037109375, 0.8466796875, 5.625, 25.6875, -9.9375
-15481, -2523, 850, 4658, 99, 385, -186, -40, 619, 1732, 0.3262836488162342, 0.010481042828299791, 0.5862845320781555, -0.01953125, 0.30224609375, 0.845703125, 6.1875, 24.0625, -11.625
-15470, -2564, 783, 4684, 85, 364, -214, -59, 641, 1729, 0.32874205978994014, 0.0007691533131809411, 0.5881631837814492, -0.02880859375, 0.31298828125, 0.84423828125, 5.3125, 22.75, -13.375
-15457, -2606, 717, 4713, 89, 349, -232, -87, 663, 1745, 0.33133581971484743, -0.008936412365554073, 0.5904193553359577, -0.04248046875, 0.32373046875, 0.85205078125, 5.5625, 21.8125, -14.5
-15443, -2646, 653, 4747, 59, 320, -256, -132, 699, 1746, 0.33375921578728723, -0.018450792927123524, 0.5933610148203038, -0.064453125, 0.34130859375, 0.8525390625, 3.6875, 20.0, -16.0
-15428, -2681, 593, 4784, 29, 296, -270, -126, 728, 1739, 0.3357037810425987, -0.027399958239244494, 0.5967537133398998, -0.0615234375, 0.35546875, 0.84912109375, 1.8125, 18.5, -16.875
-15413, -2708, 535, 4824, -15, 269, -283, -140, 739, 1744, 0.3367442047344187, -0.03590041378864826, 0.6005793312078342, -0.068359375, 0.36083984375, 0.8515625, -0.9375, 16.8125, -17.6875
-15397, -2728, 479, 4868, -30, 250, -298, -151, 713, 1748, 0.3369815973778121, -0.044007952381609886, 0.6049565998152349, -0.07373046875, 0.34814453125, 0.853515625, -1.875, 15.625, -18.625
-15379, -2752, 425, 4918, -3, 235, -337, -178, 711, 1766, 0.3377374220296483, -0.05216476253230604, 0.6101652303544142, -0.0869140625, 0.34716796875, 0.8623046875, -0.1875, 14.6875, -21.0625
-15358, -2778, 374, 4974, 2, 215, -371, -191, 731, 1760, 0.3387784675706937, -0.060191432765966925, 0.6161903349267184, -0.09326171875, 0.35693359375, 0.859375, 0.125, 13.4375, -23.1875
-15334, -2802, 326, 5035, -8, 197, -403, -195, 738, 1730, 0.33960836281378265, -0.06792093516875819, 0.6228884243436068, -0.09521484375, 0.3603515625, 0.8447265625, -0.5, 12.3125, -25.1875
-15310, -2821, 278, 5101, -20, 182, -431, -202, 717, 1731, 0.33980430432870246, -0.07557417328433003, 0.6302927329458896, -0.0986328125, 0.35009765625, 0.84521484375, -1.25, 11.375, -26.9375
-15282, -2842, 233, 5176, 8, 171, -478, -205, 701, 1766, 0.34025385457226526, -0.08316598160893028, 0.6389104855958364, -0.10009765625, 0.34228515625, 0.8623046875, 0.5, 10.6875, -29.875
-15251, -2866, 188, 5255, 31, 163, -506, -242, 700, 1751, 0.3409707150291076, -0.09097515288482025, 0.6480336140125732, -0.1181640625, 0.341796875, 0.85498046875, 1.9375, 10.1875, -31.625
-15218, -2887, 140, 5338, 0, 171, -534, -242, 715, 1751, 0.341123565153464, -0.09910800789979213, 0.6576373427849935, -0.1181640625, 0.34912109375, 0.85498046875, 0.0, 10.6875, -33.375
-15186, -2898, 89, 5424, -46, 174, -551, -253, 675, 1719, 0.33991261788715166, -0.10724945359742408, 0.6676884024467787, -0.12353515625, 0.32958984375, 0.83935546875, -2.875, 10.875, -34.4375
-15153, -2901, 40, 5516, -37, 158, -586, -222, 584, 1722, 0.3377322678069105, -0.11496067086947774, 0.6786536071086233, -0.1083984375, 0.28515625, 0.8408203125, -2.3125, 9.875, -36.625
-15113, -2911, -2, 5620, 10, 132, -655, -226, 605, 1720, 0.3364790670112424, -0.12242091425109461, 0.6912867013178413, -0.1103515625, 0.29541015625, 0.83984375, 0.625, 8.25, -40.9375
-15070, -2912, -44, 5732, -84, 95, -701, -267, 700, 1727, 0.33400840147055566, -0.1296653638011373, 0.7050501777503564, -0.13037109375, 0.341796875, 0.84326171875, -5.25, 5.9375, -43.8125
-15035, -2879, -98, 5839, -310, 75, -673, -312, 715, 1714, 0.3270330116883026, -0.13665064428767798, 0.7183053050875771, -0.15234375, 0.34912109375, 0.8369140625, -19.375, 4.6875, -42.0625
-15005, -2836, -152, 5935, -296, 78, -603, -300, 577, 1757, 0.3189047458807429, -0.14288431553064979, 0.7302987306145194, -0.146484375, 0.28173828125, 0.85791015625, -18.5, 4.875, -37.6875
-14967, -2833, -182, 6031, -24, 39, -590, -313, 565, 1791, 0.31639754457815533, -0.14813583168481717, 0.742445362406965, -0.15283203125, 0.27587890625, 0.87451171875, -1.5, 2.4375, -36.875
-14921, -2871, -185, 6126, 228, -7, -580, -310, 612, 1796, 0.31978115311349603, -0.1521922348003322, 0.7545824565719279, -0.1513671875, 0.298828125, 0.876953125, 14.25, -0.4375, -36.25
-14872, -2921, -178, 6222, 281, -38, -588, -330, 693, 1803, 0.3249630428600608, -0.15576267913936137, 0.7669503107811975, -0.1611328125, 0.33837890625, 0.88037109375, 17.5625, -2.375, -36.75
-14823, -2953, -177, 6323, 154, -53, -616, -346, 743, 1815, 0.3277002366757107, -0.15933712623742594, 0.7800467061065027, -0.1689453125, 0.36279296875, 0.88623046875, 9.625, -3.3125, -38.5
-14777, -2956, -189, 6427, -16, -57, -645, -349, 713, 1789, 0.32641686205131115, -0.16307795275049936, 0.7936067839361465, -0.17041015625, 0.34814453125, 0.87353515625, -1.0, -3.5625, -40.3125
-14732, -2940, -212, 6537, -120, -53, -676, -378, 693, 1826, 0.3223467688526251, -0.16723909669003204, 0.8080502525024771, -0.1845703125, 0.33837890625, 0.8916015625, -7.5, -3.3125, -42.25
-14685, -2923, -234, 6648, -121, -65, -683, -387, 661, 1790, 0.31813249073107036, -0.1712181492787131, 0.8226975786163448, -0.18896484375, 0.32275390625, 0.8740234375, -7.5625, -4.0625, -42.6875
-14638, -2900, -255, 6761, -125, -71, -698, -355, 612, 1782, 0.31322287088590556, -0.17478203383702504, 0.837776722215511, -0.17333984375, 0.298828125, 0.8701171875, -7.8125, -4.4375, -43.625
-14587, -2871, -274, 6880, -138, -83, -735, -331, 586, 1794, 0.30758434311252947, -0.17788282846763256, 0.8537732375769752, -0.16162109375, 0.2861328125, 0.8759765625, -8.625, -5.1875, -45.9375
-14534, -2836, -298, 7004, -174, -79, -773, -350, 581, 1824, 0.30092808632969986, -0.1812537164637551, 0.8705469337682264, -0.1708984375, 0.28369140625, 0.890625, -10.875, -4.9375, -48.3125
-14480, -2802, -324, 7130, -211, -91, -784, -402, 636, 1829, 0.29424736719473604, -0.18485518145132326, 0.8877207638418831, -0.1962890625, 0.310546875, 0.89306640625, -13.1875, -5.6875, -49.0
-14427, -2756, -350, 7251, -269, -96, -765, -363, 609, 1814, 0.2861763637418317, -0.18761056104850207, 0.9043356245996489, -0.17724609375, 0.29736328125, 0.8857421875, -16.8125, -6.0, -47.8125
-14376, -2709, -374, 7369, -216, -85, -742, -334, 500, 1827, 0.27813469024333626, -0.18993196831600603, 0.9207218841089667, -0.1630859375, 0.244140625, 0.89208984375, -13.5, -5.3125, -46.375
-14320, -2685, -385, 7486, -34, -94, -721, -356, 440, 1876, 0.2733464641936926, -0.1920102034765129, 0.936980146812215, -0.173828125, 0.21484375, 0.916015625, -2.125, -5.875, -45.0625
-14255, -2689, -380, 7606, 127, -109, -747, -363, 482, 1872, 0.27246386853779864, -0.19395608889573296, 0.9535955008155805, -0.17724609375, 0.2353515625, 0.9140625, 7.9375, -6.8125, -46.6875
-14189, -2692, -375, 7729, 106, -101, -769, -344, 515, 1862, 0.2714429960880109, -0.19591475783055393, 0.9707761621844031, -0.16796875, 0.25146484375, 0.9091796875, 6.625, -6.3125, -48.0625
-14121, -2682, -382, 7854, 10, -80, -802, -356, 519, 1873, 0.2682244713011951, -0.19843196073614316, 0.9882828227688079, -0.173828125, 0.25341796875, 0.91455078125, 0.625, -5.0, -50.125
-14056, -2660, -400, 7978, -67, -70, -792, -377, 482, 1879, 0.2630700974124309, -0.20136046364114857, 1.005829348442241, -0.18408203125, 0.2353515625, 0.91748046875, -4.1875, -4.375, -49.5
-13991, -2635, -421, 8098, -69, -51, -773, -378, 430, 1877, 0.2574000870987004, -0.2042856279299381, 1.0228801845144122, -0.1845703125, 0.2099609375, 0.91650390625, -4.3125, -3.1875, -48.3125
-13924, -2620, -439, 8217, -7, -51, -762, -403, 414, 1894, 0.2529816918716249, -0.20742707208396474, 1.0398569132812217, -0.19677734375, 0.2021484375, 0.9248046875, -0.4375, -3.1875, -47.625
-13856, -2617, -444, 8332, 85, -59, -741, -382, 414, 1880, 0.25066003693377326, -0.209831599805491, 1.0563331084055476, -0.1865234375, 0.2021484375, 0.91796875, 5.3125, -3.6875, -46.3125
-13786, -2626, -442, 8444, 148, -65, -728, -400, 437, 1889, 0.2500669509008254, -0.21219708715548422, 1.072396191540652, -0.1953125, 0.21337890625, 0.92236328125, 9.25, -4.0625, -45.5
-13715, -2638, -436, 8555, 154, -77, -717, -403, 469, 1853, 0.250031418340759, -0.21433522147738057, 1.0884009069891032, -0.19677734375, 0.22900390625, 0.90478515625, 9.625, -4.8125, -44.8125
-13647, -2633, -438, 8665, 78, -81, -718, -390, 407, 1823, 0.2476722771478742, -0.21619993509547908, 1.1044560930918226, -0.1904296875, 0.19873046875, 0.89013671875, 4.875, -5.0625, -44.875
-13578, -2624, -443, 8775, 63, -83, -714, -404, 383, 1857, 0.24466269145543848, -0.21809457967337129, 1.1206050593018089, -0.197265625, 0.18701171875, 0.90673828125, 3.9375, -5.1875, -44.625
-13509, -2620, -444, 8882, 82, -96, -699, -425, 403, 1835, 0.24246734191840352, -0.21983625476231522, 1.1363854865069423, -0.20751953125, 0.19677734375, 0.89599609375, 5.125, -6.0, -43.6875
-13442, -2608, -447, 8986, 39, -98, -680, -403, 385, 1814, 0.23931795193526398, -0.22117418551804674, 1.151849839897768, -0.19677734375, 0.18798828125, 0.8857421875, 2.4375, -6.125, -42.5
-13378, -2592, -454, 9086, 26, -94, -658, -411, 338, 1804, 0.23554777722296047, -0.22255251640733334, 1.1668410588895772, -0.20068359375, 0.1650390625, 0.880859375, 1.625, -5.875, -41.125
-13314, -2580, -456, 9183, 93, -102, -625, -416, 268, 1788, 0.2325571390307189, -0.22361293411783892, 1.1814371736517666, -0.203125, 0.130859375, 0.873046875, 5.8125, -6.375, -39.0625
-13250, -2579, -445, 9276, 180, -129, -597, -424, 271, 1812, 0.23164765495564466, -0.2240387774722869, 1.1954563690922713, -0.20703125, 0.13232421875, 0.884765625, 11.25, -8.0625, -37.3125
-13191, -2591, -419, 9357, 261, -154, -512, -454, 315, 1809, 0.2333038580056583, -0.22367170767364977, 1.207659702235178, -0.2216796875, 0.15380859375, 0.88330078125, 16.3125, -9.625, -32.0
-13141, -2595, -392, 9427, 196, -182, -438, -457, 365, 1843, 0.23440332354692908, -0.2224746988140788, 1.2183045886534518, -0.22314453125, 0.17822265625, 0.89990234375, 12.25, -11.375, -27.375
-13100, -2581, -368, 9489, 86, -211, -385, -437, 386, 1840, 0.23360114134660023, -0.22016509967149814, 1.2278771002815592, -0.21337890625, 0.1884765625, 0.8984375, 5.375, -13.1875, -24.0625
-13068, -2547, -352, 9542, -34, -212, -323, -407, 380, 1872, 0.2303504115162703, -0.21704734318480015, 1.2361763909418455, -0.19873046875, 0.185546875, 0.9140625, -2.125, -13.25, -20.1875
-13045, -2495, -352, 9588, -152, -193, -281, -386, 315, 1871, 0.2243034355620463, -0.2140765105718832, 1.2435124033438667, -0.1884765625, 0.15380859375, 0.91357421875, -9.5, -12.0625, -17.5625
-13020, -2436, -363, 9636, -191, -171, -296, -393, 264, 1901, 0.21673966295256303, -0.21168037634435868, 1.251156953589254, -0.19189453125, 0.12890625, 0.92822265625, -11.9375, -10.6875, -18.5
-12994, -2389, -371, 9682, -127, -132, -291, -372, 258, 1922, 0.21066276576979864, -0.20978714331452175, 1.2584520594460678, -0.181640625, 0.1259765625, 0.9384765625, -7.9375, -8.25, -18.1875
-12964, -2359, -372, 9730, -32, -89, -307, -354, 275, 1983, 0.2068019879443929, -0.208451252564941, 1.2660069574371877, -0.1728515625, 0.13427734375, 0.96826171875, -2.0, -5.5625, -19.1875
-12927, -2352, -368, 9781, 69, -51, -342, -381, 317, 2002, 0.20557105333227152, -0.20834745532496007, 1.273925144224313, -0.18603515625, 0.15478515625, 0.9775390625, 4.3125, -3.1875, -21.375
-12887, -2359, -361, 9832, 110, -23, -356, -397, 396, 2031, 0.20595874076341025, -0.20898601583582901, 1.2817967393167884, -0.19384765625, 0.193359375, 0.99169921875, 6.875, -1.4375, -22.25
-12848, -2362, -361, 9883, 56, 14, -362, -364, 409, 2031, 0.20544488956558218, -0.21002102452138563, 1.2897261060112413, -0.177734375, 0.19970703125, 0.99169921875, 3.5, 0.875, -22.625
-12809, -2361, -373, 9932, 0, 51, -365, -388, 412, 2053, 0.2036472263531574, -0.2118911157803285, 1.2973528573618491, -0.189453125, 0.201171875, 1.00244140625, 0.0, 3.1875, -22.8125
-12769, -2363, -391, 9983, -12, 73, -376, -406, 411, 2022, 0.20168445000768168, -0.2145996508209162, 1.3053447067741368, -0.1982421875, 0.20068359375, 0.9873046875, -0.75, 4.5625, -23.5
-12730, -2368, -414, 10030, -18, 114, -362, -401, 401, 2035, 0.1996736495366068, -0.21794657958176997, 1.3127130761254147, -0.19580078125, 0.19580078125, 0.99365234375, -1.125, 7.125, -22.625
-12692, -2381, -440, 10074, 1, 156, -346, -422, 418, 2067, 0.1982651313910478, -0.22214117652544074, 1.3196244613208645, -0.2060546875, 0.2041015625, 1.00927734375, 0.0625, 9.75, -21.625
-12651, -2402, -469, 10120, 27, 184, -369, -446, 423, 2036, 0.1973639858234224, -0.227268567846459, 1.3268713073022391, -0.2177734375, 0.20654296875, 0.994140625, 1.6875, 11.5, -23.0625
-12605, -2426, -500, 10170, 31, 219, -406, -428, 432, 2047, 0.19648161427845615, -0.23288041575773885, 1.3347773352835668, -0.208984375, 0.2109375, 0.99951171875, 1.9375, 13.6875, -25.375
-12554, -2459, -535, 10222, 46, 274, -438, -430, 444, 2032, 0.19607605371688616, -0.23960408336051212, 1.3430117920878824, -0.2099609375, 0.216796875, 0.9921875, 2.875, 17.125, -27.375
-12499, -2503, -573, 10278, 73, 311, -474, -449, 469, 1991, 0.19642214973323197, -0.24755364131212101, 1.3519539914550205, -0.21923828125, 0.22900390625, 0.97216796875, 4.5625, 19.4375, -29.625
-12438, -2546, -619, 10338, 30, 339, -520, -456, 482, 1937, 0.19586568970362864, -0.2562618911400002, 1.3616285961689176, -0.22265625, 0.2353515625, 0.94580078125, 1.875, 21.1875, -32.5
-12374, -2582, -676, 10403, -27, 366, -567, -466, 475, 1941, 0.19359806761902784, -0.2655597713726968, 1.3723250907741629, -0.2275390625, 0.23193359375, 0.94775390625, -1.6875, 22.875, -35.4375
-12302, -2620, -740, 10473, -35, 387, -617, -488, 461, 1895, 0.19071447152445098, -0.27574579118713416, 1.3839822892167288, -0.23828125, 0.22509765625, 0.92529296875, -2.1875, 24.1875, -38.5625
-12224, -2661, -805, 10549, -37, 389, -673, -523, 476, 1856, 0.18778674834497586, -0.2863581105126576, 1.3968104716973666, -0.25537109375, 0.232421875, 0.90625, -2.3125, 24.3125, -42.0625
-12140, -2702, -873, 10630, -39, 393, -711, -544, 457, 1815, 0.18433899819838773, -0.29732163021177554, 1.4106914012699368, -0.265625, 0.22314453125, 0.88623046875, -2.4375, 24.5625, -44.4375
-12050, -2744, -939, 10716, -32, 383, -755, -566, 472, 1799, 0.18084567856096417, -0.30824315495235954, 1.4256126861945997, -0.2763671875, 0.23046875, 0.87841796875, -2.0, 23.9375, -47.1875
-11957, -2781, -1009, 10804, -44, 377, -780, -582, 426, 1771, 0.17629631912144972, -0.3191377335242131, 1.4411776447218032, -0.2841796875, 0.2080078125, 0.86474609375, -2.75, 23.5625, -48.75
-11856, -2820, -1079, 10898, -27, 372, -828, -604, 405, 1728, 0.17155659119380817, -0.33025726502068575, 1.458034465799528, -0.294921875, 0.19775390625, 0.84375, -1.6875, 23.25, -51.75
-11749, -2859, -1145, 10996, 0, 347, -865, -635, 393, 1699, 0.16679542547116463, -0.3410298618093263, 1.4758253087375777, -0.31005859375, 0.19189453125, 0.82958984375, 0.0, 21.6875, -54.0625
-11634, -2900, -1205, 11101, 28, 321, -911, -649, 389, 1663, 0.16229892116683908, -0.351498702394394, 1.4950706698321294, -0.31689453125, 0.18994140625, 0.81201171875, 1.75, 20.0625, -56.9375
-11514, -2938, -1264, 11209, 26, 295, -954, -685, 387, 1642, 0.15725395120483035, -0.36162683716371, 1.5151813839408432, -0.33447265625, 0.18896484375, 0.8017578125, 1.625, 18.4375, -59.625
-11387, -2968, -1321, 11324, 23, 251, -998, -693, 356, 1636, 0.15116731052531457, -0.37093242146201205, 1.5368985894320983, -0.33837890625, 0.173828125, 0.798828125, 1.4375, 15.6875, -62.375
-11255, -2998, -1367, 11441, 65, 206, -1016, -719, 357, 1625, 0.14570528503623031, -0.37921067391137664, 1.5591456484052346, -0.35107421875, 0.17431640625, 0.79345703125, 4.0625, 12.875, -63.5
-11120, -3022, -1408, 11562, 54, 157, -1048, -727, 368, 1607, 0.13982051724449743, -0.3865329606584272, 1.5824161732456188, -0.35498046875, 0.1796875, 0.78466796875, 3.375, 9.8125, -65.5
-10979, -3035, -1447, 11687, 29, 107, -1091, -729, 350, 1599, 0.13272592617882453, -0.3926487371885896, 1.6067883028970762, -0.35595703125, 0.1708984375, 0.78076171875, 1.8125, 6.6875, -68.1875
-10833, -3035, -1485, 11818, 29, 64, -1130, -701, 265, 1589, 0.12418072245815988, -0.39747583626763167, 1.632673039954589, -0.34228515625, 0.12939453125, 0.77587890625, 1.8125, 4.0, -70.625
-10675, -3040, -1506, 11957, 173, 16, -1164, -705, 178, 1561, 0.11717716394696613, -0.40128639906647035, 1.6601072046407106, -0.34423828125, 0.0869140625, 0.76220703125, 10.8125, 1.0, -72.75
-10504, -3065, -1489, 12103, 410, -45, -1199, -715, 181, 1582, 0.11508992150280302, -0.40379933592303896, 1.6884076680955649, -0.34912109375, 0.08837890625, 0.7724609375, 25.625, -2.8125, -74.9375
-10322, -3102, -1444, 12255, 565, -104, -1243, -739, 230, 1571, 0.11638134708047257, -0.4052892141169384, 1.7176811383647932, -0.36083984375, 0.1123046875, 0.76708984375, 35.3125, -6.5, -77.6875
-10132, -3134, -1389, 12411, 587, -166, -1277, -742, 243, 1553, 0.11797036731952612, -0.4056901094926142, 1.7480384998262215, -0.3623046875, 0.11865234375, 0.75830078125, 36.6875, -10.375, -79.8125
-9939, -3155, -1326, 12567, 606, -228, -1286, -731, 217, 1571, 0.11937301297189869, -0.4045436253563907, 1.778731353278123, -0.35693359375, 0.10595703125, 0.76708984375, 37.875, -14.25, -80.375
-9745, -3172, -1247, 12722, 641, -301, -1280, -719, 257, 1570, 0.1221190452286413, -0.40193695837442645, 1.8093459590866983, -0.35107421875, 0.12548828125, 0.7666015625, 40.0625, -18.8125, -80.0
-9551, -3173, -1165, 12876, 604, -380, -1278, -714, 261, 1554, 0.1239998483254864, -0.39770071188900175, 1.8401621388418923, -0.3486328125, 0.12744140625, 0.7587890625, 37.75, -23.75, -79.875
-9360, -3152, -1083, 13028, 516, -459, -1271, -685, 281, 1591, 0.12439241739482343, -0.3913948891220601, 1.870941037550958, -0.33447265625, 0.13720703125, 0.77685546875, 32.25, -28.6875, -79.4375
-9179, -3107, -1009, 13172, 316, -530, -1249, -694, 440, 1673, 0.12264379544081884, -0.3832346191628778, 1.9005113246103447, -0.3388671875, 0.21484375, 0.81689453125, 19.75, -33.125, -78.0625
-9012, -3015, -986, 13310, -130, -580, -1264, -665, 520, 1656, 0.1126655992889256, -0.37384097222976115, 1.9298983678991037, -0.32470703125, 0.25390625, 0.80859375, -8.125, -36.25, -79.0
-8856, -2845, -1061, 13446, -734, -594, -1294, -542, 285, 1592, 0.08721253513237899, -0.3629363231605919, 1.9607682556325055, -0.2646484375, 0.13916015625, 0.77734375, -45.875, -37.125, -80.875
-8691, -2640, -1183, 13584, -831, -579, -1322, -493, -172, 1737, 0.054569862984342785, -0.3509539090654286, 1.9935480572468005, -0.24072265625, -0.083984375, 0.84814453125, -51.9375, -36.1875, -82.625
-8508, -2502, -1206, 13723, -78, -571, -1261, -519, -353, 1760, 0.03742879562604911, -0.3387019484368004, 2.0251767435115053, -0.25341796875, -0.17236328125, 0.859375, -4.875, -35.6875, -78.8125
-8306, -2430, -1113, 13867, 595, -609, -1269, -538, -197, 1842, 0.0373593094200213, -0.3256643343073722, 2.0560920628169512, -0.2626953125, -0.09619140625, 0.8994140625, 37.1875, -38.0625, -79.3125
-8098, -2389, -967, 14008, 809, -634, -1278, -550, 68, 1760, 0.04543507480031263, -0.3127519657597932, 2.086138738496297, -0.2685546875, 0.033203125, 0.859375, 50.5625, -39.625, -79.875
-7896, -2314, -861, 14142, 482, -660, -1287, -482, 129, 1777, 0.04753671651729701, -0.29890048847058753, 2.116002577161339, -0.2353515625, 0.06298828125, 0.86767578125, 30.125, -41.25, -80.4375
-7707, -2210, -802, 14266, 238, -677, -1218, -457, -11, 1753, 0.0434191129180336, -0.2847869666250456, 2.1447637366133914, -0.22314453125, -0.00537109375, 0.85595703125, 14.875, -42.3125, -76.125
-7524, -2098, -758, 14382, 223, -679, -1161, -470, -188, 1826, 0.03777015223820213, -0.2705917573440243, 2.1724311458188517, -0.2294921875, -0.091796875, 0.8916015625, 13.9375, -42.4375, -72.5625
-7343, -2009, -672, 14492, 478, -692, -1098, -501, -161, 1916, 0.03862612344101304, -0.25648721498716187, 2.1986034776961714, -0.24462890625, -0.07861328125, 0.935546875, 29.875, -43.25, -68.625
-7169, -1923, -570, 14595, 445, -729, -1065, -501, 52, 1898, 0.04196498881260703, -0.24190738088963765, 2.2233200680073355, -0.24462890625, 0.025390625, 0.9267578125, 27.8125, -45.5625, -66.5625
-7012, -1804, -518, 14688, 106, -730, -998, -392, 43, 1892, 0.03855362842216192, -0.22641070297081903, 2.2463833753133025, -0.19140625, 0.02099609375, 0.923828125, 6.625, -45.625, -62.375
-6872, -1658, -510, 14771, -103, -727, -902, -312, -139, 1897, 0.029414616425317362, -0.21012207041566347, 2.2675297627968427, -0.15234375, -0.06787109375, 0.92626953125, -6.4375, -45.4375, -56.375
-6740, -1523, -494, 14847, -4, -710, -828, -342, -232, 2040, 0.02225617510601137, -0.19450362342463975, 2.2870993151070325, -0.1669921875, -0.11328125, 0.99609375, -0.25, -44.375, -51.75
-6610, -1409, -438, 14918, 185, -707, -799, -348, -107, 2073, 0.02104652311305129, -0.17913447754691483, 2.305463765492737, -0.169921875, -0.05224609375, 1.01220703125, 11.5625, -44.1875, -49.9375
-6488, -1291, -389, 14984, 71, -690, -763, -264, -1, 2023, 0.019236579043980212, -0.1636602275116617, 2.3227602680999357, -0.12890625, -0.00048828125, 0.98779296875, 4.4375, -43.125, -47.6875
-6375, -1159, -376, 15044, -141, -643, -720, -175, -22, 2064, 0.013048614642924429, -0.14831044330069382, 2.339020530406741, -0.08544921875, -0.0107421875, 1.0078125, -8.8125, -40.1875, -45.0
-6267, -1028, -381, 15098, -228, -606, -684, -184, -52, 2177, 0.005188345261234975, -0.13382762068398318, 2.3543313740559215, -0.08984375, -0.025390625, 1.06298828125, -14.25, -37.875, -42.75
-6151, -912, -390, 15153, -223, -533, -734, -171, -52, 2223, -0.002251360421260517, -0.12113270551429822, 2.370510835352496, -0.08349609375, -0.025390625, 1.08544921875, -13.9375, -33.3125, -45.875
-6022, -801, -412, 15210, -309, -442, -808, -91, 0, 2247, -0.01081538759441142, -0.10947590195096593, 2.3881706729344474, -0.04443359375, 0.0, 1.09716796875, -19.3125, -27.625, -50.5
-5886, -695, -458, 15267, -463, -332, -857, -2, 46, 2201, -0.02172672351186256, -0.09930318182357623, 2.4066777287088854, -0.0009765625, 0.0224609375, 1.07470703125, -28.9375, -20.75, -53.5625
-5741, -595, -546, 15324, -662, -201, -905, 43, 0, 2213, -0.037051035048756426, -0.09141450645884912, 2.4263774018830437, 0.02099609375, 0.0, 1.08056640625, -41.375, -12.5625, -56.5625
-5582, -514, -658, 15381, -723, -76, -980, 8, -85, 2232, -0.05425705522031423, -0.08637607419618601, 2.4476594876235866, 0.00390625, -0.04150390625, 1.08984375, -45.1875, -4.75, -61.25
-5408, -460, -756, 15440, -577, 23, -1056, -16, -146, 2219, -0.06872651309346385, -0.08347522533886469, 2.4706245133814386, -0.0078125, -0.0712890625, 1.08349609375, -36.0625, 1.4375, -66.0
-5218, -431, -820, 15503, -362, 112, -1129, 17, -131, 2121, -0.07830041545644541, -0.08175352157929063, 2.495442246597178, 0.00830078125, -0.06396484375, 1.03564453125, -22.625, 7.0, -70.5625
-5016, -424, -861, 15567, -231, 167, -1187, -13, -82, 2046, -0.08439536574948746, -0.08144426952166776, 2.52155380386615, -0.00634765625, -0.0400390625, 0.9990234375, -14.4375, 10.4375, -74.1875
-4810, -426, -905, 15630, -206, 215, -1202, -23, -143, 2026, -0.09055143470497687, -0.08213386100182708, 2.548224144353644, -0.01123046875, -0.06982421875, 0.9892578125, -12.875, 13.4375, -75.125
-4593, -442, -941, 15692, -131, 268, -1262, -46, -163, 2008, -0.09537122938154102, -0.08397638585527747, 2.576076199598424, -0.0224609375, -0.07958984375, 0.98046875, -8.1875, 16.75, -78.875
-4360, -460, -986, 15756, -138, 296, -1341, -58, -230, 1968, -0.10135350840222286, -0.08613624243979436, 2.606052850196134, -0.0283203125, -0.1123046875, 0.9609375, -8.625, 18.5, -83.8125
-4107, -481, -1038, 15819, -139, 323, -1444, -68, -305, 1926, -0.10825596355580511, -0.08856908111893547, 2.638329324511388, -0.033203125, -0.14892578125, 0.9404296875, -8.6875, 20.1875, -90.25
-3841, -499, -1093, 15882, -168, 331, -1519, -34, -287, 1867, -0.11578538052622143, -0.09044913235942913, 2.672257790152582, -0.0166015625, -0.14013671875, 0.91162109375, -10.5, 20.6875, -94.9375
-3559, -529, -1170, 15941, -301, 375, -1609, -56, -296, 1879, -0.12581888981143421, -0.09399194920604112, 2.7081937213309892, -0.02734375, -0.14453125, 0.91748046875, -18.8125, 23.4375, -100.5625
-3263, -562, -1273, 15995, -433, 421, -1680, -85, -362, 1910, -0.13915851263521217, -0.09808007337125321, 2.7459370624452855, -0.04150390625, -0.1767578125, 0.9326171875, -27.0625, 26.3125, -105.0
-2955, -599, -1377, 16045, -435, 458, -1737, -84, -385, 1920, -0.1528118211708345, -0.10210117042988401, 2.7851503714334855, -0.041015625, -0.18798828125, 0.9375, -27.1875, 28.625, -108.5625
-2646, -639, -1472, 16089, -384, 465, -1735, -90, -401, 1880, -0.16553133648775936, -0.10581516934314518, 2.8243731378532195, -0.0439453125, -0.19580078125, 0.91796875, -24.0, 29.0625, -108.4375
-2334, -684, -1556, 16127, -321, 484, -1745, -117, -427, 1930, -0.17704529668080868, -0.10946314470034894, 2.8638431496639845, -0.05712890625, -0.20849609375, 0.9423828125, -20.0625, 30.25, -109.0625
-2017, -731, -1626, 16161, -252, 481, -1763, -184, -429, 1903, -0.1870684452370009, -0.11269246730974801, 2.9038371618581293, -0.08984375, -0.20947265625, 0.92919921875, -15.75, 30.0625, -110.1875
-1698, -775, -1693, 16189, -236, 464, -1769, -167, -453, 1881, -0.19696793527714673, -0.11515112265986197, 2.9439735213819036, -0.08154296875, -0.22119140625, 0.91845703125, -14.75, 29.0, -110.5625
-1380, -812, -1770, 16209, -296, 443, -1767, -119, -460, 1836, -0.20831376810574018, -0.11652467075681994, 2.983917543353731, -0.05810546875, -0.224609375, 0.896484375, -18.5, 27.6875, -110.4375
-1056, -842, -1868, 16221, -426, 426, -1802, -78, -477, 1845, -0.222465846933356, -0.11672257631332894, 3.024626005597193, -0.0380859375, -0.23291015625, 0.90087890625, -26.625, 26.625, -112.625
-727, -870, -1983, 16224, -517, 417, -1833, -98, -547, 1919, -0.23884809798108778, -0.11616620646228462, 3.0659871687503113, -0.0478515625, -0.26708984375, 0.93701171875, -32.3125, 26.0625, -114.5625
-404, -895, -2084, 16221, -451, 393, -1798, -146, -608, 1930, -0.2535248765467992, -0.11469018447261921, 3.106423380017607, -0.0712890625, -0.296875, 0.9423828125, -28.1875, 24.5625, -112.375
-85, -918, -2157, 16215, -286, 376, -1773, -165, -667, 1901, -0.2647447300939172, -0.112507879979356, -3.1370797431041844, -0.08056640625, -0.32568359375, 0.92822265625, -17.875, 23.5, -110.8125
234, -945, -2213, 16204, -207, 387, -1763, -227, -603, 1851, -0.27388164424913725, -0.11045534058831252, -3.097470809523315, -0.11083984375, -0.29443359375, 0.90380859375, -12.9375, 24.1875, -110.1875
540, -981, -2275, 16186, -255, 419, -1689, -278, -569, 1799, -0.2837674753937605, -0.10936865765347191, -3.059246981592293, -0.1357421875, -0.27783203125, 0.87841796875, -15.9375, 26.1875, -105.5625
816, -1026, -2350, 16161, -326, 400, -1539, -315, -603, 1791, -0.2952101749975903, -0.10947074508134758, -3.024392507713645, -0.15380859375, -0.29443359375, 0.87451171875, -20.375, 25.0, -96.1875
1072, -1064, -2422, 16133, -278, 366, -1418, -289, -704, 1860, -0.3061657510388747, -0.10876276754948364, -2.992085392995221, -0.14111328125, -0.34375, 0.908203125, -17.375, 22.875, -88.625
1311, -1101, -2468, 16106, -136, 330, -1326, -322, -730, 1819, -0.31384562959530754, -0.10822337786032821, -2.9620062908236706, -0.1572265625, -0.3564453125, 0.88818359375, -8.5, 20.625, -82.875
1528, -1131, -2496, 16080, -23, 278, -1204, -340, -771, 1835, -0.31910355870468815, -0.10728987436269723, -2.934808104182288, -0.166015625, -0.37646484375, 0.89599609375, -1.4375, 17.375, -75.25
1718, -1160, -2508, 16057, 50, 246, -1052, -348, -759, 1816, -0.3222468553584848, -0.10687611311547403, -2.9110082951010012, -0.169921875, -0.37060546875, 0.88671875, 3.125, 15.375, -65.75
1874, -1184, -2520, 16036, 47, 187, -869, -360, -775, 1810, -0.3251226944248467, -0.10647723636666936, -2.891425529432123, -0.17578125, -0.37841796875, 0.8837890625, 2.9375, 11.6875, -54.3125
1998, -1199, -2535, 16018, 28, 131, -697, -310, -783, 1815, -0.3280286682695179, -0.1055519544374164, -2.8759167412747493, -0.1513671875, -0.38232421875, 0.88623046875, 1.75, 8.1875, -43.5625
2097, -1205, -2559, 16001, -38, 81, -561, -252, -770, 1823, -0.33170724971433363, -0.10386132257343628, -2.863562247564605, -0.123046875, -0.3759765625, 0.89013671875, -2.375, 5.0625, -35.0625
2173, -1207, -2598, 15984, -119, 35, -437, -238, -796, 1825, -0.33699502032360423, -0.10185584466952421, -2.8539887484523594, -0.1162109375, -0.388671875, 0.89111328125, -7.4375, 2.1875, -27.3125
2223, -1205, -2648, 15969, -161, -9, -303, -214, -846, 1827, -0.343394541680793, -0.09967597479641771, -2.847632560332096, -0.1044921875, -0.4130859375, 0.89208984375, -10.0625, -0.5625, -18.9375
2255, -1193, -2690, 15959, -110, -62, -195, -175, -865, 1791, -0.3485060156104612, -0.09680854521574454, -2.843795385581232, -0.08544921875, -0.42236328125, 0.87451171875, -6.875, -3.875, -12.1875
2268, -1175, -2717, 15954, -16, -82, -87, -138, -865, 1751, -0.3515273242214831, -0.09389447559169477, -2.8424819020309675, -0.0673828125, -0.42236328125, 0.85498046875, -1.0, -5.125, -5.4375
2265, -1161, -2730, 15953, 30, -85, 8, -162, -830, 1750, -0.3528157497306182, -0.0920550963085481, -2.8430901731034366, -0.0791015625, -0.4052734375, 0.8544921875, 1.875, -5.3125, 0.5
2245, -1146, -2738, 15955, 35, -106, 101, -166, -805, 1779, -0.3533743688183294, -0.09055603119596897, -2.8458038461731094, -0.0810546875, -0.39306640625, 0.86865234375, 2.1875, -6.625, 6.3125
2209, -1129, -2750, 15959, 2, -125, 189, -149, -775, 1769, -0.3543125269542604, -0.08909983739289408, -2.850509617064505, -0.07275390625, -0.37841796875, 0.86376953125, 0.125, -7.8125, 11.8125
2160, -1112, -2764, 15965, -14, -142, 264, -146, -796, 1795, -0.35545197504734, -0.08790215558917396, -2.856820476891845, -0.0712890625, -0.388671875, 0.87646484375, -0.875, -8.875, 16.5
2096, -1095, -2771, 15973, 22, -166, 336, -179, -782, 1786, -0.355645338961389, -0.08715108571455733, -2.864936332144225, -0.08740234375, -0.3818359375, 0.8720703125, 1.375, -10.375, 21.0
2018, -1079, -2764, 15986, 85, -181, 421, -200, -765, 1780, -0.35409670922340336, -0.08706674573509536, -2.874854753297687, -0.09765625, -0.37353515625, 0.869140625, 5.3125, -11.3125, 26.3125
1926, -1062, -2750, 16001, 127, -185, 500, -187, -772, 1779, -0.3515954454714751, -0.08725686120779703, -2.886497371719031, -0.09130859375, -0.376953125, 0.86865234375, 7.9375, -11.5625, 31.25
1823, -1045, -2729, 16018, 153, -192, 571, -182, -736, 1771, -0.34818738716156766, -0.08776006921291038, -2.8995082835661523, -0.0888671875, -0.359375, 0.86474609375, 9.5625, -12.0, 35.6875
1705, -1032, -2708, 16035, 133, -194, 643, -206, -705, 1772, -0.3447626868134971, -0.08901021684029864, -2.9142129078702244, -0.1005859375, -0.34423828125, 0.865234375, 8.3125, -12.125, 40.1875
1574, -1018, -2687, 16053, 130, -206, 720, -203, -699, 1761, -0.34126625715978665, -0.09036897200417622, -2.9305328229416485, -0.09912109375, -0.34130859375, 0.85986328125, 8.125, -12.875, 45.0
1429, -1002, -2661, 16072, 163, -222, 802, -192, -718, 1782, -0.33704888697871843, -0.09178268556897491, -2.948608435099605, -0.09375, -0.3505859375, 0.8701171875, 10.1875, -13.875, 50.125
1273, -983, -2620, 16093, 231, -239, 862, -187, -681, 1822, -0.3308800590820695, -0.09314887874417302, -2.968152630392097, -0.09130859375, -0.33251953125, 0.8896484375, 14.4375, -14.9375, 53.875
1106, -958, -2569, 16115, 250, -266, 923, -174, -619, 1842, -0.32335209281681115, -0.0939922260997334, -2.989202049431146, -0.0849609375, -0.30224609375, 0.8994140625, 15.625, -16.625, 57.6875
928, -927, -2531, 16134, 164, -281, 983, -114, -588, 1872, -0.3173340738952995, -0.09407150779647538, -3.0116174826294606, -0.0556640625, -0.287109375, 0.9140625, 10.25, -17.5625, 61.4375
746, -899, -2516, 16147, 46, -268, 1003, -105, -622, 1901, -0.31420159975519246, -0.0943092441894831, -3.034299655273004, -0.05126953125, -0.3037109375, 0.92822265625, 2.875, -16.75, 62.6875
557, -878, -2505, 16158, 51, -272, 1036, -179, -671, 1904, -0.3116266150395802, -0.09544851052341129, -3.057671682076067, -0.08740234375, -0.32763671875, 0.9296875, 3.1875, -17.0, 64.75
359, -855, -2471, 16170, 143, -306, 1081, -220, -619, 1929, -0.3061464005627149, -0.09654747967351648, -3.0822898027372343, -0.107421875, -0.30224609375, 0.94189453125, 8.9375, -19.125, 67.5625
153, -828, -2429, 16181, 172, -328, 1127, -206, -556, 1895, -0.299635962869994, -0.09720599496111945, -3.107997303966264, -0.1005859375, -0.271484375, 0.92529296875, 10.75, -20.5, 70.4375
-57, -798, -2388, 16189, 141, -329, 1147, -172, -518, 1903, -0.29325176925946567, -0.09742089552008988, -3.134234384318643, -0.083984375, -0.2529296875, 0.92919921875, 8.8125, -20.5625, 71.6875
-272, -773, -2358, 16192, 99, -310, 1173, -182, -541, 1911, -0.28824757841511417, -0.0981908975378851, 3.1222614325389815, -0.0888671875, -0.26416015625, 0.93310546875, 6.1875, -19.375, 73.3125
-490, -749, -2326, 16193, 113, -302, 1197, -178, -550, 1900, -0.28302281110995386, -0.09901824279400975, 3.0952082048868754, -0.0869140625, -0.2685546875, 0.927734375, 7.0625, -18.875, 74.8125
-707, -724, -2287, 16192, 149, -301, 1193, -171, -519, 1879, -0.2769711196546731, -0.0995544943378603, 3.0682079035189016, -0.08349609375, -0.25341796875, 0.91748046875, 9.3125, -18.8125, 74.5625
-922, -703, -2246, 16187, 167, -285, 1191, -175, -528, 1874, -0.27068471423653306, -0.10038083623407318, 3.0414701319857254, -0.08544921875, -0.2578125, 0.9150390625, 10.4375, -17.8125, 74.4375
-1135, -686, -2195, 16182, 199, -271, 1174, -199, -468, 1871, -0.2632058745401586, -0.10144350962607218, 3.014981338213904, -0.09716796875, -0.228515625, 0.91357421875, 12.4375, -16.9375, 73.375
-1347, -670, -2140, 16173, 238, -255, 1179, -169, -479, 1868, -0.2552272677514131, -0.10238952370984446, 2.9885387144314586, -0.08251953125, -0.23388671875, 0.912109375, 14.875, -15.9375, 73.6875
-1554, -657, -2085, 16163, 233, -211, 1156, -147, -471, 1936, -0.24729801663921522, -0.10344332931319133, 2.9627589294081904, -0.07177734375, -0.22998046875, 0.9453125, 14.5625, -13.1875, 72.25
-1756, -650, -2025, 16150, 240, -206, 1127, -193, -419, 1949, -0.23871861801656794, -0.10489826075164892, 2.9375698752707953, -0.09423828125, -0.20458984375, 0.95166015625, 15.0, -12.875, 70.4375
-1957, -645, -1971, 16134, 230, -195, 1129, -213, -441, 1949, -0.23086583927447074, -0.10647373712878194, 2.9125366234975987, -0.10400390625, -0.21533203125, 0.95166015625, 14.375, -12.1875, 70.5625
-2156, -637, -1919, 16115, 215, -180, 1119, -159, -428, 1935, -0.22330450806172378, -0.10751488950508364, 2.8876565707839146, -0.07763671875, -0.208984375, 0.94482421875, 13.4375, -11.25, 69.9375
-2350, -631, -1865, 16094, 241, -150, 1102, -128, -427, 1926, -0.2155062647786432, -0.10852994997143342, 2.86334043033485, -0.0625, -0.20849609375, 0.9404296875, 15.0625, -9.375, 68.875
-2542, -631, -1800, 16073, 294, -135, 1090, -161, -399, 1952, -0.20630034990607476, -0.10987608545783181, 2.8392755431510763, -0.07861328125, -0.19482421875, 0.953125, 18.375, -8.4375, 68.125
-2732, -635, -1732, 16049, 317, -119, 1086, -160, -379, 1915, -0.19665388565439856, -0.1114149209261668, 2.815371689951969, -0.078125, -0.18505859375, 0.93505859375, 19.8125, -7.4375, 67.875
-2915, -639, -1669, 16023, 303, -98, 1053, -143, -372, 1893, -0.18765271165638356, -0.11277119065235303, 2.792290776466065, -0.06982421875, -0.181640625, 0.92431640625, 18.9375, -6.125, 65.8125
-3090, -643, -1607, 15996, 304, -85, 1012, -122, -369, 1880, -0.1788219345435518, -0.11387519117161715, 2.7701417800234447, -0.0595703125, -0.18017578125, 0.91796875, 19.0, -5.3125, 63.25
-3261, -642, -1547, 15968, 286, -78, 987, -83, -361, 1922, -0.1703777476933321, -0.11421389688965368, 2.748429042547073, -0.04052734375, -0.17626953125, 0.9384765625, 17.875, -4.875, 61.6875
-3428, -648, -1481, 15939, 280, -73, 964, -139, -257, 1994, -0.16108146447527766, -0.11503225199038832, 2.7271738812667587, -0.06787109375, -0.12548828125, 0.9736328125, 17.5, -4.5625, 60.25
-3598, -655, -1425, 15907, 190, -91, 975, -197, -189, 1992, -0.15294819123106193, -0.11608905012387816, 2.7056083556402983, -0.09619140625, -0.09228515625, 0.97265625, 11.875, -5.6875, 60.9375
-3768, -656, -1402, 15869, 56, -68, 980, -176, -262, 1957, -0.14891414704509992, -0.1171885149415657, 2.684064263512619, -0.0859375, -0.1279296875, 0.95556640625, 3.5, -4.25, 61.25
-3934, -658, -1390, 15830, 27, -47, 961, -186, -322, 1971, -0.14619806986989284, -0.11862602697174239, 2.663119234460215, -0.0908203125, -0.1572265625, 0.96240234375, 1.6875, -2.9375, 60.0625
-4098, -664, -1364, 15790, 89, -54, 946, -218, -281, 2029, -0.1416838159916869, -0.12005051720109482, 2.642235296045342, -0.1064453125, -0.13720703125, 0.99072265625, 5.5625, -3.375, 59.125
-4264, -675, -1325, 15749, 124, -67, 961, -255, -199, 2000, -0.13544100862877073, -0.12159768177082558, 2.6210127351944985, -0.12451171875, -0.09716796875, 0.9765625, 7.75, -4.1875, 60.0625
-4432, -682, -1301, 15704, 42, -65, 972, -253, -190, 1970, -0.13106530958719265, -0.12306737729533694, 2.59950849092398, -0.12353515625, -0.0927734375, 0.9619140625, 2.625, -4.0625, 60.75
-4599, -688, -1291, 15657, -28, -42, 968, -233, -205, 1987, -0.12837380010261487, -0.12481802145367056, 2.5782225463558257, -0.11376953125, -0.10009765625, 0.97021484375, -1.75, -2.625, 60.5
-4761, -696, -1284, 15609, -28, -18, 945, -237, -219, 1997, -0.1259776268078037, -0.12682815724467508, 2.557508862561372, -0.11572265625, -0.10693359375, 0.97509765625, -1.75, -1.125, 59.0625
-4918, -710, -1281, 15560, -12, 1, 922, -284, -251, 1970, -0.12384426224560542, -0.12961197194673782, 2.537398463647381, -0.138671875, -0.12255859375, 0.9619140625, -0.75, 0.0625, 57.625
-5066, -725, -1277, 15511, -6, 23, 880, -259, -254, 1963, -0.12157323168746925, -0.13237145951456705, 2.5182410910407027, -0.12646484375, -0.1240234375, 0.95849609375, -0.375, 1.4375, 55.0
-5207, -738, -1274, 15464, -15, 35, 837, -215, -241, 1907, -0.11952126466562404, -0.1348627363831423, 2.5000445849824717, -0.10498046875, -0.11767578125, 0.93115234375, -0.9375, 2.1875, 52.3125
-5344, -751, -1277, 15417, -28, 70, 816, -194, -257, 1927, -0.11816985385030636, -0.13754223171370453, 2.482405463814836, -0.0947265625, -0.12548828125, 0.94091796875, -1.75, 4.375, 51.0
-5478, -774, -1267, 15369, 29, 87, 810, -220, -215, 1959, -0.11487839866564571, -0.14080567814840608, 2.4648786188426044, -0.107421875, -0.10498046875, 0.95654296875, 1.8125, 5.4375, 50.625
-5612, -798, -1252, 15321, 59, 93, 809, -212, -199, 1963, -0.11092178516186434, -0.14393792989522725, 2.4473555771280493, -0.103515625, -0.09716796875, 0.95849609375, 3.6875, 5.8125, 50.5625
-5742, -822, -1249, 15271, 24, 115, 795, -213, -247, 1914, -0.10832810646353626, -0.14749331302924237, 2.4302358698789486, -0.10400390625, -0.12060546875, 0.9345703125, 1.5, 7.1875, 49.6875
-5869, -843, -1249, 15222, 22, 129, 778, -192, -284, 1959, -0.10619259476988276, -0.1507933556173999, 2.413603012238238, -0.09375, -0.138671875, 0.95654296875, 1.375, 8.0625, 48.625
-5998, -873, -1240, 15171, 47, 117, 791, -272, -205, 1980, -0.10254978828837134, -0.15470784494256007, 2.3965476411953643, -0.1328125, -0.10009765625, 0.966796875, 2.9375, 7.3125, 49.4375
-6132, -899, -1242, 15116, -32, 117, 815, -277, -178, 1959, -0.10022955009215223, -0.1586560310260614, 2.378835740492227, -0.13525390625, -0.0869140625, 0.95654296875, -2.0, 7.3125, 50.9375
-6265, -914, -1272, 15057, -147, 136, 818, -249, -268, 1899, -0.10154578103401939, -0.16262577705154835, 2.3612349903723633, -0.12158203125, -0.130859375, 0.92724609375, -9.1875, 8.5, 51.125
-6395, -924, -1309, 14999, -166, 143, 800, -243, -341, 1958, -0.10387590117299265, -0.16639414657815965, 2.344209826238617, -0.11865234375, -0.16650390625, 0.9560546875, -10.375, 8.9375, 50.0
-6524, -942, -1331, 14940, -120, 124, 799, -300, -241, 1979, -0.10405920276892108, -0.17037537031143601, 2.327014877954177, -0.146484375, -0.11767578125, 0.96630859375, -7.5, 7.75, 49.9375
-6660, -960, -1356, 14876, -225, 105, 825, -346, -90, 1991, -0.10443028145557579, -0.17457269062501446, 2.308792702742314, -0.1689453125, -0.0439453125, 0.97216796875, -14.0625, 6.5625, 51.5625
-6805, -962, -1412, 14806, -398, 101, 870, -343, -146, 1957, -0.10893355915873296, -0.17866043113969934, 2.2897501143239967, -0.16748046875, -0.0712890625, 0.95556640625, -24.875, 6.3125, 54.375
-6951, -959, -1477, 14732, -405, 112, 892, -323, -251, 1933, -0.11460809324971918, -0.18276991361745104, 2.2704286786568435, -0.15771484375, -0.12255859375, 0.94384765625, -25.3125, 7.0, 55.75
-7100, -972, -1516, 14655, -240, 105, 930, -377, -252, 1966, -0.11640826837441282, -0.1874213826305075, 2.250203885097762, -0.18408203125, -0.123046875, 0.9599609375, -15.0, 6.5625, 58.125
-7256, -1003, -1512, 14577, -25, 87, 979, -387, -171, 1917, -0.11228184521344428, -0.19184848447676725, 2.228668715510343, -0.18896484375, -0.08349609375, 0.93603515625, -1.5625, 5.4375, 61.1875
-7413, -1033, -1508, 14496, -29, 109, 996, -330, -154, 1882, -0.10809406450953939, -0.1961109558917059, 2.20678917685356, -0.1611328125, -0.0751953125, 0.9189453125, -1.8125, 6.8125, 62.25
-7563, -1066, -1512, 14415, -60, 138, 960, -363, -151, 1912, -0.10461531958268103, -0.2010393174953242, 2.1857241132594387, -0.17724609375, -0.07373046875, 0.93359375, -3.75, 8.625, 60.0
-7708, -1097, -1523, 14335, -58, 144, 933, -381, -215, 1905, -0.10199421308614248, -0.20608421179508996, 2.165417907693033, -0.18603515625, -0.10498046875, 0.93017578125, -3.625, 9.0, 58.3125
-7843, -1132, -1527, 14259, -12, 163, 882, -359, -194, 1873, -0.09841582603659041, -0.21105470719806277, 2.1463089970577687, -0.17529296875, -0.0947265625, 0.91455078125, -0.75, 10.1875, 55.125
-7972, -1170, -1534, 14183, -8, 183, 851, -379, -199, 1838, -0.09496175166177626, -0.21643509466531607, 2.1277644964500637, -0.18505859375, -0.09716796875, 0.8974609375, -0.5, 11.4375, 53.1875
-8091, -1201, -1558, 14110, -51, 200, 799, -373, -302, 1812, -0.0938263492032969, -0.2219976863371102, 2.110731296328322, -0.18212890625, -0.1474609375, 0.884765625, -3.1875, 12.5, 49.9375
-8191, -1219, -1598, 14046, -110, 215, 681, -330, -376, 1780, -0.0954294497294469, -0.22703711546686556, 2.0965544591348486, -0.1611328125, -0.18359375, 0.869140625, -6.875, 13.4375, 42.5625
-8273, -1216, -1654, 13992, -224, 214, 557, -252, -406, 1827, -0.10029665768301678, -0.23075906858301617, 2.0852719797383226, -0.123046875, -0.1982421875, 0.89208984375, -14.0, 13.375, 34.8125
-8365, -1230, -1699, 13931, -309, 155, 583, -488, -78, 1904, -0.10270316440423935, -0.23573253562379626, 2.0722831137816224, -0.23828125, -0.0380859375, 0.9296875, -19.3125, 9.6875, 36.4375
-8484, -1224, -1767, 13850, -543, 93, 738, -523, -13, 1851, -0.10828488963202591, -0.24030469269310467, 2.055420121016284, -0.25537109375, -0.00634765625, 0.90380859375, -33.9375, 5.8125, 46.125
-8620, -1184, -1868, 13756, -743, 73, 842, -433, -151, 1836, -0.11920751578687319, -0.24372460742319157, 2.0366190435686, -0.21142578125, -0.07373046875, 0.896484375, -46.4375, 4.5625, 52.625
-8763, -1138, -1962, 13657, -652, 28, 908, -431, -326, 1838, -0.12960426455276952, -0.24637734908759795, 2.0167405252671298, -0.21044921875, -0.1591796875, 0.8974609375, -40.75, 1.75, 56.75
-8909, -1115, -2006, 13557, -353, -31, 962, -477, -344, 1875, -0.13307275385745612, -0.2483202645969543, 1.995433323594171, -0.23291015625, -0.16796875, 0.91552734375, -22.0625, -1.9375, 60.125
-9061, -1111, -2013, 13455, -152, -58, 1013, -468, -280, 1833, -0.13123531882614647, -0.24986390117730845, 1.9727218816471386, -0.228515625, -0.13671875, 0.89501953125, -9.5, -3.625, 63.3125
-9210, -1107, -2020, 13353, -144, -31, 1006, -415, -287, 1810, -0.1294202881964137, -0.2513841766210123, 1.950354815075753, -0.20263671875, -0.14013671875, 0.8837890625, -9.0, -1.9375, 62.875
-9356, -1110, -2028, 13250, -125, 1, 1000, -447, -294, 1891, -0.1272322814706287, -0.2536579113820837, 1.9282271978829209, -0.21826171875, -0.1435546875, 0.92333984375, -7.8125, 0.0625, 62.5
-9503, -1135, -2012, 13145, 6, -2, 1019, -496, -200, 1883, -0.12092839531065723, -0.25641548178021006, 1.9052885436010285, -0.2421875, -0.09765625, 0.91943359375, 0.375, -0.125, 63.6875
-9648, -1160, -2000, 13039, -5, 33, 1014, -465, -197, 1871, -0.11500264190150876, -0.2593560821340267, 1.8825849767884535, -0.22705078125, -0.09619140625, 0.91357421875, -0.3125, 2.0625, 63.375
-9782, -1186, -1996, 12937, -10, 54, 956, -489, -226, 1851, -0.10994158598987297, -0.26280265009099096, 1.8613479748356643, -0.23876953125, -0.1103515625, 0.90380859375, -0.625, 3.375, 59.75
-9916, -1219, -1976, 12835, 47, 35, 954, -508, -143, 1895, -0.10267765592236124, -0.26567181603815365, 1.8398080841783595, -0.248046875, -0.06982421875, 0.92529296875, 2.9375, 2.1875, 59.625
-10053, -1257, -1951, 12727, 71, 34, 994, -518, -104, 1876, -0.09436790755622596, -0.2685403954531798, 1.8172157301618255, -0.2529296875, -0.05078125, 0.916015625, 4.4375, 2.125, 62.125
-10190, -1291, -1936, 12617, 46, 62, 1001, -500, -161, 1859, -0.0872851387416443, -0.2716725253808677, 1.7947802776747144, -0.244140625, -0.07861328125, 0.90771484375, 2.875, 3.875, 62.5625
-10321, -1333, -1910, 12509, 141, 65, 983, -515, -170, 1897, -0.07852506689058254, -0.2745447852419165, 1.7726975429184961, -0.25146484375, -0.0830078125, 0.92626953125, 8.8125, 4.0625, 61.4375
-10454, -1396, -1857, 12399, 265, 36, 1006, -552, -27, 1877, -0.06535569886771178, -0.27713472690104496, 1.7496600958180637, -0.26953125, -0.01318359375, 0.91650390625, 16.5625, 2.25, 62.875
-10590, -1448, -1814, 12284, 180, 41, 1027, -516, -9, 1845, -0.05388578660098125, -0.2792687428010047, 1.7262047686984436, -0.251953125, -0.00439453125, 0.90087890625, 11.25, 2.5625, 64.1875
-10723, -1483, -1790, 12168, 69, 57, 1004, -501, -47, 1877, -0.04560389217025592, -0.28114357889039704, 1.7033750964611742, -0.24462890625, -0.02294921875, 0.91650390625, 4.3125, 3.5625, 62.75
-10851, -1520, -1772, 12052, 76, 67, 988, -548, -79, 1900, -0.03774493130171123, -0.28353061837143, 1.6810026406698244, -0.267578125, -0.03857421875, 0.927734375, 4.75, 4.1875, 61.75
-10976, -1561, -1746, 11936, 129, 62, 984, -549, -66, 1904, -0.028786020338626515, -0.28546490745658815, 1.658646715777385, -0.26806640625, -0.0322265625, 0.9296875, 8.0625, 3.875, 61.5
-11101, -1607, -1711, 11819, 156, 65, 990, -522, 1, 1869, -0.018512712801710848, -0.2869463842820787, 1.6360856376509383, -0.2548828125, 0.00048828125, 0.91259765625, 9.75, 4.0625, 61.875
-11226, -1649, -1683, 11698, 104, 72, 993, -528, 43, 1880, -0.009140152815838609, -0.28847252773294413, 1.6132299171679307, -0.2578125, 0.02099609375, 0.91796875, 6.5, 4.5, 62.0625
-11352, -1688, -1658, 11575, 78, 79, 1003, -521, 45, 1896, -0.0002268242190772857, -0.28984728235561835, 1.59032609388679, -0.25439453125, 0.02197265625, 0.92578125, 4.875, 4.9375, 62.6875
-11475, -1724, -1635, 11450, 77, 73, 1000, -537, 41, 1899, 0.008260921018572256, -0.2909453468862637, 1.5673585012965041, -0.26220703125, 0.02001953125, 0.92724609375, 4.8125, 4.5625, 62.5
-11596, -1757, -1614, 11326, 71, 70, 993, -522, 32, 1863, 0.016291084383594338, -0.2918344347757125, 1.5448531753182249, -0.2548828125, 0.015625, 0.90966796875, 4.4375, 4.375, 62.0625
-11715, -1790, -1593, 11200, 79, 78, 989, -504, 18, 1832, 0.024344099415292992, -0.29256788287774776, 1.52221936739988, -0.24609375, 0.0087890625, 0.89453125, 4.9375, 4.875, 61.8125
-11829, -1821, -1578, 11077, 97, 93, 970, -527, -36, 1847, 0.03161513265427983, -0.2935592356374486, 1.5004694902788676, -0.25732421875, -0.017578125, 0.90185546875, 6.0625, 5.8125, 60.625
-11939, -1857, -1558, 10956, 129, 90, 948, -515, -17, 1831, 0.0397266247651933, -0.2944067795217488, 1.4791424604011056, -0.25146484375, -0.00830078125, 0.89404296875, 8.0625, 5.625, 59.25
-12046, -1878, -1545, 10836, 14, 81, 911, -480, 63, 1825, 0.04580265095085262, -0.2945221946616477, 1.4583530474768862, -0.234375, 0.03076171875, 0.89111328125, 0.875, 5.0625, 56.9375
-12156, -1870, -1559, 10712, -215, 80, 900, -485, 74, 1799, 0.04698150431462498, -0.2946901081720216, 1.437727675265524, -0.23681640625, 0.0361328125, 0.87841796875, -13.4375, 5.0, 56.25
-12268, -1838, -1595, 10583, -357, 73, 921, -525, -15, 1824, 0.04415600036626457, -0.2949733054521657, 1.416987585524485, -0.25634765625, -0.00732421875, 0.890625, -22.3125, 4.5625, 57.5625
-12385, -1820, -1615, 10447, -260, 40, 981, -560, 15, 1838, 0.04415618209135023, -0.2949445018445255, 1.394931341921677, -0.2734375, 0.00732421875, 0.8974609375, -16.25, 2.5, 61.3125
-12509, -1821, -1609, 10299, -144, -3, 1071, -557, 110, 1821, 0.048342496523943866, -0.2939023605941547, 1.3705048163812765, -0.27197265625, 0.0537109375, 0.88916015625, -9.0, -0.1875, 66.9375
-12642, -1818, -1597, 10137, -139, -28, 1166, -535, 88, 1807, 0.05288186568668078, -0.29185477049375863, 1.343959386836161, -0.26123046875, 0.04296875, 0.88232421875, -8.6875, -1.75, 72.875
-12778, -1816, -1576, 9970, -74, -47, 1211, -503, 36, 1832, 0.05826747678387948, -0.2889411012564915, 1.316773950582391, -0.24560546875, 0.017578125, 0.89453125, -4.625, -2.9375, 75.6875
-12913, -1835, -1531, 9798, 89, -63, 1254, -484, 67, 1867, 0.06755598567456648, -0.2850995225530703, 1.2885655371865472, -0.236328125, 0.03271484375, 0.91162109375, 5.5625, -3.9375, 78.375
-13047, -1873, -1471, 9620, 185, -71, 1286, -480, 158, 1829, 0.07984815363933379, -0.280919333267784, 1.2594149438579947, -0.234375, 0.0771484375, 0.89306640625, 11.5625, -4.4375, 80.375
-13179, -1904, -1416, 9441, 130, -53, 1277, -440, 188, 1838, 0.09092668542387702, -0.2764767221910309, 1.2306436883665235, -0.21484375, 0.091796875, 0.8974609375, 8.125, -3.3125, 79.8125
-13308, -1934, -1363, 9259, 114, -42, 1273, -444, 224, 1851, 0.10163657119220522, -0.2718993238481074, 1.201796699789571, -0.216796875, 0.109375, 0.90380859375, 7.125, -2.625, 79.5625
-13437, -1969, -1311, 9072, 109, -44, 1294, -486, 291, 1894, 0.11275121365773938, -0.2675161225755246, 1.1725714863941596, -0.2373046875, 0.14208984375, 0.9248046875, 6.8125, -2.75, 80.875
-13564, -1996, -1267, 8881, 61, -25, 1304, -470, 286, 1893, 0.12238697377046327, -0.26314145255469856, 1.1432248159951133, -0.2294921875, 0.1396484375, 0.92431640625, 3.8125, -1.5625, 81.5
-13687, -2022, -1221, 8690, 38, -35, 1280, -471, 358, 1922, 0.1318857267852946, -0.2582906793224552, 1.1142124360466086, -0.22998046875, 0.1748046875, 0.9384765625, 2.375, -2.1875, 80.0
-13809, -2041, -1175, 8498, -8, -52, 1279, -440, 392, 1887, 0.14050594610041597, -0.252799997745512, 1.0854963243215228, -0.21484375, 0.19140625, 0.92138671875, -0.5, -3.25, 79.9375
-13927, -2042, -1139, 8307, -68, -33, 1255, -387, 318, 1897, 0.14634175781315376, -0.24707710137782665, 1.0574295995839507, -0.18896484375, 0.1552734375, 0.92626953125, -4.25, -2.0625, 78.4375
-14039, -2063, -1096, 8118, 43, -20, 1238, -402, 342, 1915, 0.1545895578164988, -0.2417666647058746, 1.029784263174434, -0.1962890625, 0.1669921875, 0.93505859375, 2.6875, -1.25, 77.375
-14141, -2099, -1045, 7935, 169, -13, 1206, -392, 318, 1886, 0.1646691593180809, -0.23638884207519306, 1.0030863310842002, -0.19140625, 0.1552734375, 0.9208984375, 10.5625, -0.8125, 75.375
-14234, -2154, -990, 7760, 251, 6, 1144, -395, 401, 1888, 0.17681227003429026, -0.23159250384593386, 0.9776700488508251, -0.19287109375, 0.19580078125, 0.921875, 15.6875, 0.375, 71.5
-14319, -2208, -939, 7592, 254, 7, 1086, -406, 407, 1883, 0.1883623582205747, -0.22701711908836872, 0.9534802055828845, -0.1982421875, 0.19873046875, 0.91943359375, 15.875, 0.4375, 67.875
-14398, -2267, -889, 7430, 237, 10, 1038, -422, 511, 1886, 0.2002224152638191, -0.22269848442812207, 0.930343731710116, -0.2060546875, 0.24951171875, 0.9208984375, 14.8125, 0.625, 64.875
-14475, -2314, -844, 7269, 142, 5, 1011, -409, 581, 1882, 0.210341388794563, -0.21806948784461028, 0.9076495214375015, -0.19970703125, 0.28369140625, 0.9189453125, 8.875, 0.3125, 63.1875
-14553, -2344, -811, 7106, 46, 28, 1018, -396, 543, 1839, 0.21785198043911494, -0.21365753346105537, 0.8850138313167529, -0.193359375, 0.26513671875, 0.89794921875, 2.875, 1.75, 63.625
-14629, -2361, -786, 6946, 41, 52, 993, -357, 429, 1895, 0.22334872336066217, -0.20938211804164886, 0.8630562069995906, -0.17431640625, 0.20947265625, 0.92529296875, 2.5625, 3.25, 62.0625
-14694, -2414, -754, 6792, 252, 70, 966, -407, 444, 1890, 0.23312401081253684, -0.20616325938475769, 0.841745867280151, -0.19873046875, 0.216796875, 0.9228515625, 15.75, 4.375, 60.375
-14751, -2489, -714, 6645, 361, 76, 918, -406, 506, 1871, 0.24566133832197232, -0.20309254837884613, 0.8213972248649994, -0.1982421875, 0.2470703125, 0.91357421875, 22.5625, 4.75, 57.375
-14802, -2562, -679, 6505, 314, 101, 857, -377, 594, 1833, 0.25757390369382704, -0.20039093000963742, 0.8020951731215231, -0.18408203125, 0.2900390625, 0.89501953125, 19.625, 6.3125, 53.5625
-14852, -2611, -660, 6373, 167, 126, 792, -347, 577, 1787, 0.2658533975561515, -0.19830712185796825, 0.784116763123754, -0.16943359375, 0.28173828125, 0.87255859375, 10.4375, 7.875, 49.5
-14900, -2653, -643, 6244, 164, 119, 776, -365, 549, 1876, 0.27315766364139027, -0.19605671941711697, 0.766667674887651, -0.17822265625, 0.26806640625, 0.916015625, 10.25, 7.4375, 48.5
-14945, -2715, -618, 6110, 211, 82, 809, -440, 707, 1836, 0.28316868239735926, -0.19361613336446765, 0.7485199086025932, -0.21484375, 0.34521484375, 0.896484375, 13.1875, 5.125, 50.5625
-14996, -2751, -596, 5970, 32, 70, 827, -386, 771, 1823, 0.29005801108303036, -0.1900976790014822, 0.7299224395761945, -0.1884765625, 0.37646484375, 0.89013671875, 2.0, 4.375, 51.6875
-15052, -2737, -595, 5833, -193, 78, 804, -376, 626, 1835, 0.2901126855245036, -0.186758644311609, 0.7120391476987875, -0.18359375, 0.3056640625, 0.89599609375, -12.0625, 4.875, 50.25
-15105, -2727, -594, 5701, -109, 73, 792, -388, 522, 1854, 0.2905598792886549, -0.18371241080839062, 0.6948791067695285, -0.189453125, 0.2548828125, 0.9052734375, -6.8125, 4.5625, 49.5
-15150, -2750, -582, 5571, 87, 70, 783, -400, 536, 1841, 0.29526711451300347, -0.18082253809376173, 0.6778505253704505, -0.1953125, 0.26171875, 0.89892578125, 5.4375, 4.375, 48.9375
-15190, -2791, -565, 5442, 159, 88, 768, -373, 611, 1842, 0.3022457852704429, -0.17804675235097708, 0.6609114509050412, -0.18212890625, 0.29833984375, 0.8994140625, 9.9375, 5.5, 48.0
-15226, -2835, -553, 5317, 163, 113, 733, -370, 643, 1813, 0.30931019265609627, -0.17594792303926277, 0.6444564998503712, -0.1806640625, 0.31396484375, 0.88525390625, 10.1875, 7.0625, 45.8125
-15260, -2871, -545, 5201, 125, 124, 679, -347, 631, 1811, 0.3151782948635857, -0.17409495249880078, 0.6292778225101936, -0.16943359375, 0.30810546875, 0.88427734375, 7.8125, 7.75, 42.4375
-15290, -2912, -538, 5088, 160, 126, 655, -356, 625, 1797, 0.32154217082111863, -0.17253304527906746, 0.6144464133261148, -0.173828125, 0.30517578125, 0.87744140625, 10.0, 7.875, 40.9375
-15317, -2969, -527, 4976, 225, 121, 656, -386, 699, 1811, 0.3299669817679399, -0.17104733808680228, 0.5997445712960118, -0.1884765625, 0.34130859375, 0.88427734375, 14.0625, 7.5625, 41.0
-15341, -3027, -513, 4864, 238, 110, 652, -369, 722, 1784, 0.3385641773855131, -0.1691382026717463, 0.5850786091662508, -0.18017578125, 0.3525390625, 0.87109375, 14.875, 6.875, 40.75
-15365, -3082, -497, 4755, 234, 107, 632, -337, 714, 1789, 0.3468478105122576, -0.16685640514158953, 0.5709548992654924, -0.16455078125, 0.3486328125, 0.87353515625, 14.625, 6.6875, 39.5
-15386, -3136, -484, 4652, 250, 103, 601, -353, 684, 1762, 0.3548319097572185, -0.16492387451731264, 0.5575992934068039, -0.17236328125, 0.333984375, 0.8603515625, 15.625, 6.4375, 37.5625
-15403, -3195, -470, 4559, 256, 91, 546, -372, 756, 1784, 0.36335953710769714, -0.16318630715627702, 0.5455553949078329, -0.181640625, 0.369140625, 0.87109375, 16.0, 5.6875, 34.125
-15418, -3245, -461, 4471, 192, 90, 503, -365, 782, 1726, 0.3705546446577992, -0.16175692394709376, 0.5341320482708142, -0.17822265625, 0.3818359375, 0.8427734375, 12.0, 5.625, 31.4375
-15434, -3280, -457, 4391, 121, 98, 456, -346, 762, 1737, 0.37571754230858984, -0.16054710657589422, 0.5238177014774898, -0.1689453125, 0.3720703125, 0.84814453125, 7.5625, 6.125, 28.5
-15446, -3319, -454, 4319, 128, 91, 411, -357, 804, 1738, 0.3812498562487588, -0.15972769055272307, 0.5144656639877919, -0.17431640625, 0.392578125, 0.8486328125, 8.0, 5.6875, 25.6875
-15456, -3358, -452, 4254, 139, 82, 372, -370, 805, 1738, 0.38669661853343246, -0.15915265528916947, 0.5060017189877608, -0.1806640625, 0.39306640625, 0.8486328125, 8.6875, 5.125, 23.25
-15462, -3400, -446, 4196, 137, 64, 327, -361, 866, 1722, 0.3925267904484557, -0.1583332796208664, 0.49844909099404283, -0.17626953125, 0.4228515625, 0.8408203125, 8.5625, 4.0, 20.4375
-15468, -3442, -438, 4143, 150, 48, 304, -357, 854, 1722, 0.39840171169450084, -0.15737316674078702, 0.49162290556698146, -0.17431640625, 0.4169921875, 0.8408203125, 9.375, 3.0, 19.0
-15470, -3486, -429, 4100, 163, 31, 251, -362, 883, 1711, 0.40443834220039737, -0.15657387586607252, 0.4860453410473023, -0.1767578125, 0.43115234375, 0.83544921875, 10.1875, 1.9375, 15.6875
-15470, -3527, -421, 4064, 122, 15, 207, -375, 927, 1685, 0.4100018127341833, -0.15595062572404159, 0.48134290550773057, -0.18310546875, 0.45263671875, 0.82275390625, 7.625, 0.9375, 12.9375
-15472, -3552, -413, 4036, 36, -14, 161, -358, 927, 1655, 0.4135424476799062, -0.15503967946683522, 0.4778060477062613, -0.1748046875, 0.45263671875, 0.80810546875, 2.25, -0.875, 10.0625
-15474, -3565, -403, 4015, 2, -35, 125, -329, 892, 1685, 0.4155729647850114, -0.1537102502573253, 0.47527278451005234, -0.16064453125, 0.435546875, 0.82275390625, 0.125, -2.1875, 7.8125
-15474, -3582, -392, 4003, 25, -49, 82, -353, 921, 1712, 0.4180673249637238, -0.15261754879660605, 0.47388431399614295, -0.17236328125, 0.44970703125, 0.8359375, 1.5625, -3.0625, 5.125
-15471, -3602, -384, 3996, 33, -55, 52, -383, 925, 1692, 0.4207845186254767, -0.15208915745503354, 0.4730041577739408, -0.18701171875, 0.45166015625, 0.826171875, 2.0625, -3.4375, 3.25
-15468, -3614, -375, 3997, -6, -64, 0, -346, 935, 1686, 0.4224774849418877, -0.1514198688977567, 0.4732188060759034, -0.1689453125, 0.45654296875, 0.8232421875, -0.375, -4.0, 0.0
-15465, -3618, -368, 4007, -53, -79, -45, -353, 950, 1714, 0.4230685063003133, -0.15098868665872592, 0.4745926510936092, -0.17236328125, 0.4638671875, 0.8369140625, -3.3125, -4.9375, -2.8125
-15463, -3611, -360, 4022, -115, -93, -81, -335, 959, 1719, 0.4222836406165794, -0.15024772698434788, 0.4766991277586, -0.16357421875, 0.46826171875, 0.83935546875, -7.1875, -5.8125, -5.0625
-15461, -3592, -354, 4047, -189, -104, -140, -312, 971, 1722, 0.4198842136336272, -0.14964413283170264, 0.48010565194739135, -0.15234375, 0.47412109375, 0.8408203125, -11.8125, -6.5, -8.75
-15458, -3564, -349, 4083, -250, -121, -207, -306, 984, 1708, 0.4162589161358654, -0.14916671569461287, 0.48493480587731197, -0.1494140625, 0.48046875, 0.833984375, -15.625, -7.5625, -12.9375
-15451, -3546, -334, 4128, -240, -167, -259, -280, 1089, 1647, 0.4140682793741518, -0.1480507460479256, 0.49103592959368997, -0.13671875, 0.53173828125, 0.80419921875, -15.0, -10.4375, -16.1875
-15445, -3512, -308, 4179, -302, -228, -283, -232, 1062, 1654, 0.41015558807703584, -0.1453031661392826, 0.49822871657765094, -0.11328125, 0.5185546875, 0.8076171875, -18.875, -14.25, -17.6875
-15436, -3466, -283, 4252, -343, -268, -405, -241, 1061, 1753, 0.4046067111902693, -0.1428346356057496, 0.5082582382650425, -0.11767578125, 0.51806640625, 0.85595703125, -21.4375, -16.75, -25.3125
-15419, -3424, -267, 4348, -348, -278, -536, -315, 1076, 1727, 0.39912839487732316, -0.14207145347605402, 0.5209458587840606, -0.15380859375, 0.525390625, 0.84326171875, -21.75, -17.375, -33.5
-15399, -3367, -261, 4462, -414, -271, -641, -312, 1017, 1712, 0.39139924684022726, -0.1423594800930363, 0.5358206494569013, -0.15234375, 0.49658203125, 0.8359375, -25.875, -16.9375, -40.0625
-15375, -3302, -262, 4591, -412, -267, -728, -322, 911, 1725, 0.38237295903762736, -0.14345123381210126, 0.5525451949239614, -0.1572265625, 0.44482421875, 0.84228515625, -25.75, -16.6875, -45.5
-15345, -3245, -264, 4732, -314, -244, -804, -299, 801, 1760, 0.3742008798678301, -0.14509769248097773, 0.5707838073741869, -0.14599609375, 0.39111328125, 0.859375, -19.625, -15.25, -50.25
-15303, -3208, -270, 4889, -208, -219, -902, -326, 820, 1804, 0.36813010382802913, -0.14818031468993179, 0.5908557660868723, -0.1591796875, 0.400390625, 0.880859375, -13.0, -13.6875, -56.375
-15255, -3176, -278, 5055, -184, -205, -967, -325, 822, 1792, 0.3624725398026721, -0.151796057344985, 0.6120838197082666, -0.15869140625, 0.4013671875, 0.875, -11.5, -12.8125, -60.4375
-15205, -3139, -285, 5226, -194, -208, -1000, -301, 790, 1812, 0.3561785217817615, -0.1551304062689726, 0.6341357662549283, -0.14697265625, 0.3857421875, 0.884765625, -12.125, -13.0, -62.5
-15152, -3099, -291, 5401, -186, -214, -1020, -292, 739, 1831, 0.3494871129526214, -0.15821617543683614, 0.6568555025627668, -0.142578125, 0.36083984375, 0.89404296875, -11.625, -13.375, -63.75
-15095, -3061, -291, 5580, -144, -221, -1051, -261, 713, 1845, 0.34319228960972104, -0.16067698024382368, 0.6802930853473056, -0.12744140625, 0.34814453125, 0.90087890625, -9.0, -13.8125, -65.6875
-15036, -3017, -293, 5761, -180, -223, -1073, -247, 691, 1806, 0.3360710575115556, -0.1630433703573374, 0.7041320279486715, -0.12060546875, 0.33740234375, 0.8818359375, -11.25, -13.9375, -67.0625
-14978, -2955, -297, 5941, -278, -231, -1075, -219, 669, 1817, 0.32674001597547175, -0.16468690163964092, 0.7280771872270481, -0.10693359375, 0.32666015625, 0.88720703125, -17.375, -14.4375, -67.1875
-14920, -2876, -298, 6121, -350, -260, -1074, -175, 630, 1811, 0.3155404128626754, -0.1650346035335034, 0.7523102990454814, -0.08544921875, 0.3076171875, 0.88427734375, -21.875, -16.25, -67.125
-14862, -2771, -304, 6308, -450, -264, -1116, -132, 543, 1867, 0.3010849692676423, -0.16463701578996331, 0.7777753452920415, -0.064453125, 0.26513671875, 0.91162109375, -28.125, -16.5, -69.75
-14797, -2670, -317, 6501, -413, -245, -1161, -173, 475, 1921, 0.2867591224906476, -0.16502072830547324, 0.8040637853701551, -0.08447265625, 0.23193359375, 0.93798828125, -25.8125, -15.3125, -72.5625
-14726, -2590, -325, 6692, -287, -233, -1154, -190, 450, 1919, 0.2751350544391338, -0.16554880269124814, 0.8301484053976896, -0.0927734375, 0.2197265625, 0.93701171875, -17.9375, -14.5625, -72.125
-14650, -2516, -331, 6884, -218, -194, -1171, -137, 381, 1952, 0.26430083042983366, -0.16593454525610832, 0.8564966120316849, -0.06689453125, 0.18603515625, 0.953125, -13.625, -12.125, -73.1875
-14565, -2464, -335, 7079, -105, -165, -1195, -163, 378, 1983, 0.25603389686097733, -0.1670877292529184, 0.8832570953307658, -0.07958984375, 0.1845703125, 0.96826171875, -6.5625, -10.3125, -74.6875
-14476, -2415, -346, 7277, -77, -128, -1222, -180, 329, 2021, 0.24773024493748752, -0.16905800819379813, 0.9105846046619771, -0.087890625, 0.16064453125, 0.98681640625, -4.8125, -8.0, -76.375
-14378, -2385, -358, 7476, 12, -88, -1247, -202, 337, 2016, 0.24141892375477877, -0.17204380918618445, 0.9380524752658246, -0.0986328125, 0.16455078125, 0.984375, 0.75, -5.5, -77.9375
-14279, -2365, -365, 7671, 68, -60, -1229, -167, 330, 1998, 0.2365162086230965, -0.17488916729189774, 0.9652112064213075, -0.08154296875, 0.1611328125, 0.9755859375, 4.25, -3.75, -76.8125
-14176, -2360, -368, 7859, 170, -46, -1197, -186, 296, 2001, 0.23348531989220397, -0.17799403334565522, 0.9914571524617244, -0.0908203125, 0.14453125, 0.97705078125, 10.625, -2.875, -74.8125
-14068, -2372, -358, 8048, 291, -59, -1202, -192, 298, 1999, 0.2330184698635514, -0.18073657310390204, 1.0180548537819876, -0.09375, 0.1455078125, 0.97607421875, 18.1875, -3.6875, -75.125
-13955, -2391, -345, 8238, 322, -57, -1213, -211, 326, 2022, 0.2334276214956023, -0.18365584814656702, 1.0449834319191345, -0.10302734375, 0.1591796875, 0.9873046875, 20.125, -3.5625, -75.8125
-13843, -2403, -341, 8421, 234, -32, -1198, -218, 377, 1999, 0.2325563674321801, -0.18702604545349963, 1.071113497762424, -0.1064453125, 0.18408203125, 0.97607421875, 14.625, -2.0, -74.875
-13734, -2392, -360, 8601, 78, 17, -1187, -217, 328, 2009, 0.22777743847483437, -0.19128708790999818, 1.0971136541159812, -0.10595703125, 0.16015625, 0.98095703125, 4.875, 1.0625, -74.1875
-13627, -2381, -385, 8771, 69, 60, -1140, -223, 291, 2035, 0.22264076352472106, -0.19593604915492077, 1.121849884757217, -0.10888671875, 0.14208984375, 0.99365234375, 4.3125, 3.75, -71.25
-13520, -2376, -412, 8936, 103, 96, -1118, -231, 285, 2092, 0.2179858787231641, -0.20104334747009478, 1.1460718786637, -0.11279296875, 0.13916015625, 1.021484375, 6.4375, 6.0, -69.875
-13411, -2381, -441, 9096, 145, 144, -1097, -248, 271, 2120, 0.21418858381610137, -0.20689909270000773, 1.1697100379363572, -0.12109375, 0.13232421875, 1.03515625, 9.0625, 9.0, -68.5625
-13299, -2396, -473, 9252, 168, 194, -1091, -266, 302, 2148, 0.21113346241940936, -0.21365198324031417, 1.19290287827342, -0.1298828125, 0.1474609375, 1.048828125, 10.5, 12.125, -68.1875
-13188, -2422, -511, 9402, 177, 244, -1066, -304, 330, 2138, 0.20877039295328736, -0.2216831943379989, 1.2154185950885095, -0.1484375, 0.1611328125, 1.0439453125, 11.0625, 15.25, -66.625
-13075, -2447, -559, 9550, 157, 296, -1067, -311, 289, 2106, 0.20544490377003777, -0.2306057038586988, 1.2378896823055958, -0.15185546875, 0.14111328125, 1.0283203125, 9.8125, 18.5, -66.6875
-12961, -2478, -613, 9693, 149, 342, -1055, -332, 311, 2088, 0.2021741478181756, -0.24046363130008466, 1.259837625240618, -0.162109375, 0.15185546875, 1.01953125, 9.3125, 21.375, -65.9375
-12846, -2512, -674, 9832, 124, 382, -1048, -363, 313, 2053, 0.1985399277130688, -0.25115508183641067, 1.2814569065357675, -0.17724609375, 0.15283203125, 1.00244140625, 7.75, 23.875, -65.5
-12729, -2546, -746, 9969, 76, 422, -1053, -389, 332, 2021, 0.19388004508746545, -0.26287019207443957, 1.3031269628013922, -0.18994140625, 0.162109375, 0.98681640625, 4.75, 26.375, -65.8125
-12612, -2578, -827, 10101, 8, 445, -1046, -430, 346, 1964, 0.1881539747366332, -0.27518648963953096, 1.324404492440188, -0.2099609375, 0.1689453125, 0.958984375, 0.5, 27.8125, -65.375
-12498, -2601, -923, 10229, -85, 478, -1030, -454, 331, 1918, 0.18021773901918925, -0.2881455332970865, 1.3456226404005838, -0.2216796875, 0.16162109375, 0.9365234375, -5.3125, 29.875, -64.375
-12382, -2620, -1026, 10354, -104, 493, -1029, -481, 264, 1902, 0.17105553113386823, -0.30130549909276394, 1.3668463990068942, -0.23486328125, 0.12890625, 0.9287109375, -6.5, 30.8125, -64.3125
-12261, -2647, -1125, 10480, -30, 506, -1035, -499, 209, 1879, 0.1626287849384959, -0.31461857676598926, 1.3886274325256758, -0.24365234375, 0.10205078125, 0.91748046875, -1.875, 31.625, -64.6875
-12134, -2692, -1215, 10606, 62, 513, -1038, -542, 217, 1818, 0.1563180510271199, -0.3284398253812513, 1.4106901511822372, -0.2646484375, 0.10595703125, 0.8876953125, 3.875, 32.0625, -64.875
-12002, -2735, -1307, 10733, 37, 514, -1072, -567, 236, 1778, 0.1492266803348107, -0.3422254839372654, 1.4334377609664037, -0.27685546875, 0.115234375, 0.8681640625, 2.3125, 32.125, -67.0
-11869, -2772, -1404, 10859, -13, 502, -1082, -597, 224, 1741, 0.1407968839368879, -0.35589356084390444, 1.4566596170472332, -0.29150390625, 0.109375, 0.85009765625, -0.8125, 31.375, -67.625
-11733, -2805, -1503, 10984, -17, 493, -1083, -630, 177, 1728, 0.13141662985144512, -0.369277818821575, 1.4803131143124504, -0.3076171875, 0.08642578125, 0.84375, -1.0625, 30.8125, -67.6875
-11593, -2847, -1590, 11109, 46, 475, -1087, -672, 196, 1738, 0.12350985757630342, -0.38221602674379507, 1.504262188623475, -0.328125, 0.095703125, 0.8486328125, 2.875, 29.6875, -67.9375
-11450, -2886, -1677, 11234, 57, 449, -1088, -699, 140, 1680, 0.1149099499313219, -0.39479734218438994, 1.5287928942743076, -0.34130859375, 0.068359375, 0.8203125, 3.5625, 28.0625, -68.0
-11304, -2924, -1760, 11359, 59, 419, -1104, -752, 157, 1690, 0.1061590666152481, -0.4068202109618288, 1.5538150231989174, -0.3671875, 0.07666015625, 0.8251953125, 3.6875, 26.1875, -69.0
-11304, -2924, -1760, 11359, 59, 419, -1104, -752, 157, 1690, 0.1061590666152481, -0.4068202109618288, 1.5538150231989174, -0.3671875, 0.07666015625, 0.8251953125, 3.6875, 26.1875, -69.0
