-15401, -3265, 2987, 3415, -63, 140, -145, 482, 897, 1705, 0.485505335123695, 0.26268428097986757, 0.5018199592866316, 0.2353515625, 0.43798828125, 0.83251953125, -3.9375, 8.75, -9.0625
-15403, -3267, 2951, 3438, -54, 147, -151, 457, 888, 1696, 0.4846628386435115, 0.25782294119539273, 0.503297008327138, 0.22314453125, 0.43359375, 0.828125, -3.375, 9.1875, -9.4375
-15404, -3271, 2913, 3461, -49, 165, -154, 462, 897, 1693, 0.4839661510541598, 0.2526532383491805, 0.5047119556383876, 0.2255859375, 0.43798828125, 0.82666015625, -3.0625, 10.3125, -9.625
-15405, -3277, 2872, 3485, -44, 182, -173, 457, 889, 1704, 0.4834132038425283, 0.24705457215710705, 0.506173907592233, 0.22314453125, 0.43408203125, 0.83203125, -2.75, 11.375, -10.8125
-15406, -3284, 2827, 3510, -39, 194, -175, 431, 907, 1732, 0.4828320651947786, 0.24093601908950535, 0.5076215187104182, 0.21044921875, 0.44287109375, 0.845703125, -2.4375, 12.125, -10.9375
-15406, -3295, 2782, 3536, -19, 200, -191, 433, 907, 1756, 0.48276062331254155, 0.23466840403414957, 0.5092608856334163, 0.21142578125, 0.44287109375, 0.857421875, -1.1875, 12.5, -11.9375
-15405, -3310, 2734, 3566, -3, 207, -213, 404, 927, 1773, 0.4831211936909618, 0.2278211228632256, 0.511348238736734, 0.197265625, 0.45263671875, 0.86572265625, -0.1875, 12.9375, -13.3125
-15402, -3325, 2683, 3600, -19, 219, -240, 392, 941, 1765, 0.48337637347371526, 0.22048315701589322, 0.5137860001456168, 0.19140625, 0.45947265625, 0.86181640625, -1.1875, 13.6875, -15.0
-15400, -3337, 2628, 3639, -70, 231, -256, 368, 984, 1760, 0.4831825199044224, 0.21265822009871294, 0.5166838136104888, 0.1796875, 0.48046875, 0.859375, -4.375, 14.4375, -16.0
-15401, -3336, 2567, 3680, -144, 245, -267, 360, 983, 1776, 0.48117081942628415, 0.20450968176010484, 0.5194584974302461, 0.17578125, 0.47998046875, 0.8671875, -9.0, 15.3125, -16.6875
-15402, -3329, 2502, 3725, -182, 262, -285, 350, 949, 1759, 0.4782924540007251, 0.19597503917340214, 0.5225217597208234, 0.1708984375, 0.46337890625, 0.85888671875, -11.375, 16.375, -17.8125
-15403, -3323, 2436, 3771, -166, 273, -302, 344, 936, 1773, 0.4755151617678836, 0.18728803056085527, 0.5257339452178399, 0.16796875, 0.45703125, 0.86572265625, -10.375, 17.0625, -18.875
-15402, -3322, 2368, 3820, -150, 291, -327, 343, 942, 1776, 0.47328904818591117, 0.17812945043132616, 0.5293279307659959, 0.16748046875, 0.4599609375, 0.8671875, -9.375, 18.1875, -20.4375
-15401, -3318, 2295, 3872, -178, 306, -349, 319, 955, 1783, 0.47051517121534286, 0.16841821495254142, 0.5331126980146584, 0.15576171875, 0.46630859375, 0.87060546875, -11.125, 19.125, -21.8125
-15400, -3308, 2218, 3929, -222, 316, -366, 288, 943, 1781, 0.466887160298627, 0.15831529246905765, 0.5373596552113892, 0.140625, 0.46044921875, 0.86962890625, -13.875, 19.75, -22.875
-15400, -3293, 2135, 3987, -257, 329, -376, 256, 931, 1782, 0.462412113950843, 0.1476838016470223, 0.5415327466638611, 0.125, 0.45458984375, 0.8701171875, -16.0625, 20.5625, -23.5
-15400, -3271, 2049, 4046, -296, 344, -385, 252, 919, 1778, 0.45694553969508, 0.13692307134092543, 0.5457153078775211, 0.123046875, 0.44873046875, 0.8681640625, -18.5, 21.5, -24.0625
-15401, -3249, 1961, 4105, -299, 354, -381, 226, 899, 1790, 0.45141962797270513, 0.12598118281111823, 0.5499485589813472, 0.1103515625, 0.43896484375, 0.8740234375, -18.6875, 22.125, -23.8125
-15401, -3232, 1871, 4162, -272, 363, -377, 182, 910, 1806, 0.44639035785855696, 0.11471985393971934, 0.55398372353256, 0.0888671875, 0.4443359375, 0.8818359375, -17.0, 22.6875, -23.5625
-15399, -3220, 1781, 4218, -253, 354, -365, 134, 920, 1844, 0.4419279474266615, 0.10332706058529825, 0.5579889021528127, 0.0654296875, 0.44921875, 0.900390625, -15.8125, 22.125, -22.8125
-15397, -3208, 1696, 4269, -245, 331, -339, 112, 935, 1854, 0.4376020606717318, 0.09265651473934532, 0.5615972185901867, 0.0546875, 0.45654296875, 0.9052734375, -15.3125, 20.6875, -21.1875
-15394, -3195, 1618, 4317, -246, 323, -323, 134, 904, 1807, 0.43337006897410024, 0.08290573767862332, 0.5650871552570856, 0.0654296875, 0.44140625, 0.88232421875, -15.375, 20.1875, -20.1875
-15393, -3179, 1540, 4363, -249, 320, -312, 118, 875, 1795, 0.42878316259786586, 0.07334401008543322, 0.5684114447864944, 0.0576171875, 0.42724609375, 0.87646484375, -15.5625, 20.0, -19.5
-15390, -3166, 1464, 4409, -231, 323, -318, 109, 864, 1780, 0.4246010574087914, 0.0639103670860775, 0.5718475583167134, 0.05322265625, 0.421875, 0.869140625, -14.4375, 20.1875, -19.875
-15385, -3156, 1388, 4456, -219, 331, -330, 112, 863, 1780, 0.42075209523583434, 0.0543507558528712, 0.5754566785783859, 0.0546875, 0.42138671875, 0.869140625, -13.6875, 20.6875, -20.625
-15381, -3140, 1310, 4504, -249, 350, -342, 120, 842, 1790, 0.4161048665341391, 0.04476723642995879, 0.5791846163176665, 0.05859375, 0.4111328125, 0.8740234375, -15.5625, 21.875, -21.375
-15375, -3126, 1224, 4560, -228, 372, -392, 83, 793, 1809, 0.41141384686725047, 0.03401428664822843, 0.583778022630647, 0.04052734375, 0.38720703125, 0.88330078125, -14.25, 23.25, -24.5
-15364, -3122, 1136, 4620, -178, 383, -424, 37, 794, 1814, 0.4077903326363133, 0.022576163662606456, 0.588868968840351, 0.01806640625, 0.3876953125, 0.8857421875, -11.125, 23.9375, -26.5
-15352, -3121, 1046, 4684, -191, 389, -448, 2, 831, 1801, 0.4044441666463816, 0.010724779921934125, 0.5945172942847325, 0.0009765625, 0.40576171875, 0.87939453125, -11.9375, 24.3125, -28.0
-15339, -3108, 952, 4752, -261, 385, -466, -21, 830, 1802, 0.39943995803158827, -0.0012404325805239805, 0.6005862073562566, -0.01025390625, 0.4052734375, 0.8798828125, -16.3125, 24.0625, -29.125
-15328, -3084, 857, 4823, -315, 375, -487, -32, 801, 1820, 0.39307003782873556, -0.012949739231350855, 0.6071523635891484, -0.015625, 0.39111328125, 0.888671875, -19.6875, 23.4375, -30.4375
-15315, -3054, 761, 4899, -356, 368, -507, -58, 803, 1832, 0.385872481622908, -0.024640304181446058, 0.6144222249634698, -0.0283203125, 0.39208984375, 0.89453125, -22.25, 23.0, -31.6875
-15301, -3019, 663, 4977, -391, 361, -524, -83, 794, 1825, 0.3779309560755719, -0.03637430444285929, 0.6220214728143814, -0.04052734375, 0.3876953125, 0.89111328125, -24.4375, 22.5625, -32.75
-15287, -2979, 562, 5058, -417, 372, -543, -99, 772, 1825, 0.36922826484128796, -0.0482723411653019, 0.6301158156540285, -0.04833984375, 0.376953125, 0.89111328125, -26.0625, 23.25, -33.9375
-15270, -2941, 461, 5140, -398, 377, -556, -112, 735, 1820, 0.3606591424522327, -0.0602167360766691, 0.6384518127502787, -0.0546875, 0.35888671875, 0.888671875, -24.875, 23.5625, -34.75
-15249, -2912, 358, 5225, -334, 397, -581, -135, 689, 1818, 0.3529787228895104, -0.07275245828056773, 0.6472471313106375, -0.06591796875, 0.33642578125, 0.8876953125, -20.875, 24.8125, -36.3125
-15223, -2896, 255, 5315, -271, 410, -613, -178, 675, 1791, 0.3467194431001238, -0.08586444659742211, 0.6567892832446325, -0.0869140625, 0.32958984375, 0.87451171875, -16.9375, 25.625, -38.3125
-15194, -2885, 152, 5408, -239, 414, -639, -202, 670, 1794, 0.3409271686750876, -0.09920014730942014, 0.6668429478984477, -0.0986328125, 0.3271484375, 0.8759765625, -14.9375, 25.875, -39.9375
-15162, -2874, 49, 5505, -244, 417, -666, -218, 670, 1811, 0.3349828703942285, -0.11258073820340368, 0.6775477526174871, -0.1064453125, 0.3271484375, 0.88427734375, -15.25, 26.0625, -41.625
-15128, -2860, -56, 5605, -260, 419, -692, -239, 651, 1800, 0.3284517007624826, -0.12608070727283083, 0.6887773503125715, -0.11669921875, 0.31787109375, 0.87890625, -16.25, 26.1875, -43.25
-15093, -2835, -165, 5709, -308, 420, -714, -254, 615, 1800, 0.3202914583347074, -0.13959521117836868, 0.7007106499739059, -0.1240234375, 0.30029296875, 0.87890625, -19.25, 26.25, -44.625
-15056, -2804, -277, 5817, -330, 422, -740, -272, 569, 1801, 0.3111143389954981, -0.15319670442830094, 0.7133747981413856, -0.1328125, 0.27783203125, 0.87939453125, -20.625, 26.375, -46.25
-15015, -2771, -390, 5930, -342, 431, -779, -284, 557, 1818, 0.30142719283361163, -0.16683045200924068, 0.7269049352212335, -0.138671875, 0.27197265625, 0.8876953125, -21.375, 26.9375, -48.6875
-14972, -2734, -505, 6047, -374, 430, -810, -309, 550, 1821, 0.2909731514253442, -0.18048783514015335, 0.7412488304433194, -0.15087890625, 0.2685546875, 0.88916015625, -23.375, 26.875, -50.625
-14926, -2695, -623, 6165, -380, 433, -819, -346, 527, 1824, 0.2799270896278995, -0.19429124528423622, 0.7559561747783949, -0.1689453125, 0.25732421875, 0.890625, -23.75, 27.0625, -51.1875
-14879, -2654, -742, 6283, -401, 427, -822, -393, 516, 1815, 0.2684060917171935, -0.2079914701714399, 0.7709915595938657, -0.19189453125, 0.251953125, 0.88623046875, -25.0625, 26.6875, -51.375
-14829, -2614, -859, 6401, -383, 415, -827, -414, 480, 1813, 0.2568542071374891, -0.2213747501777844, 0.7863051463088707, -0.2021484375, 0.234375, 0.88525390625, -23.9375, 25.9375, -51.6875
-14777, -2574, -974, 6520, -364, 416, -827, -431, 438, 1838, 0.24516165281859822, -0.23441489364900642, 0.802083244260215, -0.21044921875, 0.2138671875, 0.8974609375, -22.75, 26.0, -51.6875
-14722, -2538, -1087, 6640, -332, 414, -840, -458, 422, 1847, 0.23378173281292633, -0.24730291548127303, 0.818270164621206, -0.2236328125, 0.2060546875, 0.90185546875, -20.75, 25.875, -52.5
-14663, -2509, -1199, 6760, -304, 416, -848, -493, 406, 1807, 0.22300763576617993, -0.2602853424425799, 0.8346555222941461, -0.24072265625, 0.1982421875, 0.88232421875, -19.0, 26.0, -53.0
-14604, -2481, -1310, 6878, -305, 413, -839, -516, 405, 1810, 0.2122141100818157, -0.27305854601294727, 0.8511041760652867, -0.251953125, 0.19775390625, 0.8837890625, -19.0625, 25.8125, -52.4375
-14544, -2447, -1420, 6994, -331, 409, -833, -518, 381, 1829, 0.20055504548186592, -0.2852366760905125, 0.8676262477803479, -0.2529296875, 0.18603515625, 0.89306640625, -20.6875, 25.5625, -52.0625
-14482, -2406, -1532, 7111, -361, 411, -844, -543, 343, 1859, 0.18771666735970827, -0.297126901971364, 0.8846892793090441, -0.26513671875, 0.16748046875, 0.90771484375, -22.5625, 25.6875, -52.75
-14419, -2364, -1646, 7228, -364, 410, -844, -581, 306, 1850, 0.17442624465414272, -0.3090330783691965, 0.9021569133666452, -0.28369140625, 0.1494140625, 0.9033203125, -22.75, 25.625, -52.75
-14352, -2327, -1760, 7345, -338, 406, -854, -631, 289, 1840, 0.1614236773337873, -0.3210278172276737, 0.9198759068754693, -0.30810546875, 0.14111328125, 0.8984375, -21.125, 25.375, -53.375
-14284, -2287, -1874, 7462, -357, 399, -860, -645, 270, 1828, 0.14781725897043332, -0.3326906638493532, 0.9380258585029702, -0.31494140625, 0.1318359375, 0.892578125, -22.3125, 24.9375, -53.75
-14215, -2237, -1989, 7578, -415, 399, -867, -638, 249, 1811, 0.13275014976016405, -0.3436831554620181, 0.9565359507567786, -0.3115234375, 0.12158203125, 0.88427734375, -25.9375, 24.9375, -54.1875
-14144, -2180, -2109, 7693, -454, 403, -871, -658, 210, 1804, 0.11633112993968464, -0.35458403203102135, 0.975437390894645, -0.3212890625, 0.1025390625, 0.880859375, -28.375, 25.1875, -54.4375
-14072, -2117, -2232, 7808, -482, 401, -877, -678, 157, 1818, 0.0987760974206952, -0.365233840619507, 0.9949282500794058, -0.3310546875, 0.07666015625, 0.8876953125, -30.125, 25.0625, -54.8125
-13997, -2057, -2354, 7922, -462, 417, -884, -691, 130, 1808, 0.08132952954315832, -0.3756744822512263, 1.0146281024386146, -0.33740234375, 0.0634765625, 0.8828125, -28.875, 26.0625, -55.25
-13918, -2005, -2476, 8037, -418, 435, -888, -710, 93, 1800, 0.06444006127220814, -0.38635462231723233, 1.0348113433205663, -0.3466796875, 0.04541015625, 0.87890625, -26.125, 27.1875, -55.5
-13835, -1959, -2599, 8152, -390, 453, -893, -735, 59, 1773, 0.047815539988825956, -0.3972519999251975, 1.0553692659040583, -0.35888671875, 0.02880859375, 0.86572265625, -24.375, 28.3125, -55.8125
-13750, -1915, -2722, 8265, -388, 462, -888, -756, 34, 1758, 0.03112428114417948, -0.40800674690175653, 1.076052905745706, -0.369140625, 0.0166015625, 0.8583984375, -24.25, 28.875, -55.5
-13664, -1865, -2847, 8376, -418, 462, -888, -769, 0, 1772, 0.01334694738225208, -0.4183194466367247, 1.097048682395437, -0.37548828125, 0.0, 0.865234375, -26.125, 28.875, -55.5
-13576, -1813, -2974, 8486, -421, 459, -887, -797, -51, 1751, -0.005111725669360688, -0.4284324395397381, 1.1184760229069781, -0.38916015625, -0.02490234375, 0.85498046875, -26.3125, 28.6875, -55.4375
-13486, -1761, -3099, 8595, -410, 456, -885, -807, -98, 1746, -0.023754829030651296, -0.4380268483199602, 1.1401756933108456, -0.39404296875, -0.0478515625, 0.8525390625, -25.625, 28.5, -55.3125
-13394, -1710, -3221, 8704, -392, 444, -886, -843, -133, 1735, -0.042414965549824886, -0.44707153945952816, 1.1622566612137624, -0.41162109375, -0.06494140625, 0.84716796875, -24.5, 27.75, -55.375
-13300, -1661, -3340, 8811, -380, 424, -885, -859, -151, 1708, -0.06091576594292737, -0.45560921610371446, 1.1843352903839972, -0.41943359375, -0.07373046875, 0.833984375, -23.75, 26.5, -55.3125
-13206, -1609, -3455, 8917, -388, 406, -875, -859, -181, 1681, -0.07970077104625393, -0.4632327369449927, 1.2066196033430185, -0.41943359375, -0.08837890625, 0.82080078125, -24.25, 25.375, -54.6875
-13112, -1556, -3570, 9019, -390, 404, -863, -850, -224, 1644, -0.09875698292407192, -0.47048504776626987, 1.2287195426092135, -0.4150390625, -0.109375, 0.802734375, -24.375, 25.25, -53.9375
-13016, -1507, -3681, 9122, -341, 404, -854, -853, -278, 1620, -0.11739132478935083, -0.47731224607966183, 1.251203360479293, -0.41650390625, -0.1357421875, 0.791015625, -21.3125, 25.25, -53.375
-12915, -1478, -3783, 9227, -225, 415, -851, -883, -301, 1585, -0.13356198440186393, -0.4843392054554091, 1.2737230907292905, -0.43115234375, -0.14697265625, 0.77392578125, -14.0625, 25.9375, -53.1875
-12812, -1465, -3875, 9334, -104, 415, -836, -915, -341, 1582, -0.14756365748198919, -0.4913048490293328, 1.2962931966026063, -0.44677734375, -0.16650390625, 0.7724609375, -6.5, 25.9375, -52.25
-12709, -1465, -3957, 9440, -34, 409, -819, -946, -332, 1591, -0.1595698348760876, -0.49806283649531247, 1.3183938357123928, -0.4619140625, -0.162109375, 0.77685546875, -2.125, 25.5625, -51.1875
-12608, -1469, -4030, 9543, -1, 381, -797, -962, -333, 1588, -0.17046996619720947, -0.5040924728622788, 1.3397819863689964, -0.4697265625, -0.16259765625, 0.775390625, -0.0625, 23.8125, -49.8125
-12509, -1464, -4100, 9644, -34, 350, -786, -948, -357, 1592, -0.18212050096518292, -0.5090072147336385, 1.3610672267514001, -0.462890625, -0.17431640625, 0.77734375, -2.125, 21.875, -49.125
-12412, -1449, -4171, 9741, -84, 312, -780, -974, -376, 1603, -0.19488441522975372, -0.5131026369018629, 1.3821125996409127, -0.4755859375, -0.18359375, 0.78271484375, -5.25, 19.5, -48.75
-12319, -1425, -4240, 9833, -132, 270, -761, -985, -394, 1592, -0.20827783651249604, -0.5161790437571183, 1.4025175122444449, -0.48095703125, -0.1923828125, 0.77734375, -8.25, 16.875, -47.5625
-12228, -1391, -4306, 9922, -165, 233, -748, -976, -417, 1590, -0.22234526715238373, -0.5179848510247976, 1.4225040458355676, -0.4765625, -0.20361328125, 0.7763671875, -10.3125, 14.5625, -46.75
-12139, -1357, -4370, 10008, -155, 217, -731, -978, -454, 1577, -0.236173294524185, -0.5194691832167473, 1.4420459852684446, -0.4775390625, -0.2216796875, 0.77001953125, -9.6875, 13.5625, -45.6875
-12050, -1329, -4425, 10095, -108, 199, -721, -991, -460, 1587, -0.24862933272749155, -0.5204068395073262, 1.4612876155385583, -0.48388671875, -0.224609375, 0.77490234375, -6.75, 12.4375, -45.0625
-11963, -1306, -4471, 10181, -66, 183, -705, -981, -463, 1584, -0.25968649386610976, -0.5207972152182246, 1.4798485840745574, -0.47900390625, -0.22607421875, 0.7734375, -4.125, 11.4375, -44.0625
-11876, -1283, -4513, 10266, -54, 178, -693, -972, -486, 1597, -0.2703315130363846, -0.5206658635415224, 1.4980763581905348, -0.474609375, -0.2373046875, 0.77978515625, -3.375, 11.125, -43.3125
-11790, -1261, -4552, 10351, -50, 169, -697, -974, -481, 1605, -0.2805879480699891, -0.5202624568062129, 1.5162167068537329, -0.4755859375, -0.23486328125, 0.78369140625, -3.125, 10.5625, -43.5625
-11703, -1235, -4592, 10434, -72, 161, -695, -970, -498, 1601, -0.2912752096256334, -0.5194509877767344, 1.5342016964028253, -0.4736328125, -0.2431640625, 0.78173828125, -4.5, 10.0625, -43.4375
-11616, -1202, -4637, 10515, -120, 157, -701, -965, -526, 1599, -0.30307633837342746, -0.5183892510114941, 1.5523480428771823, -0.47119140625, -0.2568359375, 0.78076171875, -7.5, 9.8125, -43.8125
-11526, -1165, -4682, 10598, -121, 170, -714, -921, -560, 1590, -0.31534637152994816, -0.516751539823192, 1.5709762784353205, -0.44970703125, -0.2734375, 0.7763671875, -7.5625, 10.625, -44.625
-11431, -1132, -4732, 10682, -112, 204, -727, -921, -594, 1580, -0.3279185815763779, -0.5156559598865721, 1.5903161882532695, -0.44970703125, -0.2900390625, 0.771484375, -7.0, 12.75, -45.4375
-11332, -1107, -4779, 10769, -82, 230, -751, -936, -586, 1595, -0.33963842901197655, -0.514743210769747, 1.6101140565986103, -0.45703125, -0.2861328125, 0.77880859375, -5.125, 14.375, -46.9375
-11230, -1088, -4825, 10856, -47, 245, -753, -939, -614, 1580, -0.3507945797396549, -0.5140514348409252, 1.6300056139067147, -0.45849609375, -0.2998046875, 0.771484375, -2.9375, 15.3125, -47.0625
-11125, -1076, -4869, 10946, -10, 270, -761, -943, -623, 1581, -0.3613199453066323, -0.5136189009377494, 1.6504688470391125, -0.46044921875, -0.30419921875, 0.77197265625, -0.625, 16.875, -47.5625
-11016, -1073, -4908, 11039, 53, 279, -769, -962, -654, 1590, -0.3707233821425903, -0.5133268289383497, 1.6712846630517089, -0.4697265625, -0.3193359375, 0.7763671875, 3.3125, 17.4375, -48.0625
-10906, -1076, -4939, 11133, 96, 279, -778, -970, -643, 1594, -0.37879591484981184, -0.5127493186786068, 1.6918163507529609, -0.4736328125, -0.31396484375, 0.7783203125, 6.0, 17.4375, -48.625
-10795, -1079, -4970, 11227, 87, 269, -783, -982, -643, 1584, -0.3869290536193021, -0.5120760460492103, 1.7125339245353832, -0.4794921875, -0.31396484375, 0.7734375, 5.4375, 16.8125, -48.9375
-10685, -1072, -5004, 11317, 31, 247, -785, -980, -648, 1591, -0.3960844493218562, -0.5106619334847224, 1.732888202795493, -0.478515625, -0.31640625, 0.77685546875, 1.9375, 15.4375, -49.0625
-10577, -1059, -5041, 11403, -16, 231, -776, -980, -661, 1586, -0.4059187012481332, -0.5089109568006686, 1.7528657099176779, -0.478515625, -0.32275390625, 0.7744140625, -1.0, 14.4375, -48.5
-10468, -1038, -5082, 11487, -52, 219, -778, -956, -694, 1572, -0.4167934647942662, -0.5065871121717257, 1.7729210592940619, -0.466796875, -0.3388671875, 0.767578125, -3.25, 13.6875, -48.625
-10358, -1016, -5122, 11571, -51, 213, -787, -959, -721, 1578, -0.42762690333137116, -0.503930001048328, 1.7930179298228026, -0.46826171875, -0.35205078125, 0.7705078125, -3.1875, 13.3125, -49.1875
-10247, -995, -5159, 11655, -35, 210, -791, -960, -736, 1560, -0.43801204526795834, -0.5009646335034134, 1.812995401960325, -0.46875, -0.359375, 0.76171875, -2.1875, 13.125, -49.4375
-10134, -971, -5197, 11739, -51, 204, -799, -947, -752, 1562, -0.44874106970325656, -0.4976036852512908, 1.8331796227823072, -0.46240234375, -0.3671875, 0.7626953125, -3.1875, 12.75, -49.9375
-10021, -945, -5238, 11820, -71, 205, -796, -937, -769, 1547, -0.4598574857935997, -0.4941723707743642, 1.8531903300000145, -0.45751953125, -0.37548828125, 0.75537109375, -4.4375, 12.8125, -49.75
-9905, -917, -5280, 11900, -80, 218, -800, -920, -806, 1552, -0.4712010867493668, -0.490374642969741, 1.8732741269034612, -0.44921875, -0.3935546875, 0.7578125, -5.0, 13.625, -50.0
-9787, -891, -5320, 11981, -69, 226, -809, -905, -803, 1549, -0.48217798192585043, -0.486419476576754, 1.893530859846953, -0.44189453125, -0.39208984375, 0.75634765625, -4.3125, 14.125, -50.5625
-9667, -864, -5363, 12061, -89, 230, -821, -917, -830, 1552, -0.493562496125152, -0.4824027832405235, 1.914026430203677, -0.44775390625, -0.4052734375, 0.7578125, -5.5625, 14.375, -51.3125
-9546, -837, -5404, 12141, -86, 224, -827, -916, -838, 1555, -0.5046614765733749, -0.47806607171700893, 1.9344683530945332, -0.447265625, -0.4091796875, 0.75927734375, -5.375, 14.0, -51.6875
-9424, -806, -5448, 12218, -106, 222, -826, -886, -870, 1523, -0.5162656738409395, -0.4733814606750285, 1.9547381205443048, -0.4326171875, -0.4248046875, 0.74365234375, -6.625, 13.875, -51.625
-9300, -775, -5494, 12295, -110, 231, -838, -882, -882, 1511, -0.528112493361977, -0.46864214039516244, 1.9753332675246593, -0.4306640625, -0.4306640625, 0.73779296875, -6.875, 14.4375, -52.375
-9171, -747, -5538, 12373, -87, 241, -845, -879, -930, 1515, -0.5395392554620801, -0.46371122025344175, 1.9962460906730786, -0.42919921875, -0.4541015625, 0.73974609375, -5.4375, 15.0625, -52.8125
-9042, -727, -5575, 12453, -45, 249, -856, -892, -904, 1509, -0.5495897035691357, -0.45897565485120245, 2.0170992167902706, -0.435546875, -0.44140625, 0.73681640625, -2.8125, 15.5625, -53.5
-8911, -707, -5613, 12532, -40, 257, -850, -865, -926, 1477, -0.5597204626617368, -0.4541204275770867, 2.0380542174654948, -0.42236328125, -0.4521484375, 0.72119140625, -2.5, 16.0625, -53.125
-8775, -686, -5652, 12610, -42, 271, -865, -843, -966, 1484, -0.5700011944280365, -0.44889711468465415, 2.059239856408307, -0.41162109375, -0.4716796875, 0.724609375, -2.625, 16.9375, -54.0625
-8636, -666, -5688, 12691, -37, 276, -893, -844, -963, 1499, -0.579911039430849, -0.4433389917864713, 2.0808729302272617, -0.412109375, -0.47021484375, 0.73193359375, -2.3125, 17.25, -55.8125
-8492, -640, -5728, 12771, -82, 276, -922, -828, -971, 1509, -0.5906391368693052, -0.4370949539136451, 2.1028905496411845, -0.404296875, -0.47412109375, 0.73681640625, -5.125, 17.25, -57.625
-8343, -607, -5775, 12850, -126, 280, -950, -798, -1007, 1495, -0.6026367512567807, -0.43024036728708825, 2.1255139409389696, -0.3896484375, -0.49169921875, 0.72998046875, -7.875, 17.5, -59.375
-8187, -570, -5827, 12928, -146, 292, -979, -778, -1051, 1486, -0.6154623165817769, -0.42282446750955754, 2.1487558849298996, -0.3798828125, -0.51318359375, 0.7255859375, -9.125, 18.25, -61.1875
-8024, -534, -5879, 13008, -139, 314, -1016, -763, -1067, 1482, -0.6282706783280563, -0.41503363832595075, 2.1727661573198382, -0.37255859375, -0.52099609375, 0.7236328125, -8.6875, 19.625, -63.5
-7854, -500, -5930, 13089, -124, 339, -1033, -730, -1106, 1465, -0.6408312340283967, -0.40690104741371397, 2.1973687211230346, -0.3564453125, -0.5400390625, 0.71533203125, -7.75, 21.1875, -64.5625
-7677, -469, -5982, 13172, -110, 369, -1060, -699, -1128, 1438, -0.6534245675929004, -0.3986627339242177, 2.2229073065824023, -0.34130859375, -0.55078125, 0.7021484375, -6.875, 23.0625, -66.25
-7491, -443, -6032, 13257, -71, 407, -1090, -679, -1163, 1430, -0.6655470491042973, -0.39024600816245225, 2.2493527045887554, -0.33154296875, -0.56787109375, 0.6982421875, -4.4375, 25.4375, -68.125
-7297, -423, -6080, 13343, -54, 444, -1128, -669, -1166, 1422, -0.6771289099137812, -0.38181179604572635, 2.2765818152786816, -0.32666015625, -0.5693359375, 0.6943359375, -3.375, 27.75, -70.5
-7094, -404, -6130, 13430, -62, 468, -1167, -663, -1181, 1419, -0.6889723944634405, -0.3730124228265402, 2.3048470212259815, -0.32373046875, -0.57666015625, 0.69287109375, -3.875, 29.25, -72.9375
-6883, -380, -6182, 13517, -92, 476, -1215, -636, -1181, 1417, -0.7012679312584768, -0.36323185779619166, 2.3337645856317875, -0.310546875, -0.57666015625, 0.69189453125, -5.75, 29.75, -75.9375
-6664, -351, -6239, 13601, -119, 479, -1252, -599, -1216, 1380, -0.7143152131998752, -0.35260023061796913, 2.363196770562347, -0.29248046875, -0.59375, 0.673828125, -7.4375, 29.9375, -78.25
-6434, -318, -6296, 13685, -96, 485, -1290, -534, -1249, 1301, -0.7274411977279323, -0.3407936837134811, 2.39340256981497, -0.2607421875, -0.60986328125, 0.63525390625, -6.0, 30.3125, -80.625
-6195, -282, -6341, 13776, -14, 484, -1329, -431, -1245, 1215, -0.7390714304767125, -0.3274416350212008, 2.4242043978091807, -0.21044921875, -0.60791015625, 0.59326171875, -0.875, 30.25, -83.0625
-5940, -248, -6359, 13880, 180, 498, -1388, -284, -1277, 1121, -0.7470281293046911, -0.31211637228413397, 2.4560229545761842, -0.138671875, -0.62353515625, 0.54736328125, 11.25, 31.125, -86.75
-5653, -208, -6387, 13987, 124, 580, -1544, -238, -1323, 1190, -0.7566435340471157, -0.29494210350197236, 2.4913580544195093, -0.1162109375, -0.64599609375, 0.5810546875, 7.75, 36.25, -96.5
-5347, -182, -6427, 14089, 9, 623, -1703, -384, -1261, 1266, -0.7673056829423082, -0.2787407546948325, 2.5292654328472777, -0.1875, -0.61572265625, 0.6181640625, 0.5625, 38.9375, -106.4375
-5033, -140, -6481, 14180, -118, 576, -1773, -496, -1277, 1275, -0.7799518840746309, -0.2607656933811748, 2.5671385893110172, -0.2421875, -0.62353515625, 0.62255859375, -7.375, 36.0, -110.8125
-4714, -76, -6549, 14259, -244, 513, -1828, -452, -1369, 1276, -0.7946271311213684, -0.24039706795691754, 2.6042993323687402, -0.220703125, -0.66845703125, 0.623046875, -15.25, 32.0625, -114.25
-4378, 6, -6621, 14333, -305, 468, -1934, -370, -1405, 1299, -0.8099204168902843, -0.21702697222673353, 2.6420286882800186, -0.1806640625, -0.68603515625, 0.63427734375, -19.0625, 29.25, -120.875
-4029, 104, -6696, 14400, -360, 420, -2031, -351, -1459, 1296, -0.8254971841746219, -0.19100442051968952, 2.6798139719214515, -0.17138671875, -0.71240234375, 0.6328125, -22.5, 26.25, -126.9375
-3671, 218, -6763, 14463, -353, 352, -2106, -334, -1482, 1297, -0.839777816940737, -0.16219438134895345, 2.7169932228831533, -0.1630859375, -0.7236328125, 0.63330078125, -22.0625, 22.0, -131.625
-3307, 347, -6830, 14516, -394, 287, -2162, -307, -1491, 1274, -0.8537021735492001, -0.13113137367269306, 2.7532965651196815, -0.14990234375, -0.72802734375, 0.6220703125, -24.625, 17.9375, -135.125
-2947, 482, -6899, 14557, -435, 241, -2145, -290, -1561, 1271, -0.8673441062516731, -0.09936702017612074, 2.7881295968280426, -0.1416015625, -0.76220703125, 0.62060546875, -27.1875, 15.0625, -134.0625
-2596, 623, -6962, 14589, -436, 185, -2111, -244, -1620, 1264, -0.8796612868975191, -0.06698912508908261, 2.820927213825467, -0.119140625, -0.791015625, 0.6171875, -27.25, 11.5625, -131.9375
-2255, 771, -7012, 14614, -383, 111, -2077, -191, -1684, 1271, -0.8897358195781592, -0.03386687396854621, 2.851528451660378, -0.09326171875, -0.822265625, 0.62060546875, -23.9375, 6.9375, -129.8125
-1931, 931, -7052, 14632, -360, 5, -2016, -115, -1696, 1278, -0.8981838400422879, 3.7103891381194145e-05, 2.8791358671515876, -0.05615234375, -0.828125, 0.6240234375, -22.5, 0.3125, -126.0
-1632, 1107, -7087, 14640, -360, -148, -1932, -77, -1690, 1268, -0.9058443089752071, 0.03458128146978331, 2.902736425637586, -0.03759765625, -0.8251953125, 0.619140625, -22.5, -9.25, -120.75
-1357, 1316, -7124, 14632, -419, -376, -1877, -32, -1694, 1242, -0.9140501517949895, 0.07150038120398407, 2.9214496842243864, -0.015625, -0.8271484375, 0.6064453125, -26.1875, -23.5, -117.3125
-1114, 1567, -7168, 14607, -504, -672, -1823, -8, -1652, 1238, -0.9240232466499522, 0.11127306260491894, 2.933912318848211, -0.00390625, -0.806640625, 0.6044921875, -31.5, -42.0, -113.9375
-913, 1857, -7210, 14566, -513, -981, -1702, 77, -1705, 1101, -0.9348463868671902, 0.15308326045331297, 2.939016607656021, 0.03759765625, -0.83251953125, 0.53759765625, -32.0625, -61.3125, -106.375
-757, 2163, -7254, 14511, -435, -1179, -1544, 273, -1720, 980, -0.9470782387435425, 0.19415792118013903, 2.9376387247245805, 0.13330078125, -0.83984375, 0.478515625, -27.1875, -73.6875, -96.5
-630, 2472, -7280, 14454, -288, -1213, -1363, 505, -1738, 865, -0.9578062379804351, 0.23417445061838316, 2.9324606171151886, 0.24658203125, -0.8486328125, 0.42236328125, -18.0, -75.8125, -85.1875
-527, 2736, -7291, 14405, -142, -976, -1070, 795, -1859, 877, -0.9661142051317817, 0.2682195697961001, 2.927142544810227, 0.38818359375, -0.90771484375, 0.42822265625, -8.875, -61.0, -66.875
-437, 2935, -7287, 14371, -61, -631, -770, 1037, -1824, 954, -0.9709129898638483, 0.294782158243035, 2.9244518328019717, 0.50634765625, -0.890625, 0.4658203125, -3.8125, -39.4375, -48.125
-359, 3054, -7295, 14344, -99, -258, -488, 1123, -1808, 993, -0.9750865929553773, 0.3119047742274846, 2.92516845940859, 0.54833984375, -0.8828125, 0.48486328125, -6.1875, -16.125, -30.5
-299, 3088, -7335, 14318, -263, 86, -188, 1068, -1845, 1086, -0.9811670975968712, 0.31843381664601844, 2.9287059434168192, 0.521484375, -0.90087890625, 0.5302734375, -16.4375, 5.375, -11.75
-271, 3037, -7390, 14301, -296, 358, 100, 868, -1936, 1186, -0.9868521643531343, 0.3137980457502174, 2.9339313649082137, 0.423828125, -0.9453125, 0.5791015625, -18.5, 22.375, 6.25
-285, 2934, -7424, 14305, -109, 459, 324, 643, -1964, 1244, -0.988403381757145, 0.30148977353170436, 2.9384380914395605, 0.31396484375, -0.958984375, 0.607421875, -6.8125, 28.6875, 20.25
-338, 2817, -7425, 14327, 129, 421, 492, 531, -1893, 1217, -0.9853899195230005, 0.285878929327726, 2.9402102461864654, 0.25927734375, -0.92431640625, 0.59423828125, 8.0625, 26.3125, 30.75
-418, 2708, -7410, 14353, 252, 322, 596, 482, -1825, 1174, -0.9807488894897025, 0.26977161723021165, 2.938693199816246, 0.2353515625, -0.89111328125, 0.5732421875, 15.75, 20.125, 37.25
-518, 2613, -7393, 14376, 255, 203, 658, 417, -1717, 1132, -0.9765382639316776, 0.2540693004132548, 2.934058175491351, 0.20361328125, -0.83837890625, 0.552734375, 15.9375, 12.6875, 41.125
-633, 2534, -7397, 14384, 113, 72, 722, 376, -1628, 1111, -0.9759070601578352, 0.23894812443282326, 2.9263780175354066, 0.18359375, -0.794921875, 0.54248046875, 7.0625, 4.5, 45.125
-758, 2472, -7432, 14370, -88, -48, 761, 346, -1595, 1077, -0.9800937777510248, 0.22457471265326537, 2.9159995850897857, 0.1689453125, -0.77880859375, 0.52587890625, -5.5, -3.0, 47.5625
-890, 2429, -7489, 14340, -244, -164, 775, 324, -1611, 1078, -0.9878883794449917, 0.21142961700402957, 2.9034340423876452, 0.158203125, -0.78662109375, 0.5263671875, -15.25, -10.25, 48.4375
-1031, 2402, -7540, 14309, -217, -257, 780, 330, -1632, 1086, -0.9953234745632337, 0.19947952415984796, 2.889104240276701, 0.1611328125, -0.796875, 0.5302734375, -13.5625, -16.0625, 48.75
-1177, 2389, -7572, 14283, -97, -342, 758, 310, -1619, 1031, -1.0004667697510081, 0.18895028557941068, 2.8736493962078877, 0.1513671875, -0.79052734375, 0.50341796875, -6.0625, -21.375, 47.375
-1321, 2383, -7584, 14265, 13, -360, 724, 324, -1583, 1016, -1.0029602072059205, 0.17959174639105888, 2.8582605297209818, 0.158203125, -0.77294921875, 0.49609375, 0.8125, -22.5, 45.25
-1453, 2383, -7592, 14248, 22, -348, 661, 327, -1560, 997, -1.0049526313572548, 0.17162203412408722, 2.843862002611437, 0.15966796875, -0.76171875, 0.48681640625, 1.375, -21.75, 41.3125
-1570, 2384, -7600, 14231, 2, -320, 583, 312, -1543, 989, -1.0068316038785536, 0.1646157776097307, 2.83102138022906, 0.15234375, -0.75341796875, 0.48291015625, 0.125, -20.0, 36.4375
-1670, 2385, -7609, 14215, -13, -278, 490, 281, -1579, 1012, -1.0087286785319765, 0.1585844789166643, 2.8200468912725216, 0.13720703125, -0.77099609375, 0.494140625, -0.8125, -17.375, 30.625
-1749, 2389, -7618, 14200, -10, -239, 381, 269, -1586, 977, -1.0105649508935026, 0.1540904091961993, 2.811140895278336, 0.13134765625, -0.7744140625, 0.47705078125, -0.625, -14.9375, 23.8125
-1801, 2392, -7632, 14185, -83, -162, 255, 256, -1565, 1005, -1.0128763923776143, 0.15096488699539204, 2.8051486246128263, 0.125, -0.76416015625, 0.49072265625, -5.1875, -10.125, 15.9375
-1824, 2396, -7664, 14164, -198, -92, 119, 242, -1580, 994, -1.0175447350751938, 0.1492507532103065, 2.8020747651636113, 0.1181640625, -0.771484375, 0.4853515625, -12.375, -5.75, 7.4375
-1824, 2399, -7701, 14143, -247, -25, 10, 231, -1639, 1013, -1.0227372662031613, 0.14868287642501718, 2.801487806770715, 0.11279296875, -0.80029296875, 0.49462890625, -15.4375, -1.5625, 0.625
-1810, 2400, -7736, 14126, -228, 22, -65, 219, -1651, 1007, -1.0275446709925933, 0.14881703036096613, 2.802611501175004, 0.10693359375, -0.80615234375, 0.49169921875, -14.25, 1.375, -4.0625
-1785, 2398, -7770, 14111, -221, 55, -120, 206, -1691, 998, -1.03205221419666, 0.14933302872997095, 2.805101512842904, 0.1005859375, -0.82568359375, 0.4873046875, -13.8125, 3.4375, -7.5
-1758, 2395, -7798, 14100, -182, 69, -142, 199, -1716, 1012, -1.0357037036914511, 0.1500253889975823, 2.8079500135846436, 0.09716796875, -0.837890625, 0.494140625, -11.375, 4.3125, -8.875
-1734, 2391, -7815, 14094, -98, 56, -140, 192, -1736, 987, -1.03779359383222, 0.1506804432194165, 2.810603810813741, 0.09375, -0.84765625, 0.48193359375, -6.125, 3.5, -8.75
-1718, 2387, -7826, 14090, -40, 41, -106, 202, -1755, 962, -1.0390873335899808, 0.15098353181616464, 2.8124411033053534, 0.0986328125, -0.85693359375, 0.4697265625, -2.5, 2.5625, -6.625
-1713, 2377, -7829, 14091, 43, 57, -28, 246, -1835, 956, -1.0391633102098181, 0.1501957926944417, 2.8136215222135257, 0.1201171875, -0.89599609375, 0.466796875, 2.6875, 3.5625, -1.75
-1727, 2343, -7820, 14100, 203, 151, 154, 363, -1940, 932, -1.0368947389851904, 0.14603701240377226, 2.8144261716328973, 0.17724609375, -0.947265625, 0.455078125, 12.6875, 9.4375, 9.625
-1760, 2265, -7788, 14126, 418, 368, 424, 533, -2057, 977, -1.0301527448492045, 0.13668523202240032, 2.816213411497039, 0.26025390625, -1.00439453125, 0.47705078125, 26.125, 23.0, 26.5
-1819, 2133, -7723, 14175, 674, 561, 670, 536, -2039, 1028, -1.0174325024545947, 0.12089787432933158, 2.818857537188191, 0.26171875, -0.99560546875, 0.501953125, 42.125, 35.0625, 41.875
-1917, 1945, -7637, 14236, 874, 709, 946, 390, -1929, 996, -1.0005774611920921, 0.09737562731225771, 2.82063888714413, 0.1904296875, -0.94189453125, 0.486328125, 54.625, 44.3125, 59.125
-2054, 1690, -7535, 14303, 1046, 899, 1263, 253, -1911, 1020, -0.9801690269323755, 0.06482954153607186, 2.821723421580809, 0.12353515625, -0.93310546875, 0.498046875, 65.375, 56.1875, 78.9375
-2213, 1387, -7402, 14381, 1251, 1069, 1489, 195, -1840, 1086, -0.9549288274370725, 0.02657056309100691, 2.8224581551509806, 0.09521484375, -0.8984375, 0.5302734375, 78.1875, 66.8125, 93.0625
-2392, 1039, -7229, 14469, 1439, 1186, 1627, 160, -1723, 1125, -0.9239060923075042, -0.01682775909939449, 2.8222704232241287, 0.078125, -0.84130859375, 0.54931640625, 89.9375, 74.125, 101.6875
-2574, 670, -7057, 14545, 1424, 1278, 1712, 78, -1573, 1084, -0.893300025227856, -0.06277188529792554, 2.821351784360812, 0.0380859375, -0.76806640625, 0.529296875, 89.0, 79.875, 107.0
-2763, 283, -6905, 14596, 1273, 1353, 1803, -85, -1450, 1123, -0.8655802049742016, -0.11160165974997466, 2.819026359841063, -0.04150390625, -0.7080078125, 0.54833984375, 79.5625, 84.5625, 112.6875
-2955, -104, -6779, 14620, 1068, 1359, 1836, -306, -1356, 1218, -0.8417371886299253, -0.1612763048912042, 2.8150449544999434, -0.1494140625, -0.662109375, 0.5947265625, 66.75, 84.9375, 114.75
-3162, -485, -6647, 14629, 1060, 1281, 1904, -475, -1329, 1215, -0.8172220824864257, -0.2110198854958058, 2.80748755553679, -0.23193359375, -0.64892578125, 0.59326171875, 66.25, 80.0625, 119.0
-3379, -852, -6491, 14634, 1157, 1167, 1931, -517, -1315, 1237, -0.789494976844648, -0.2592020486217128, 2.7962328757656376, -0.25244140625, -0.64208984375, 0.60400390625, 72.3125, 72.9375, 120.6875
-3593, -1209, -6294, 14644, 1367, 1079, 1915, -525, -1260, 1185, -0.7560299182564854, -0.30511146841497977, 2.7823454320857657, -0.25634765625, -0.615234375, 0.57861328125, 85.4375, 67.4375, 119.6875
-3803, -1564, -6069, 14652, 1505, 1043, 1898, -603, -1172, 1219, -0.7182545256012672, -0.3497872104153843, 2.766158955412887, -0.29443359375, -0.572265625, 0.59521484375, 94.0625, 65.1875, 118.625
-4005, -1893, -5847, 14650, 1424, 936, 1807, -734, -998, 1265, -0.6805277850617237, -0.3909802242308523, 2.747856846090335, -0.3583984375, -0.4873046875, 0.61767578125, 89.0, 58.5, 112.9375
-4209, -2201, -5626, 14636, 1366, 826, 1793, -817, -925, 1236, -0.6421049175715741, -0.4295264260437678, 2.7263688088364972, -0.39892578125, -0.45166015625, 0.603515625, 85.375, 51.625, 112.0625
-4416, -2489, -5406, 14612, 1319, 739, 1787, -828, -900, 1215, -0.6028203673250384, -0.465465803744722, 2.7017204395803316, -0.404296875, -0.439453125, 0.59326171875, 82.4375, 46.1875, 111.6875
-4613, -2770, -5171, 14586, 1384, 703, 1738, -843, -848, 1266, -0.5605258037940878, -0.4992329840157743, 2.6754776157258835, -0.41162109375, -0.4140625, 0.6181640625, 86.5, 43.9375, 108.625
-4793, -3048, -4913, 14561, 1508, 680, 1671, -904, -715, 1278, -0.5141576322474054, -0.5306771447778666, 2.648230171021773, -0.44140625, -0.34912109375, 0.6240234375, 94.25, 42.5, 104.4375
-4964, -3317, -4639, 14535, 1581, 623, 1625, -960, -664, 1312, -0.4645504359319438, -0.559525086352226, 2.6190944928283484, -0.46875, -0.32421875, 0.640625, 98.8125, 38.9375, 101.5625
-5127, -3558, -4367, 14506, 1488, 505, 1517, -988, -498, 1352, -0.4145989093226225, -0.5839905913453441, 2.588397715702929, -0.482421875, -0.2431640625, 0.66015625, 93.0, 31.5625, 94.8125
-5285, -3780, -4105, 14469, 1409, 425, 1461, -1026, -416, 1303, -0.36524929306092846, -0.6054511020264598, 2.556393096415647, -0.5009765625, -0.203125, 0.63623046875, 88.0625, 26.5625, 91.3125
-5440, -3982, -3857, 14426, 1318, 379, 1439, -1023, -410, 1318, -0.31725640115919634, -0.6240447129665397, 2.523487223721344, -0.49951171875, -0.2001953125, 0.6435546875, 82.375, 23.6875, 89.9375
-5590, -4171, -3602, 14381, 1312, 321, 1390, -1046, -306, 1358, -0.2677107554533093, -0.6396667158622138, 2.4892617500484135, -0.5107421875, -0.1494140625, 0.6630859375, 82.0, 20.0625, 86.875
-5741, -4348, -3344, 14331, 1275, 275, 1383, -1051, -180, 1381, -0.2170296218632558, -0.6526451653262517, 2.4532231235489665, -0.51318359375, -0.087890625, 0.67431640625, 79.6875, 17.1875, 86.4375
-5893, -4512, -3102, 14273, 1156, 236, 1361, -1075, -93, 1342, -0.16806668279156173, -0.6636712537430025, 2.416485673881927, -0.52490234375, -0.04541015625, 0.6552734375, 72.25, 14.75, 85.0625
-6044, -4664, -2869, 14210, 1122, 235, 1369, -1012, -112, 1332, -0.12010257198407381, -0.6725533520194334, 2.379319364547073, -0.494140625, -0.0546875, 0.650390625, 70.125, 14.6875, 85.5625
-6195, -4803, -2636, 14144, 1085, 234, 1361, -997, -47, 1473, -0.07212962533749569, -0.6787404459363343, 2.3414548231589953, -0.48681640625, -0.02294921875, 0.71923828125, 67.8125, 14.625, 85.0625
-6342, -4938, -2389, 14076, 1103, 155, 1323, -1099, 130, 1494, -0.022188274623840987, -0.6825240882398997, 2.302880486212734, -0.53662109375, 0.0634765625, 0.7294921875, 68.9375, 9.6875, 82.6875
-6495, -5057, -2151, 14002, 1022, 103, 1344, -1034, 185, 1404, 0.026209857787178863, -0.6836819276397716, 2.263644092668402, -0.5048828125, 0.09033203125, 0.685546875, 63.875, 6.4375, 84.0
-6646, -5156, -1919, 13928, 976, 71, 1326, -846, 173, 1317, 0.07239738086602046, -0.681642182516913, 2.225433592539214, -0.4130859375, 0.08447265625, 0.64306640625, 61.0, 4.4375, 82.875
-6796, -5257, -1685, 13849, 993, 102, 1332, -855, 241, 1385, 0.118876917853429, -0.6786619667554614, 2.187280439826788, -0.41748046875, 0.11767578125, 0.67626953125, 62.0625, 6.375, 83.25
-6942, -5376, -1426, 13759, 1102, 86, 1352, -1060, 452, 1450, 0.16972392820761303, -0.6749558904848338, 2.1473644389345763, -0.517578125, 0.220703125, 0.7080078125, 68.875, 5.375, 84.5
-7093, -5493, -1157, 13661, 1111, 42, 1405, -1008, 545, 1314, 0.2217519602600768, -0.669041697750405, 2.1064808768340817, -0.4921875, 0.26611328125, 0.6416015625, 69.4375, 2.625, 87.8125
-7240, -5574, -896, 13570, 1045, -47, 1361, -841, 497, 1319, 0.26883892003222376, -0.6584454399144928, 2.0690265585011507, -0.41064453125, 0.24267578125, 0.64404296875, 65.3125, -2.9375, 85.0625
-7382, -5640, -618, 13481, 1061, -120, 1310, -843, 703, 1497, 0.31551418477140686, -0.6440998899815354, 2.0334933434971023, -0.41162109375, 0.34326171875, 0.73095703125, 66.3125, -7.5, 81.875
-7522, -5712, -336, 13383, 1038, -167, 1310, -1012, 916, 1452, 0.3623492103539175, -0.6290544397251353, 1.99838472110269, -0.494140625, 0.447265625, 0.708984375, 64.875, -10.4375, 81.875
-7676, -5776, -86, 13272, 813, -158, 1352, -989, 973, 1275, 0.40467853054799663, -0.6139162322383271, 1.9630157341234926, -0.48291015625, 0.47509765625, 0.62255859375, 50.8125, -9.875, 84.5
-7836, -5825, 143, 13156, 715, -112, 1362, -802, 898, 1200, 0.4426289665725452, -0.5975477218020914, 1.9288225984908662, -0.3916015625, 0.4384765625, 0.5859375, 44.6875, -7.0, 85.125
-7985, -5880, 369, 13037, 783, -21, 1319, -731, 887, 1293, 0.47966741428589393, -0.5813952221007778, 1.8964241407774594, -0.35693359375, 0.43310546875, 0.63134765625, 48.9375, -1.3125, 82.4375
-8107, -5977, 615, 12908, 1017, 57, 1280, -958, 1071, 1379, 0.52166459393126, -0.5676753483363602, 1.8646284698540883, -0.4677734375, 0.52294921875, 0.67333984375, 63.5625, 3.5625, 80.0
-8214, -6079, 869, 12777, 1031, -14, 1232, -1090, 1291, 1324, 0.5639344579680083, -0.5533202158265205, 1.8347302787531836, -0.5322265625, 0.63037109375, 0.646484375, 64.4375, -0.875, 77.0
-8335, -6141, 1097, 12651, 781, -76, 1214, -917, 1310, 1260, 0.5990235381227201, -0.5360100609668619, 1.8072650317256325, -0.44775390625, 0.6396484375, 0.615234375, 48.8125, -4.75, 75.875
-8467, -6190, 1296, 12520, 624, 20, 1201, -764, 1305, 1269, 0.6295701914368237, -0.518587797237525, 1.780023199689212, -0.373046875, 0.63720703125, 0.61962890625, 39.0, 1.25, 75.0625
-8598, -6247, 1467, 12383, 539, 115, 1171, -853, 1388, 1319, 0.6577710591319708, -0.5033644879909472, 1.752731798689626, -0.41650390625, 0.677734375, 0.64404296875, 33.6875, 7.1875, 73.1875
-8720, -6301, 1619, 12250, 469, 93, 1141, -1030, 1468, 1374, 0.6830608857786399, -0.4891830558063917, 1.7273055103706052, -0.5029296875, 0.716796875, 0.6708984375, 29.3125, 5.8125, 71.3125
-8844, -6345, 1770, 12117, 463, 74, 1153, -948, 1447, 1352, 0.7067928089646001, -0.47370649724887864, 1.7029418110469037, -0.462890625, 0.70654296875, 0.66015625, 28.9375, 4.625, 72.0625
-8966, -6401, 1926, 11974, 504, 179, 1126, -750, 1492, 1269, 0.7320208992229705, -0.45826585609774023, 1.6779019990005093, -0.3662109375, 0.728515625, 0.61962890625, 31.5, 11.1875, 70.375
-9086, -6481, 2071, 11815, 543, 352, 1110, -660, 1514, 1194, 0.7587225673973778, -0.44484177013937254, 1.650656578458699, -0.322265625, 0.7392578125, 0.5830078125, 33.9375, 22.0, 69.375
-9214, -6576, 2200, 11639, 529, 519, 1143, -642, 1575, 1222, 0.78576438880854, -0.4325901790057953, 1.6207805041164594, -0.3134765625, 0.76904296875, 0.5966796875, 33.0625, 32.4375, 71.4375
-9346, -6673, 2314, 11455, 501, 619, 1133, -601, 1661, 1304, 0.8115950753573151, -0.42068462170751997, 1.5900094542699312, -0.29345703125, 0.81103515625, 0.63671875, 31.3125, 38.6875, 70.8125
-9488, -6764, 2409, 11263, 404, 702, 1152, -583, 1734, 1347, 0.8350586338725873, -0.408586079575086, 1.5581361912664566, -0.28466796875, 0.8466796875, 0.65771484375, 25.25, 43.875, 72.0
-9642, -6854, 2485, 11059, 333, 782, 1219, -588, 1692, 1311, 0.8568703061548835, -0.39653367906373477, 1.5244049266358628, -0.287109375, 0.826171875, 0.64013671875, 20.8125, 48.875, 76.1875
-9807, -6955, 2560, 10833, 317, 861, 1323, -577, 1767, 1201, 0.8801195454833836, -0.3836409776604808, 1.487869369473929, -0.28173828125, 0.86279296875, 0.58642578125, 19.8125, 53.8125, 82.6875
-9982, -7062, 2632, 10583, 303, 940, 1431, -552, 1768, 1093, 0.9039126937747175, -0.3694352336950726, 1.448327528185693, -0.26953125, 0.86328125, 0.53369140625, 18.9375, 58.75, 89.4375
-10171, -7167, 2696, 10313, 227, 1007, 1538, -531, 1828, 1014, 0.9269211765773888, -0.35372469006089197, 1.4065194461510186, -0.25927734375, 0.892578125, 0.4951171875, 14.1875, 62.9375, 96.125
-10362, -7265, 2746, 10037, 263, 1028, 1641, -564, 1863, 957, 0.9477275737965263, -0.33766857495137004, 1.3645329185625557, -0.275390625, 0.90966796875, 0.46728515625, 16.4375, 64.25, 102.5625
-10568, -7353, 2803, 9739, 224, 1022, 1798, -594, 1937, 847, 0.9678404483772419, -0.3181823486613996, 1.3210254982153244, -0.2900390625, 0.94580078125, 0.41357421875, 14.0, 63.875, 112.375
-10785, -7427, 2852, 9425, 142, 1057, 1902, -615, 1883, 846, 0.9853653169317431, -0.2966996548077999, 1.2763242352157904, -0.30029296875, 0.91943359375, 0.4130859375, 8.875, 66.0625, 118.875
-10991, -7510, 2893, 9103, 185, 1109, 1882, -741, 1865, 823, 1.0030050725050859, -0.2759302907544967, 1.23147906927668, -0.36181640625, 0.91064453125, 0.40185546875, 11.5625, 69.3125, 117.625
-11186, -7594, 2933, 8777, 225, 1106, 1884, -889, 1902, 789, 1.0202571689442506, -0.2549091028144421, 1.1874417481813822, -0.43408203125, 0.9287109375, 0.38525390625, 14.0625, 69.125, 117.75
-11368, -7673, 2976, 8455, 235, 1046, 1854, -943, 1967, 763, 1.0365956879646014, -0.23340977406548968, 1.1455257828757703, -0.46044921875, 0.96044921875, 0.37255859375, 14.6875, 65.375, 115.875
-11530, -7743, 3019, 8150, 239, 960, 1746, -962, 2045, 781, 1.0511598728995126, -0.21241829963582282, 1.1070937807365828, -0.4697265625, 0.99853515625, 0.38134765625, 14.9375, 60.0, 109.125
-11680, -7798, 3059, 7864, 190, 861, 1662, -1022, 2028, 810, 1.0631228761976745, -0.19186783098396054, 1.0720785777416304, -0.4990234375, 0.990234375, 0.3955078125, 11.875, 53.8125, 103.875
-11784, -7879, 3075, 7619, 221, 718, 1521, -1056, 2008, 815, 1.0763611607721801, -0.1782233616357066, 1.0413684166741248, -0.515625, 0.98046875, 0.39794921875, 13.8125, 44.875, 95.0625
-11867, -7949, 3091, 7408, 163, 573, 1356, -1041, 2023, 726, 1.0878063842603864, -0.16620651538683393, 1.0155007293890597, -0.50830078125, 0.98779296875, 0.3544921875, 10.1875, 35.8125, 84.75
-11934, -8007, 3108, 7228, 118, 449, 1185, -983, 2003, 666, 1.0974626789807567, -0.1554764408107029, 0.9939783600756358, -0.47998046875, 0.97802734375, 0.3251953125, 7.375, 28.0625, 74.0625
-11983, -8064, 3124, 7076, 131, 363, 1018, -926, 1986, 639, 1.1067304801108313, -0.14675105460648766, 0.9761127021871764, -0.4521484375, 0.9697265625, 0.31201171875, 8.1875, 22.6875, 63.625
-12015, -8125, 3138, 6945, 156, 315, 864, -883, 1980, 603, 1.1162510835384678, -0.13996911469975076, 0.9608139574960265, -0.43115234375, 0.966796875, 0.29443359375, 9.75, 19.6875, 54.0
-12035, -8185, 3140, 6837, 168, 309, 695, -825, 1918, 625, 1.1247944334454751, -0.13580111155974645, 0.9475974924141983, -0.40283203125, 0.9365234375, 0.30517578125, 10.5, 19.3125, 43.4375
-12040, -8255, 3129, 6748, 229, 312, 555, -854, 1870, 640, 1.133852077830063, -0.13475318750427437, 0.935808245749906, -0.4169921875, 0.9130859375, 0.3125, 14.3125, 19.5, 34.6875
-12030, -8335, 3119, 6672, 317, 289, 442, -822, 1892, 662, 1.1442990964617183, -0.13518906184740634, 0.9256216649492157, -0.4013671875, 0.923828125, 0.3232421875, 19.8125, 18.0625, 27.625
-12016, -8410, 3106, 6610, 307, 272, 341, -756, 1910, 684, 1.1539153859171536, -0.1365340218855403, 0.9169591550719044, -0.369140625, 0.9326171875, 0.333984375, 19.1875, 17.0, 21.3125
-12002, -8474, 3090, 6560, 274, 240, 260, -690, 1876, 728, 1.1618542087336896, -0.1383004879733816, 0.9095553684212871, -0.3369140625, 0.916015625, 0.35546875, 17.125, 15.0, 16.25
-11986, -8530, 3080, 6521, 264, 185, 205, -625, 1871, 730, 1.1690489891527374, -0.13983514821243317, 0.9039201013570067, -0.30517578125, 0.91357421875, 0.3564453125, 16.5, 11.5625, 12.8125
-11970, -8575, 3077, 6494, 228, 109, 163, -571, 1865, 727, 1.1751333887130302, -0.1409420936500895, 0.9002685350834865, -0.27880859375, 0.91064453125, 0.35498046875, 14.25, 6.8125, 10.1875
-11950, -8616, 3089, 6471, 249, 39, 148, -499, 1862, 706, 1.1814846414656928, -0.14083844231044423, 0.8981275590444388, -0.24365234375, 0.9091796875, 0.3447265625, 15.5625, 2.4375, 9.25
-11928, -8651, 3116, 6453, 238, -33, 131, -415, 1890, 669, 1.1878465997722918, -0.13945899464728376, 0.8976724345831344, -0.20263671875, 0.9228515625, 0.32666015625, 14.875, -2.0625, 8.1875
-11906, -8678, 3153, 6439, 209, -90, 100, -302, 1891, 629, 1.193644028106213, -0.13705762277473024, 0.8984278469075737, -0.1474609375, 0.92333984375, 0.30712890625, 13.0625, -5.625, 6.25
-11882, -8699, 3195, 6433, 208, -131, 56, -239, 1891, 646, 1.1988683149528971, -0.13449828400953479, 0.9005052438829905, -0.11669921875, 0.92333984375, 0.3154296875, 13.0, -8.1875, 3.5
-11852, -8725, 3245, 6428, 258, -162, 45, -219, 1898, 623, 1.2052578471161768, -0.13169353911150714, 0.9032698299570968, -0.10693359375, 0.9267578125, 0.30419921875, 16.125, -10.125, 2.8125
-11817, -8751, 3297, 6431, 264, -198, 6, -205, 1934, 620, 1.2117623615380466, -0.1293826151034892, 0.9071320994198304, -0.10009765625, 0.9443359375, 0.302734375, 16.5, -12.375, 0.375
-11781, -8781, 3353, 6427, 298, -179, 16, -174, 1989, 615, 1.2190955397315564, -0.12650373780747964, 0.9104745462601197, -0.0849609375, 0.97119140625, 0.30029296875, 18.625, -11.1875, 1.0
-11756, -8796, 3393, 6430, 194, -149, -26, -138, 1981, 663, 1.223435882170194, -0.12452402707088513, 0.9135780666640861, -0.0673828125, 0.96728515625, 0.32373046875, 12.125, -9.3125, -1.625
-11729, -8813, 3428, 6438, 217, -135, -59, -147, 1929, 694, 1.2277823126011962, -0.12347970707750858, 0.9169223605751197, -0.07177734375, 0.94189453125, 0.3388671875, 13.5625, -8.4375, -3.6875
-11699, -8833, 3464, 6447, 245, -148, -61, -167, 1921, 687, 1.232618326895814, -0.12265339448578098, 0.9204555790936428, -0.08154296875, 0.93798828125, 0.33544921875, 15.3125, -9.25, -3.8125
-11669, -8849, 3501, 6459, 232, -169, -67, -172, 1943, 700, 1.23695004196403, -0.1217639189335456, 0.9244175139683414, -0.083984375, 0.94873046875, 0.341796875, 14.5, -10.5625, -4.1875
-11647, -8856, 3537, 6471, 188, -168, -48, -142, 1908, 708, 1.240023019241889, -0.12033198179087808, 0.9284061173788198, -0.0693359375, 0.931640625, 0.345703125, 11.75, -10.5, -3.0
-11615, -8870, 3580, 6484, 238, -203, -54, -149, 1929, 663, 1.244453159498536, -0.11897854000686543, 0.9329416436644392, -0.07275390625, 0.94189453125, 0.32373046875, 14.875, -12.6875, -3.375
-11579, -8878, 3636, 6506, 214, -307, -43, -177, 1910, 601, 1.2488539381006547, -0.11693512998571962, 0.9395434251082158, -0.08642578125, 0.9326171875, 0.29345703125, 13.375, -19.1875, -2.6875
-11542, -8875, 3704, 6538, 179, -416, -18, -192, 1894, 549, 1.2524950845221332, -0.11404110396142116, 0.9482840223158199, -0.09375, 0.9248046875, 0.26806640625, 11.1875, -26.0, -1.125
-11502, -8868, 3780, 6574, 138, -485, 3, -216, 1876, 467, 1.256123623071843, -0.11064825147902996, 0.9581222373019065, -0.10546875, 0.916015625, 0.22802734375, 8.625, -30.3125, 0.1875
-11463, -8859, 3855, 6610, 138, -485, 20, -220, 1816, 455, 1.2594911209803956, -0.10725640020140607, 0.9679327599355921, -0.107421875, 0.88671875, 0.22216796875, 8.625, -30.3125, 1.25
-11424, -8859, 3916, 6643, 158, -404, -9, -252, 1764, 459, 1.2633007271727645, -0.10535192021460647, 0.9763590871192731, -0.123046875, 0.861328125, 0.22412109375, 9.875, -25.25, -0.5625
-11377, -8880, 3964, 6667, 276, -289, -41, -269, 1731, 488, 1.2691977923738165, -0.1052813372175485, 0.9826585145518545, -0.13134765625, 0.84521484375, 0.23828125, 17.25, -18.0625, -2.5625
-11317, -8931, 4026, 6664, 532, -204, -2, -213, 1832, 562, 1.280230122590262, -0.10415317432633019, 0.9868345191916797, -0.10400390625, 0.89453125, 0.2744140625, 33.25, -12.75, -0.125
-11259, -8983, 4093, 6650, 529, -172, 38, -180, 2027, 538, 1.2917976941249485, -0.10190549200701747, 0.9901715870044807, -0.087890625, 0.98974609375, 0.2626953125, 33.0625, -10.75, 2.375
-11229, -8997, 4144, 6651, 280, -204, 49, -183, 2045, 616, 1.297109547181478, -0.09930107035791101, 0.9942313908251607, -0.08935546875, 0.99853515625, 0.30078125, 17.5, -12.75, 3.0625
-11211, -8989, 4196, 6660, 188, -256, 68, -140, 1952, 651, 1.2994647675354585, -0.09570258002178128, 0.999399471107479, -0.068359375, 0.953125, 0.31787109375, 11.75, -16.0, 4.25
-11194, -8975, 4258, 6668, 198, -304, 102, -120, 1957, 678, 1.3017055081041347, -0.09088242732336024, 1.0052867839981152, -0.05859375, 0.95556640625, 0.3310546875, 12.375, -19.0, 6.375
-11173, -8966, 4327, 6671, 235, -319, 157, -154, 1947, 628, 1.30517750264863, -0.08553720820161675, 1.0111779659180384, -0.0751953125, 0.95068359375, 0.306640625, 14.6875, -19.9375, 9.8125
-11156, -8952, 4393, 6674, 166, -316, 170, -162, 2012, 580, 1.3078033739581885, -0.08008499522585799, 1.0168639702511006, -0.0791015625, 0.982421875, 0.283203125, 10.375, -19.75, 10.625
-11151, -8926, 4445, 6683, 35, -279, 129, -112, 1982, 560, 1.3078672006160041, -0.07521942678474927, 1.022186846854747, -0.0546875, 0.9677734375, 0.2734375, 2.1875, -17.4375, 8.0625
-11149, -8905, 4481, 6692, 6, -213, 80, -101, 1954, 549, 1.3075402777306666, -0.07183761829710683, 1.0262259953882715, -0.04931640625, 0.9541015625, 0.26806640625, 0.375, -13.3125, 5.0
-11141, -8896, 4509, 6697, 68, -151, 43, -117, 1929, 555, 1.3082748414173349, -0.06965772766510277, 1.0290778242545293, -0.05712890625, 0.94189453125, 0.27099609375, 4.25, -9.4375, 2.6875
-11134, -8894, 4532, 6696, 84, -90, 45, -99, 1964, 561, 1.3096437607741511, -0.06781451941225806, 1.0308521865773348, -0.04833984375, 0.958984375, 0.27392578125, 5.25, -5.625, 2.8125
-11130, -8894, 4545, 6695, 52, -49, 15, -106, 1980, 544, 1.310585435777171, -0.06680300306693444, 1.0318204693086022, -0.0517578125, 0.966796875, 0.265625, 3.25, -3.0625, 0.9375
-11132, -8888, 4551, 6694, 1, -24, 12, -89, 1969, 546, 1.3101836879360056, -0.06587007555527236, 1.032192920697563, -0.04345703125, 0.96142578125, 0.2666015625, 0.0625, -1.5, 0.75
-11138, -8882, 4554, 6691, -18, -1, 6, -67, 1972, 554, 1.309597974922785, -0.06491786770403256, 1.0321339507533085, -0.03271484375, 0.962890625, 0.2705078125, -1.125, -0.0625, 0.375
-11138, -8881, 4555, 6691, 11, 8, 8, -83, 1943, 550, 1.309526981336227, -0.06478475147761606, 1.0322089018033263, -0.04052734375, 0.94873046875, 0.2685546875, 0.6875, 0.5, 0.5
-11139, -8882, 4555, 6688, 15, 19, -14, -79, 1942, 529, 1.3096673542881447, -0.064601754940359, 1.0318667560071537, -0.03857421875, 0.9482421875, 0.25830078125, 0.9375, 1.1875, -0.875
-11142, -8884, 4554, 6681, 1, 38, 2, -98, 1958, 514, 1.3098779113218453, -0.06421848462811275, 1.0309876446524422, -0.0478515625, 0.9560546875, 0.2509765625, 0.0625, 2.375, 0.125
-11149, -8882, 4545, 6677, -50, 52, 2, -114, 1936, 504, 1.308956888826067, -0.06436461674976329, 1.0297875972610402, -0.0556640625, 0.9453125, 0.24609375, -3.125, 3.25, 0.125
-11156, -8883, 4536, 6671, -48, 67, -6, -98, 1941, 492, 1.3084685950269215, -0.0645286315935775, 1.0283844192003786, -0.0478515625, 0.94775390625, 0.240234375, -3.0, 4.1875, -0.375
-11163, -8885, 4522, 6667, -44, 88, -26, -110, 1925, 510, 1.3077582025255674, -0.06529267346495263, 1.0267957776184555, -0.0537109375, 0.93994140625, 0.2490234375, -2.75, 5.5, -1.625
-11165, -8895, 4505, 6661, -8, 111, -57, -105, 1928, 502, 1.3079124487415736, -0.06674169718342123, 1.0246873605872877, -0.05126953125, 0.94140625, 0.2451171875, -0.5, 6.9375, -3.5625
-11169, -8910, 4479, 6653, -3, 164, -77, -111, 1939, 515, 1.308142506986198, -0.06898956403339912, 1.0216372728926448, -0.05419921875, 0.94677734375, 0.25146484375, -0.1875, 10.25, -4.8125
-11187, -8916, 4427, 6648, -96, 254, -84, -190, 1966, 617, 1.3053004859179598, -0.07269763355130805, 1.0168084152865084, -0.0927734375, 0.9599609375, 0.30126953125, -6.0, 15.875, -5.25
-11227, -8906, 4345, 6650, -259, 344, -121, -225, 2006, 735, 1.2982558490476124, -0.07788950422471376, 1.0104947214497109, -0.10986328125, 0.9794921875, 0.35888671875, -16.1875, 21.5, -7.5625
-11284, -8883, 4233, 6656, -402, 441, -161, -257, 2030, 822, 1.2874425636712166, -0.08474054516096344, 1.0023399135263413, -0.12548828125, 0.9912109375, 0.4013671875, -25.125, 27.5625, -10.0625
-11368, -8842, 4081, 6661, -628, 593, -174, -309, 2050, 898, 1.2716531185111197, -0.09329550954833896, 0.9911581948457238, -0.15087890625, 1.0009765625, 0.4384765625, -39.25, 37.0625, -10.875
-11471, -8784, 3893, 6674, -818, 686, -196, -442, 2047, 988, 1.2514911504975792, -0.1042570849873275, 0.9785284800551358, -0.2158203125, 0.99951171875, 0.482421875, -51.125, 42.875, -12.25
-11577, -8722, 3691, 6688, -873, 727, -226, -469, 2066, 1055, 1.230298576740573, -0.11650757496859769, 0.9654106707963563, -0.22900390625, 1.0087890625, 0.51513671875, -54.5625, 45.4375, -14.125
-11675, -8671, 3472, 6700, -884, 834, -348, -429, 2137, 1051, 1.2099809346397326, -0.13120909524343066, 0.9511849783327306, -0.20947265625, 1.04345703125, 0.51318359375, -55.25, 52.125, -21.75
-11769, -8626, 3223, 6718, -953, 934, -473, -481, 2126, 1048, 1.1892159371084854, -0.14970413261928392, 0.9360407514407679, -0.23486328125, 1.0380859375, 0.51171875, -59.5625, 58.375, -29.5625
-11859, -8580, 2958, 6742, -1024, 963, -537, -560, 2108, 1014, 1.1680071850262705, -0.1704548571259128, 0.92116478983177, -0.2734375, 1.029296875, 0.4951171875, -64.0, 60.1875, -33.5625
-11948, -8523, 2684, 6771, -1148, 967, -614, -543, 2139, 981, 1.1453843811972069, -0.1922203842960826, 0.907038794233244, -0.26513671875, 1.04443359375, 0.47900390625, -71.75, 60.4375, -38.375
-12062, -8423, 2382, 6806, -1496, 981, -625, -601, 2094, 972, 1.1160714527480262, -0.21469684642635237, 0.8931011505350744, -0.29345703125, 1.0224609375, 0.474609375, -93.5, 61.3125, -39.0625
-12196, -8286, 2076, 6837, -1689, 955, -586, -573, 2016, 1065, 1.0823015389724855, -0.2356192931002659, 0.8799317871550897, -0.27978515625, 0.984375, 0.52001953125, -105.5625, 59.6875, -36.625
-12331, -8135, 1765, 6862, -1768, 968, -571, -503, 1975, 1012, 1.0470895854874012, -0.2565583179224297, 0.8669601684184843, -0.24560546875, 0.96435546875, 0.494140625, -110.5, 60.5, -35.6875
-12479, -7951, 1425, 6890, -2035, 1012, -622, -511, 1969, 952, 1.0068109559509248, -0.2792867481196419, 0.85448429410627, -0.24951171875, 0.96142578125, 0.46484375, -127.1875, 63.25, -38.875
-12627, -7729, 1068, 6937, -2230, 946, -729, -555, 1820, 1072, 0.9611084566691531, -0.30363935993567587, 0.8455728986605531, -0.27099609375, 0.888671875, 0.5234375, -139.375, 59.125, -45.5625
-12735, -7533, 738, 6998, -1958, 842, -823, -560, 1679, 1088, 0.9203426365806571, -0.32862356368802237, 0.8409647515231298, -0.2734375, 0.81982421875, 0.53125, -122.375, 52.625, -51.4375
-12812, -7366, 431, 7061, -1697, 794, -856, -596, 1595, 1044, 0.8846389010157635, -0.3537016495582307, 0.838583385187239, -0.291015625, 0.77880859375, 0.509765625, -106.0625, 49.625, -53.5
-12866, -7225, 151, 7120, -1541, 750, -876, -626, 1532, 1071, 0.8536774903628559, -0.3777155682188645, 0.8375443906651295, -0.3056640625, 0.748046875, 0.52294921875, -96.3125, 46.875, -54.75
-12905, -7107, -109, 7169, -1371, 741, -843, -639, 1498, 1063, 0.8268219846581638, -0.400727185791173, 0.8365129510495837, -0.31201171875, 0.7314453125, 0.51904296875, -85.6875, 46.3125, -52.6875
-12952, -6979, -372, 7201, -1500, 768, -780, -667, 1571, 1034, 0.7989185435212538, -0.4228188628340847, 0.8342107820846512, -0.32568359375, 0.76708984375, 0.5048828125, -93.75, 48.0, -48.75
-13032, -6777, -681, 7227, -1882, 803, -716, -701, 1542, 1114, 0.7595313961545748, -0.44563645344093944, 0.8323716813576084, -0.34228515625, 0.7529296875, 0.5439453125, -117.625, 50.1875, -44.75
-13138, -6506, -1025, 7243, -2336, 803, -690, -768, 1410, 1211, 0.7098288510235009, -0.4683630960384665, 0.831370576845732, -0.375, 0.6884765625, 0.59130859375, -146.0, 50.1875, -43.125
-13259, -6183, -1378, 7246, -2608, 742, -634, -843, 1214, 1336, 0.6531465128467026, -0.48921133172239306, 0.8316116622584593, -0.41162109375, 0.5927734375, 0.65234375, -163.0, 46.375, -39.625
-13370, -5856, -1713, 7243, -2553, 662, -579, -906, 1032, 1399, 0.5967100474449799, -0.508257406368288, 0.8335724008815474, -0.4423828125, 0.50390625, 0.68310546875, -159.5625, 41.375, -36.1875
-13457, -5539, -2022, 7251, -2397, 568, -637, -927, 979, 1459, 0.5419527770090983, -0.5258756370214007, 0.8391781026518587, -0.45263671875, 0.47802734375, 0.71240234375, -149.8125, 35.5, -39.8125
-13515, -5247, -2305, 7277, -2150, 480, -724, -990, 909, 1383, 0.4905235517552536, -0.5428545146771628, 0.848839873545996, -0.4833984375, 0.44384765625, 0.67529296875, -134.375, 30.0, -45.25
-13553, -4962, -2555, 7322, -1985, 327, -790, -1057, 768, 1386, 0.44015681800112916, -0.5570574455143031, 0.8629286485037538, -0.51611328125, 0.375, 0.6767578125, -124.0625, 20.4375, -49.375
-13565, -4727, -2757, 7381, -1571, 168, -766, -1060, 570, 1314, 0.3974489142286969, -0.5687659924775469, 0.8790351968285735, -0.517578125, 0.2783203125, 0.6416015625, -98.1875, 10.5, -47.875
-13562, -4538, -2908, 7447, -1182, 102, -722, -995, 500, 1364, 0.3625212770282527, -0.577136812825487, 0.8956132441798231, -0.48583984375, 0.244140625, 0.666015625, -73.875, 6.375, -45.125
-13552, -4376, -3047, 7509, -1079, 149, -724, -1001, 610, 1441, 0.3316060294374927, -0.5853341017991176, 0.9113696338705187, -0.48876953125, 0.2978515625, 0.70361328125, -67.4375, 9.3125, -45.25
-13539, -4211, -3200, 7561, -1153, 218, -722, -1070, 620, 1494, 0.2995879195508692, -0.5944059741707314, 0.926294334768865, -0.5224609375, 0.302734375, 0.7294921875, -72.0625, 13.625, -45.125
-13535, -4017, -3369, 7601, -1331, 221, -685, -1135, 529, 1567, 0.263230433161761, -0.6031413009121602, 0.9411713805214069, -0.55419921875, 0.25830078125, 0.76513671875, -83.1875, 13.8125, -42.8125
-13530, -3813, -3526, 7643, -1305, 135, -663, -1167, 397, 1613, 0.2258387688262755, -0.6096416276773173, 0.957137187102933, -0.56982421875, 0.19384765625, 0.78759765625, -81.5625, 8.4375, -41.4375
-13513, -3626, -3661, 7701, -1119, 56, -704, -1199, 284, 1595, 0.1908802002769897, -0.6146065055426323, 0.9753313586050604, -0.58544921875, 0.138671875, 0.77880859375, -69.9375, 3.5, -44.0
-13491, -3451, -3776, 7763, -1004, -21, -696, -1269, 253, 1616, 0.1582611510564, -0.6176850189400352, 0.9937268166578683, -0.61962890625, 0.12353515625, 0.7890625, -62.75, -1.3125, -43.5
-13469, -3296, -3867, 7824, -858, -85, -642, -1269, 228, 1623, 0.12969555623398546, -0.6189687489325675, 1.0110204906514748, -0.61962890625, 0.111328125, 0.79248046875, -53.625, -5.3125, -40.125
-13456, -3142, -3943, 7873, -873, -120, -577, -1220, 259, 1636, 0.10290440776561006, -0.6182503546311086, 1.0260163013726824, -0.595703125, 0.12646484375, 0.798828125, -54.5625, -7.5, -36.0625
-13449, -2983, -4017, 7908, -928, -140, -511, -1188, 236, 1601, 0.07634600840938446, -0.6166076110807616, 1.0388200270650194, -0.580078125, 0.115234375, 0.78173828125, -58.0, -8.75, -31.9375
-13448, -2806, -4094, 7935, -1008, -159, -467, -1151, 137, 1604, 0.04786487334694857, -0.613939147519504, 1.0510168730485359, -0.56201171875, 0.06689453125, 0.783203125, -63.0, -9.9375, -29.1875
-13451, -2621, -4163, 7957, -1039, -220, -439, -1155, 96, 1629, 0.01935886155728466, -0.609662265992976, 1.0623139185223855, -0.56396484375, 0.046875, 0.79541015625, -64.9375, -13.75, -27.4375
-13457, -2437, -4216, 7978, -1000, -295, -412, -1135, 62, 1613, -0.007606258657156103, -0.6035436326262646, 1.0727299142015663, -0.55419921875, 0.0302734375, 0.78759765625, -62.5, -18.4375, -25.75
-13470, -2232, -4256, 7995, -1079, -388, -399, -1085, 29, 1659, -0.03563641487065705, -0.5944868149793541, 1.0823114920321906, -0.52978515625, 0.01416015625, 0.81005859375, -67.4375, -24.25, -24.9375
-13486, -1997, -4288, 8013, -1203, -518, -433, -1060, -10, 1666, -0.06631906727869781, -0.5824550448096131, 1.0922068744484963, -0.517578125, -0.0048828125, 0.8134765625, -75.1875, -32.375, -27.0625
-13503, -1744, -4309, 8032, -1265, -624, -462, -1033, -41, 1640, -0.09790797635830907, -0.5679132821589828, 1.101879428223605, -0.50439453125, -0.02001953125, 0.80078125, -79.0625, -39.0, -28.875
-13519, -1474, -4339, 8042, -1363, -634, -446, -989, -115, 1574, -0.1314360514327721, -0.5531401055421212, 1.1106340093008857, -0.48291015625, -0.05615234375, 0.7685546875, -85.1875, -39.625, -27.875
-13532, -1193, -4382, 8044, -1458, -589, -436, -939, -184, 1585, -0.1666304739429244, -0.5390234878217003, 1.118811406425367, -0.45849609375, -0.08984375, 0.77392578125, -91.125, -36.8125, -27.25
-13538, -923, -4425, 8046, -1391, -547, -431, -908, -255, 1539, -0.2003594121259413, -0.5255204532335527, 1.126579289171907, -0.443359375, -0.12451171875, 0.75146484375, -86.9375, -34.1875, -26.9375
-13538, -658, -4476, 8043, -1365, -481, -395, -858, -382, 1537, -0.2338187702714639, -0.5131301825850204, 1.1337491025002207, -0.4189453125, -0.1865234375, 0.75048828125, -85.3125, -30.0625, -24.6875
-13535, -418, -4524, 8038, -1225, -402, -343, -831, -475, 1568, -0.2640453652547553, -0.502079656533351, 1.13991864294491, -0.40576171875, -0.23193359375, 0.765625, -76.5625, -25.125, -21.4375
-13531, -203, -4571, 8027, -1129, -330, -279, -824, -506, 1609, -0.2911318512352715, -0.49264781176428724, 1.1446073111989095, -0.40234375, -0.2470703125, 0.78564453125, -70.5625, -20.625, -17.4375
-13527, -4, -4617, 8009, -1068, -296, -229, -840, -557, 1630, -0.31607825739698103, -0.48426549100926625, 1.1478404180154786, -0.41015625, -0.27197265625, 0.7958984375, -66.75, -18.5, -14.3125
-13525, 182, -4663, 7983, -1009, -285, -170, -861, -600, 1609, -0.3393021663958714, -0.47693833261647156, 1.149644548083708, -0.42041015625, -0.29296875, 0.78564453125, -63.0625, -17.8125, -10.625
-13526, 355, -4698, 7955, -906, -302, -117, -803, -646, 1528, -0.3600741602998491, -0.46946319389200974, 1.1502714683659978, -0.39208984375, -0.3154296875, 0.74609375, -56.625, -18.875, -7.3125
-13523, 533, -4740, 7927, -931, -254, -118, -743, -732, 1524, -0.3820160784725635, -0.46239796794766463, 1.1514544594002751, -0.36279296875, -0.357421875, 0.744140625, -58.1875, -15.875, -7.375
-13517, 712, -4789, 7893, -987, -235, -116, -783, -724, 1546, -0.40449621033534844, -0.456074112523402, 1.1521877585719627, -0.38232421875, -0.353515625, 0.7548828125, -61.6875, -14.6875, -7.25
-13524, 886, -4832, 7837, -999, -314, -5, -844, -708, 1507, -0.42521300544566315, -0.4502010776531771, 1.1492251940241176, -0.412109375, -0.345703125, 0.73583984375, -62.4375, -19.625, -0.3125
-13537, 1082, -4879, 7759, -1120, -363, 104, -802, -800, 1491, -0.4480172885806785, -0.4439825215044247, 1.1436514121035537, -0.3916015625, -0.390625, 0.72802734375, -70.0, -22.6875, 6.5
-13559, 1277, -4919, 7666, -1117, -405, 199, -819, -875, 1550, -0.46974513054768247, -0.4378485697607116, 1.1355457218216414, -0.39990234375, -0.42724609375, 0.7568359375, -69.8125, -25.3125, 12.4375
-13590, 1448, -4937, 7569, -962, -450, 268, -777, -865, 1523, -0.4869276082062026, -0.43149614540604153, 1.1251361550696206, -0.37939453125, -0.42236328125, 0.74365234375, -60.125, -28.125, 16.75
-13622, 1606, -4949, 7471, -870, -430, 308, -708, -905, 1469, -0.5022746005888842, -0.4256223889132255, 1.1140976309277624, -0.345703125, -0.44189453125, 0.71728515625, -54.375, -26.875, 19.25
-13650, 1752, -4960, 7380, -788, -384, 309, -647, -949, 1419, -0.5165656121333703, -0.4203717763608337, 1.103949757216648, -0.31591796875, -0.46337890625, 0.69287109375, -49.25, -24.0, 19.3125
-13681, 1875, -4969, 7285, -680, -378, 350, -705, -943, 1383, -0.5281533216366359, -0.4166800679155705, 1.0928354941917664, -0.34423828125, -0.46044921875, 0.67529296875, -42.5, -23.625, 21.875
-13720, 1983, -4976, 7176, -610, -391, 450, -755, -986, 1371, -0.537624981246868, -0.4143933274505586, 1.0794717158292795, -0.36865234375, -0.4814453125, 0.66943359375, -38.125, -24.4375, 28.125
-13763, 2086, -4975, 7066, -558, -394, 493, -679, -1025, 1383, -0.5459519300814341, -0.4118758439900034, 1.0655040648245229, -0.33154296875, -0.50048828125, 0.67529296875, -34.875, -24.625, 30.8125
-13804, 2180, -4971, 6959, -515, -373, 484, -651, -1006, 1360, -0.5531879604904272, -0.4095826786247323, 1.05169133852956, -0.31787109375, -0.4912109375, 0.6640625, -32.1875, -23.3125, 30.25
-13840, 2265, -4969, 6862, -437, -310, 470, -603, -1080, 1338, -0.5599554040166234, -0.4077921063511199, 1.0393904854557934, -0.29443359375, -0.52734375, 0.6533203125, -27.3125, -19.375, 29.375
-13869, 2335, -4973, 6776, -328, -225, 445, -599, -1149, 1315, -0.5658887283163484, -0.40714328968523994, 1.0288472893330645, -0.29248046875, -0.56103515625, 0.64208984375, -20.5, -14.0625, 27.8125
-13896, 2374, -4973, 6707, -163, -170, 406, -608, -1129, 1319, -0.568481374074577, -0.4074176591934065, 1.0199440847926124, -0.296875, -0.55126953125, 0.64404296875, -10.1875, -10.625, 25.375
-13927, 2392, -4978, 6633, -96, -143, 433, -723, -1085, 1330, -0.5690018159120003, -0.4096915702090633, 1.0103901828461026, -0.35302734375, -0.52978515625, 0.6494140625, -6.0, -8.9375, 27.0625
-13958, 2404, -4984, 6557, -87, -115, 459, -717, -1085, 1358, -0.5688490194222479, -0.412464529028567, 1.0005202433745815, -0.35009765625, -0.52978515625, 0.6630859375, -5.4375, -7.1875, 28.6875
-13979, 2423, -4997, 6495, -108, -38, 394, -643, -1115, 1372, -0.5704480128525907, -0.4150035952950278, 0.9932140409101412, -0.31396484375, -0.54443359375, 0.669921875, -6.75, -2.375, 24.625
-13991, 2431, -5014, 6453, -12, 47, 319, -647, -1201, 1409, -0.571648278024747, -0.4178382943686876, 0.9887556593357443, -0.31591796875, -0.58642578125, 0.68798828125, -0.75, 2.9375, 19.9375
-14000, 2403, -5021, 6439, 214, 101, 225, -719, -1227, 1491, -0.5686475361533677, -0.42075409986619333, 0.9868306424527072, -0.35107421875, -0.59912109375, 0.72802734375, 13.375, 6.3125, 14.0625
-14023, 2326, -5013, 6423, 421, 56, 260, -873, -1069, 1537, -0.5587220385461439, -0.4251361082228649, 0.9827076269434543, -0.42626953125, -0.52197265625, 0.75048828125, 26.3125, 3.5, 16.25
-14058, 2250, -4997, 6386, 379, 0, 375, -841, -981, 1560, -0.5476585729216519, -0.42940888029730984, 0.9751461511708835, -0.41064453125, -0.47900390625, 0.76171875, 23.6875, 0.0, 23.4375
-14090, 2199, -4985, 6342, 232, -5, 390, -772, -976, 1568, -0.5395724302435551, -0.4327980443120223, 0.9673187094819354, -0.376953125, -0.4765625, 0.765625, 14.5, -0.3125, 24.375
-14118, 2166, -4981, 6295, 144, 9, 377, -778, -1037, 1610, -0.5341147926443236, -0.4360357687213086, 0.9599546594669517, -0.3798828125, -0.50634765625, 0.7861328125, 9.0, 0.5625, 23.5625
-14149, 2113, -4971, 6252, 286, -4, 400, -822, -1050, 1574, -0.5259477370954617, -0.43963420007621357, 0.9523468028228617, -0.4013671875, -0.5126953125, 0.7685546875, 17.875, -0.25, 25.0
-14189, 2036, -4950, 6202, 405, -38, 470, -839, -984, 1558, -0.5138677779639176, -0.4436235985184624, 0.9425291071178677, -0.40966796875, -0.48046875, 0.7607421875, 25.3125, -2.375, 29.375
-14236, 1952, -4922, 6145, 447, -61, 528, -829, -961, 1575, -0.5001974939482147, -0.44747345742254085, 0.9311650281686736, -0.40478515625, -0.46923828125, 0.76904296875, 27.9375, -3.8125, 33.0
-14284, 1857, -4888, 6089, 494, -60, 535, -806, -894, 1585, -0.48475269996293396, -0.4510993959795965, 0.9192812820309929, -0.3935546875, -0.4365234375, 0.77392578125, 30.875, -3.75, 33.4375
-14338, 1755, -4853, 6020, 542, -93, 623, -881, -923, 1593, -0.4679896484845245, -0.4552785523936701, 0.9053812726588837, -0.43017578125, -0.45068359375, 0.77783203125, 33.875, -5.8125, 38.9375
-14400, 1629, -4805, 5944, 679, -124, 712, -872, -886, 1595, -0.4471453655742502, -0.45936415824948545, 0.8891632933362391, -0.42578125, -0.4326171875, 0.77880859375, 42.4375, -7.75, 44.5
-14467, 1489, -4745, 5867, 766, -145, 742, -837, -828, 1607, -0.4237025243223013, -0.462697874902599, 0.8718258347729747, -0.40869140625, -0.404296875, 0.78466796875, 47.875, -9.0625, 46.375
-14533, 1343, -4680, 5792, 850, -164, 760, -843, -856, 1574, -0.3992381639414042, -0.4654126105940451, 0.8543804216736529, -0.41162109375, -0.41796875, 0.7685546875, 53.125, -10.25, 47.5
-14601, 1164, -4598, 5724, 1041, -198, 756, -861, -761, 1581, -0.3698596908731206, -0.46738853251375934, 0.8362656172209371, -0.42041015625, -0.37158203125, 0.77197265625, 65.0625, -12.375, 47.25
-14673, 953, -4492, 5663, 1243, -243, 766, -839, -678, 1623, -0.33530047517548184, -0.4677358680609203, 0.8172985635211306, -0.40966796875, -0.3310546875, 0.79248046875, 77.6875, -15.1875, 47.875
-14736, 737, -4384, 5615, 1335, -222, 712, -794, -695, 1544, -0.3005698802606357, -0.4673193230731236, 0.8001725038318499, -0.3876953125, -0.33935546875, 0.75390625, 83.4375, -13.875, 44.5
-14774, 542, -4302, 5601, 1229, -86, 475, -782, -653, 1564, -0.27129107473998365, -0.46780038411611785, 0.7897750343252326, -0.3818359375, -0.31884765625, 0.763671875, 76.8125, -5.375, 29.6875
-14791, 389, -4255, 5606, 960, 20, 265, -845, -579, 1547, -0.249979169047679, -0.4697459951464537, 0.7847368929279575, -0.41259765625, -0.28271484375, 0.75537109375, 60.0, 1.25, 16.5625
-14796, 296, -4244, 5607, 546, 83, 153, -845, -470, 1491, -0.23804549540847106, -0.47292019836768323, 0.7821413974031187, -0.41259765625, -0.2294921875, 0.72802734375, 34.125, 5.1875, 9.5625
-14789, 278, -4268, 5607, 43, 158, 16, -849, -388, 1575, -0.23733952227507327, -0.4764900185470468, 0.782700458891129, -0.41455078125, -0.189453125, 0.76904296875, 2.6875, 9.875, 1.0
-14773, 309, -4313, 5613, -206, 185, -89, -888, -465, 1621, -0.24411206497892904, -0.4800216734654237, 0.7862509368159196, -0.43359375, -0.22705078125, 0.79150390625, -12.875, 11.5625, -5.5625
-14749, 332, -4360, 5638, -85, 237, -149, -890, -611, 1663, -0.2507260189689112, -0.48382465307345573, 0.792428601260464, -0.4345703125, -0.29833984375, 0.81201171875, -5.3125, 14.8125, -9.3125
-14723, 288, -4388, 5686, 309, 259, -188, -956, -594, 1707, -0.24882821296673835, -0.488317140944005, 0.7993947176436245, -0.466796875, -0.2900390625, 0.83349609375, 19.3125, 16.1875, -11.75
-14698, 185, -4393, 5752, 654, 257, -200, -967, -524, 1703, -0.23895981851502449, -0.49285510059158294, 0.8064599396300765, -0.47216796875, -0.255859375, 0.83154296875, 40.875, 16.0625, -12.5
-14674, 64, -4394, 5815, 707, 257, -181, -984, -403, 1671, -0.22657892805400476, -0.4979465072290415, 0.8124705820287911, -0.48046875, -0.19677734375, 0.81591796875, 44.1875, 16.0625, -11.3125
-14649, -36, -4407, 5869, 543, 290, -181, -989, -350, 1706, -0.21723542100903492, -0.5035864289645128, 0.8182773349200944, -0.48291015625, -0.1708984375, 0.8330078125, 33.9375, 18.125, -11.3125
-14620, -100, -4438, 5916, 338, 320, -197, -984, -393, 1701, -0.2132209974501588, -0.5095998243194954, 0.8247886291131291, -0.48046875, -0.19189453125, 0.83056640625, 21.125, 20.0, -12.3125
-14587, -139, -4481, 5964, 208, 348, -230, -980, -424, 1718, -0.213128395398184, -0.5157401221543966, 0.8326818718451412, -0.478515625, -0.20703125, 0.8388671875, 13.0, 21.75, -14.375
-14557, -189, -4517, 6009, 246, 340, -204, -968, -374, 1708, -0.2111792632662434, -0.5217140324272093, 0.8395845704736394, -0.47265625, -0.1826171875, 0.833984375, 15.375, 21.25, -12.75
-14525, -244, -4556, 6054, 296, 385, -186, -960, -422, 1722, -0.20888078708414873, -0.5282870968683195, 0.8465140701818146, -0.46875, -0.2060546875, 0.8408203125, 18.5, 24.0625, -11.625
-14488, -330, -4590, 6113, 478, 414, -217, -1025, -425, 1734, -0.20308373731315157, -0.535758021935872, 0.8544981605901516, -0.50048828125, -0.20751953125, 0.8466796875, 29.875, 25.875, -13.5625
-14450, -448, -4611, 6179, 648, 422, -220, -1017, -341, 1737, -0.19284305644722144, -0.5433997380929357, 0.8620665524100751, -0.49658203125, -0.16650390625, 0.84814453125, 40.5, 26.375, -13.75
-14413, -583, -4624, 6244, 708, 424, -211, -1038, -235, 1749, -0.179987511833057, -0.551154640481239, 0.8686699257413621, -0.5068359375, -0.11474609375, 0.85400390625, 44.25, 26.5, -13.1875
-14380, -706, -4643, 6294, 588, 416, -161, -1086, -164, 1763, -0.16841830776264913, -0.5592553345015864, 0.8736652694710977, -0.5302734375, -0.080078125, 0.86083984375, 36.75, 26.0, -10.0625
-14348, -811, -4672, 6332, 470, 425, -128, -1100, -172, 1765, -0.15926334181831217, -0.5677089011458264, 0.8777972484152771, -0.537109375, -0.083984375, 0.86181640625, 29.375, 26.5625, -8.0
-14314, -904, -4710, 6370, 431, 471, -121, -1074, -249, 1763, -0.15223319506399832, -0.5766446898490781, 0.8827388955337108, -0.5244140625, -0.12158203125, 0.86083984375, 26.9375, 29.4375, -7.5625
-14273, -1010, -4751, 6414, 508, 509, -145, -1104, -251, 1733, -0.14414221642832953, -0.5865577134772376, 0.8883189428513232, -0.5390625, -0.12255859375, 0.84619140625, 31.75, 31.8125, -9.0625
-14229, -1132, -4793, 6460, 592, 538, -138, -1129, -219, 1671, -0.1342823751157284, -0.5975401965995055, 0.8938151476741149, -0.55126953125, -0.10693359375, 0.81591796875, 37.0, 33.625, -8.625
-14181, -1263, -4836, 6509, 630, 571, -153, -1139, -190, 1676, -0.12356588744339661, -0.6091931653653689, 0.8995544650005317, -0.55615234375, -0.0927734375, 0.818359375, 39.375, 35.6875, -9.5625
-14129, -1404, -4881, 6559, 665, 596, -157, -1171, -135, 1631, -0.11184542053390982, -0.6217153604777836, 0.905232661372996, -0.57177734375, -0.06591796875, 0.79638671875, 41.5625, 37.25, -9.8125
-14076, -1541, -4926, 6609, 629, 612, -180, -1180, -79, 1655, -0.10065389887761271, -0.6341479849930264, 0.9110516831522351, -0.576171875, -0.03857421875, 0.80810546875, 39.3125, 38.25, -11.25
-14022, -1687, -4972, 6654, 662, 617, -152, -1217, -47, 1606, -0.08817664558323267, -0.6473441265055575, 0.9158240500483762, -0.59423828125, -0.02294921875, 0.7841796875, 41.375, 38.5625, -9.5
-13968, -1821, -5022, 6693, 584, 621, -139, -1211, -37, 1591, -0.07721582519460614, -0.6604159657630481, 0.9201710385369987, -0.59130859375, -0.01806640625, 0.77685546875, 36.5, 38.8125, -8.6875
-13912, -1949, -5075, 6734, 572, 630, -154, -1243, -53, 1581, -0.06735758508608947, -0.6736233425768792, 0.9252272361334232, -0.60693359375, -0.02587890625, 0.77197265625, 35.75, 39.375, -9.625
-13854, -2080, -5128, 6774, 588, 618, -151, -1276, -40, 1533, -0.05709079762332437, -0.6870923828077384, 0.9300036270441734, -0.623046875, -0.01953125, 0.74853515625, 36.75, 38.625, -9.4375
-13797, -2209, -5177, 6812, 574, 597, -141, -1280, -5, 1496, -0.04666304213452042, -0.7000910136381859, 0.934300251261107, -0.625, -0.00244140625, 0.73046875, 35.875, 37.3125, -8.8125
-13741, -2331, -5228, 6847, 526, 584, -147, -1299, 21, 1470, -0.03710237401229962, -0.7130560927438325, 0.9384789004721331, -0.63427734375, 0.01025390625, 0.7177734375, 32.875, 36.5, -9.1875
-13685, -2442, -5283, 6877, 461, 564, -148, -1328, 35, 1414, -0.0290161406453001, -0.7258658995539352, 0.9423850185126807, -0.6484375, 0.01708984375, 0.6904296875, 28.8125, 35.25, -9.25
-13629, -2543, -5339, 6909, 419, 540, -164, -1340, 24, 1381, -0.022451589686514017, -0.7383206878572085, 0.9471261422855435, -0.654296875, 0.01171875, 0.67431640625, 26.1875, 33.75, -10.25
-13573, -2635, -5394, 6941, 367, 509, -198, -1368, 69, 1365, -0.01705794510001392, -0.7501455342596598, 0.9521686357552321, -0.66796875, 0.03369140625, 0.66650390625, 22.9375, 31.8125, -12.375
-13519, -2709, -5455, 6970, 253, 485, -226, -1398, 101, 1342, -0.014397171227338386, -0.7616706745893939, 0.9578360057104194, -0.6826171875, 0.04931640625, 0.6552734375, 15.8125, 30.3125, -14.125
-13467, -2756, -5528, 6995, 104, 479, -257, -1403, 67, 1330, -0.01616820264337852, -0.7730151731486693, 0.9647398724753516, -0.68505859375, 0.03271484375, 0.6494140625, 6.5, 29.9375, -16.0625
-13414, -2787, -5608, 7020, 32, 482, -274, -1412, 5, 1312, -0.020874099139389778, -0.784178611928734, 0.972900392574721, -0.689453125, 0.00244140625, 0.640625, 2.0, 30.125, -17.125
-13356, -2822, -5686, 7055, 100, 478, -306, -1447, -41, 1314, -0.02580356684227654, -0.795407304347625, 0.9828499708027297, -0.70654296875, -0.02001953125, 0.6416015625, 6.25, 29.875, -19.125
-13291, -2873, -5753, 7102, 216, 462, -340, -1487, -31, 1308, -0.028772730779591364, -0.8062791551389479, 0.9937847653577838, -0.72607421875, -0.01513671875, 0.638671875, 13.5, 28.875, -21.25
-13225, -2935, -5814, 7151, 270, 455, -353, -1507, 25, 1277, -0.030061874753791525, -0.8172258336780904, 1.0044792508377107, -0.73583984375, 0.01220703125, 0.62353515625, 16.875, 28.4375, -22.0625
-13162, -2989, -5875, 7195, 213, 439, -339, -1523, 48, 1276, -0.03226237376523457, -0.8276749959565257, 1.0147979293974723, -0.74365234375, 0.0234375, 0.623046875, 13.3125, 27.4375, -21.1875
-13103, -3031, -5940, 7232, 147, 430, -314, -1519, 0, 1261, -0.0361178727924993, -0.8378560535170037, 1.0248558618067385, -0.74169921875, 0.0, 0.61572265625, 9.1875, 26.875, -19.625
-13046, -3068, -6002, 7266, 128, 407, -297, -1539, -33, 1257, -0.040362833136052455, -0.8472838844726657, 1.034506337919805, -0.75146484375, -0.01611328125, 0.61376953125, 8.0, 25.4375, -18.5625
-12991, -3108, -6059, 7302, 169, 382, -275, -1541, -55, 1229, -0.04398913890010972, -0.8564805604069906, 1.0443244997035441, -0.75244140625, -0.02685546875, 0.60009765625, 10.5625, 23.875, -17.1875
-12936, -3149, -6109, 7341, 205, 366, -270, -1526, -79, 1223, -0.047224315979828464, -0.86488923087564, 1.0542862224965526, -0.7451171875, -0.03857421875, 0.59716796875, 12.8125, 22.875, -16.875
-12881, -3200, -6152, 7379, 252, 350, -253, -1533, -52, 1189, -0.048451285010443636, -0.8731280167416532, 1.063161309910857, -0.74853515625, -0.025390625, 0.58056640625, 15.75, 21.875, -15.8125
-12828, -3241, -6198, 7414, 193, 332, -256, -1543, -60, 1164, -0.05126224691336772, -0.8810518851412844, 1.0723167494988306, -0.75341796875, -0.029296875, 0.568359375, 12.0625, 20.75, -16.0
-12779, -3271, -6246, 7446, 140, 311, -252, -1541, -80, 1141, -0.05565000167925664, -0.8885417123626405, 1.081770045395606, -0.75244140625, -0.0390625, 0.55712890625, 8.75, 19.4375, -15.75
-12732, -3294, -6295, 7476, 102, 291, -241, -1562, -108, 1142, -0.06109173309595107, -0.895667221693463, 1.0914165891390069, -0.7626953125, -0.052734375, 0.5576171875, 6.375, 18.1875, -15.0625
-12687, -3320, -6339, 7502, 109, 270, -223, -1585, -84, 1121, -0.06537088902078532, -0.902318772943889, 1.099745267273929, -0.77392578125, -0.041015625, 0.54736328125, 6.8125, 16.875, -13.9375
-12644, -3336, -6386, 7527, 71, 260, -213, -1568, -138, 1102, -0.07140304094748172, -0.9086568026777633, 1.1088054038224004, -0.765625, -0.0673828125, 0.5380859375, 4.4375, 16.25, -13.3125
-12600, -3350, -6433, 7556, 85, 256, -227, -1597, -178, 1115, -0.07823250247776456, -0.914907761221951, 1.1190183035797083, -0.77978515625, -0.0869140625, 0.54443359375, 5.3125, 16.0, -14.1875
-12555, -3366, -6476, 7586, 98, 244, -236, -1587, -159, 1101, -0.08462598967507355, -0.9206990406941585, 1.129061885862012, -0.77490234375, -0.07763671875, 0.53759765625, 6.125, 15.25, -14.75
-12513, -3381, -6518, 7613, 69, 232, -232, -1612, -128, 1091, -0.09084362927763241, -0.9263657700932947, 1.1386149659220335, -0.787109375, -0.0625, 0.53271484375, 4.3125, 14.5, -14.5
-12475, -3387, -6563, 7635, 16, 218, -215, -1599, -158, 1073, -0.09828136776758781, -0.9317663368909221, 1.1480158714062005, -0.78076171875, -0.0771484375, 0.52392578125, 1.0, 13.625, -13.4375
-12437, -3385, -6609, 7656, -13, 206, -219, -1605, -187, 1075, -0.10706489879655696, -0.9365100942525879, 1.1577604567767468, -0.78369140625, -0.09130859375, 0.52490234375, -0.8125, 12.875, -13.6875
-12401, -3386, -6650, 7679, 12, 187, -210, -1622, -200, 1076, -0.11505735249089709, -0.9410003128894968, 1.1674556011555801, -0.7919921875, -0.09765625, 0.525390625, 0.75, 11.6875, -13.125
-12367, -3392, -6686, 7700, 33, 166, -194, -1617, -169, 1043, -0.12160444115353743, -0.9452685029513571, 1.1760378549783381, -0.78955078125, -0.08251953125, 0.50927734375, 2.0625, 10.375, -12.125
-12337, -3395, -6719, 7718, 12, 161, -175, -1618, -176, 1064, -0.12790583935001612, -0.948977728839518, 1.1838434041671388, -0.7900390625, -0.0859375, 0.51953125, 0.75, 10.0625, -10.9375
-12308, -3397, -6754, 7733, 2, 149, -159, -1658, -204, 1063, -0.13438103026582127, -0.9528550153204673, 1.191386566590451, -0.8095703125, -0.099609375, 0.51904296875, 0.125, 9.3125, -9.9375
-12281, -3400, -6782, 7750, 23, 127, -154, -1646, -194, 1061, -0.14002195996932915, -0.955980571165502, 1.198539374446834, -0.8037109375, -0.0947265625, 0.51806640625, 1.4375, 7.9375, -9.625
-12256, -3407, -6806, 7767, 45, 114, -136, -1635, -197, 1031, -0.14456364164122626, -0.9590454753159221, 1.2051255213794572, -0.79833984375, -0.09619140625, 0.50341796875, 2.8125, 7.125, -8.5
-12233, -3412, -6827, 7781, 32, 95, -129, -1660, -180, 1053, -0.1487185000162074, -0.9614751450452595, 1.2107260667432982, -0.810546875, -0.087890625, 0.51416015625, 2.0, 5.9375, -8.0625
-12214, -3414, -6847, 7793, 12, 70, -121, -1664, -181, 1032, -0.15286689695766037, -0.9637061242866151, 1.215969465928174, -0.8125, -0.08837890625, 0.50390625, 0.75, 4.375, -7.5625
-12199, -3408, -6867, 7801, -46, 50, -126, -1657, -145, 1037, -0.15766857336793974, -0.9652984337290889, 1.2206563233254673, -0.80908203125, -0.07080078125, 0.50634765625, -2.875, 3.125, -7.875
-12189, -3393, -6890, 7803, -122, 21, -123, -1669, -128, 1010, -0.16342204418627398, -0.9666276870147757, 1.2248096116934417, -0.81494140625, -0.0625, 0.4931640625, -7.625, 1.3125, -7.6875
-12182, -3367, -6914, 7804, -173, 1, -136, -1659, -146, 1033, -0.1706788244508101, -0.9672132370909441, 1.2293418885811331, -0.81005859375, -0.0712890625, 0.50439453125, -10.8125, 0.0625, -8.5
-12174, -3342, -6936, 7808, -153, -8, -142, -1668, -154, 1029, -0.17785329314913165, -0.9676174434250878, 1.2342615753236823, -0.814453125, -0.0751953125, 0.50244140625, -9.5625, -0.5, -8.875
-12162, -3321, -6954, 7820, -104, -5, -175, -1653, -163, 1040, -0.18482565043239754, -0.9677693972536046, 1.2402855664247943, -0.80712890625, -0.07958984375, 0.5078125, -6.5, -0.3125, -10.9375
-12142, -3311, -6967, 7844, -12, 1, -220, -1660, -160, 1014, -0.1910017859553154, -0.9680325847421081, 1.2478956712377853, -0.810546875, -0.078125, 0.4951171875, -0.75, 0.0625, -13.75
-12117, -3301, -6976, 7878, 24, -14, -288, -1653, -130, 1015, -0.1977484433162571, -0.967620989683193, 1.25718225302941, -0.80712890625, -0.0634765625, 0.49560546875, 1.5, -0.875, -18.0
-12090, -3295, -6982, 7917, 50, -37, -307, -1669, -109, 978, -0.20405525226144275, -0.9671670200445815, 1.267054950590584, -0.81494140625, -0.05322265625, 0.4775390625, 3.125, -2.3125, -19.1875
-12062, -3278, -6990, 7960, 20, -46, -356, -1647, -133, 1008, -0.21253838504533587, -0.9659521931890825, 1.278512195772378, -0.80419921875, -0.06494140625, 0.4921875, 1.25, -2.875, -22.25
-12026, -3259, -6998, 8015, 51, -50, -416, -1643, -174, 990, -0.22266209315207017, -0.9642845792127009, 1.2927216301262539, -0.80224609375, -0.0849609375, 0.4833984375, 3.1875, -3.125, -26.0
-11982, -3230, -7009, 8082, 40, -55, -511, -1624, -184, 988, -0.23588409986738018, -0.9617776934732866, 1.3103650396704007, -0.79296875, -0.08984375, 0.482421875, 2.5, -3.4375, -31.9375
-11932, -3186, -7028, 8157, -9, -64, -610, -1628, -211, 974, -0.253072044991426, -0.9586537006050289, 1.3314298916902152, -0.794921875, -0.10302734375, 0.4755859375, -0.5625, -4.0, -38.125
-11874, -3117, -7058, 8242, -117, -65, -740, -1587, -225, 990, -0.27609148430623337, -0.9541392620275403, 1.3569968032298096, -0.77490234375, -0.10986328125, 0.4833984375, -7.3125, -4.0625, -46.25
-11814, -3038, -7094, 8327, -193, -73, -816, -1618, -180, 997, -0.30103495939370745, -0.949118807848625, 1.383568652747379, -0.7900390625, -0.087890625, 0.48681640625, -12.0625, -4.5625, -51.0
-11751, -2944, -7134, 8414, -253, -69, -857, -1607, -247, 1046, -0.32830602230034356, -0.9427063378821564, 1.4112758484713355, -0.78466796875, -0.12060546875, 0.5107421875, -15.8125, -4.3125, -53.5625
-11673, -2843, -7179, 8518, -214, -49, -966, -1569, -340, 1025, -0.35865894203104515, -0.9353222846217413, 1.4433801237341712, -0.76611328125, -0.166015625, 0.50048828125, -13.375, -3.0625, -60.375
-11582, -2741, -7224, 8638, -173, -42, -1071, -1567, -369, 1022, -0.390269357627997, -0.9269344929920491, 1.4786340817196504, -0.76513671875, -0.18017578125, 0.4990234375, -10.8125, -2.625, -66.9375
-11478, -2643, -7262, 8774, -87, -58, -1172, -1545, -368, 974, -0.4212609114015718, -0.9170427754811354, 1.5156717699544338, -0.75439453125, -0.1796875, 0.4755859375, -5.4375, -3.625, -73.25
-11367, -2544, -7290, 8923, -30, -69, -1241, -1509, -398, 1006, -0.4510243525989333, -0.9051609786106206, 1.5532587397004303, -0.73681640625, -0.1943359375, 0.4912109375, -1.875, -4.3125, -77.5625
-11242, -2448, -7315, 9086, 35, -56, -1334, -1520, -433, 1016, -0.48048235246755, -0.8921448549391694, 1.5927175963607052, -0.7421875, -0.21142578125, 0.49609375, 2.1875, -3.5, -83.375
-11101, -2340, -7344, 9263, 20, -39, -1464, -1465, -466, 1017, -0.5121025361444131, -0.8771323565770385, 1.6351578550533754, -0.71533203125, -0.2275390625, 0.49658203125, 1.25, -2.4375, -91.5
-10942, -2221, -7379, 9452, 27, -24, -1586, -1444, -558, 986, -0.5457374642859901, -0.860205612072893, 1.6803372840635975, -0.705078125, -0.2724609375, 0.4814453125, 1.6875, -1.5, -99.125
-10764, -2098, -7408, 9659, 101, -14, -1690, -1430, -600, 954, -0.5788246295243009, -0.8406698494519437, 1.727340623416878, -0.6982421875, -0.29296875, 0.4658203125, 6.3125, -0.875, -105.625
-10571, -1983, -7420, 9885, 245, -21, -1779, -1406, -647, 958, -0.6082601523526564, -0.8189744519958095, 1.77456463762925, -0.6865234375, -0.31591796875, 0.4677734375, 15.3125, -1.3125, -111.1875
-10360, -1868, -7422, 10126, 324, -13, -1890, -1343, -632, 987, -0.6355947326944859, -0.7949376217623847, 1.8224211083590771, -0.65576171875, -0.30859375, 0.48193359375, 20.25, -0.8125, -118.125
-10130, -1765, -7410, 10383, 474, 4, -1975, -1308, -667, 913, -0.6593749860372004, -0.7695393640034249, 1.870864103424356, -0.638671875, -0.32568359375, 0.44580078125, 29.625, 0.25, -123.4375
-9883, -1694, -7366, 10661, 775, 22, -1997, -1259, -780, 733, -0.6756500104983819, -0.743602952178775, 1.9188150762435592, -0.61474609375, -0.380859375, 0.35791015625, 48.4375, 1.375, -124.8125
-9617, -1688, -7260, 10973, 1326, 83, -1971, -1137, -898, 713, -0.6786191047370295, -0.7184226996672911, 1.9658895635043276, -0.55517578125, -0.4384765625, 0.34814453125, 82.875, 5.1875, -123.1875
-9328, -1714, -7127, 11301, 1561, 173, -2037, -1237, -757, 1020, -0.6759926922164565, -0.6940254009086402, 2.0144107932397173, -0.60400390625, -0.36962890625, 0.498046875, 97.5625, 10.8125, -127.3125
-9039, -1713, -6989, 11617, 1428, 60, -2101, -1412, -437, 1166, -0.6729455462155252, -0.6673997371439581, 2.0604607025840687, -0.689453125, -0.21337890625, 0.5693359375, 89.25, 3.75, -131.3125
-8774, -1675, -6867, 11896, 1167, -75, -1958, -1217, -686, 1120, -0.671754038840338, -0.6402103419515557, 2.1010907920955852, -0.59423828125, -0.3349609375, 0.546875, 72.9375, -4.6875, -122.375
-8499, -1642, -6737, 12170, 1239, -51, -1944, -1073, -934, 1023, -0.668526064747574, -0.6132026619614127, 2.141345875381049, -0.52392578125, -0.4560546875, 0.49951171875, 77.4375, -3.1875, -121.5
-8207, -1614, -6597, 12448, 1301, -4, -2010, -1042, -935, 1254, -0.663564027140098, -0.5860522490325126, 2.1829594475038867, -0.5087890625, -0.45654296875, 0.6123046875, 81.3125, -0.25, -125.625
-7914, -1569, -6452, 12717, 1219, -87, -2054, -1149, -695, 1401, -0.6578115896708411, -0.5575352128706916, 2.223030193155023, -0.56103515625, -0.33935546875, 0.68408203125, 76.1875, -5.4375, -128.375
-7644, -1508, -6293, 12966, 1198, -243, -1922, -1091, -760, 1342, -0.6491019161436444, -0.5283159445777836, 2.2576875208644287, -0.53271484375, -0.37109375, 0.6552734375, 74.875, -15.1875, -120.125
-7380, -1451, -6112, 13210, 1307, -287, -1845, -853, -847, 1225, -0.6364690186265164, -0.4993791839866524, 2.290260522396803, -0.41650390625, -0.41357421875, 0.59814453125, 81.6875, -17.9375, -115.3125
-7102, -1412, -5910, 13457, 1460, -216, -1849, -701, -902, 1335, -0.6202888623916936, -0.4715778433922505, 2.324107418150595, -0.34228515625, -0.4404296875, 0.65185546875, 91.25, -13.5, -115.5625
-6815, -1374, -5703, 13696, 1441, -201, -1892, -778, -676, 1524, -0.6031583640676836, -0.44425038214175727, 2.3584383790773207, -0.3798828125, -0.330078125, 0.744140625, 90.0625, -12.5625, -118.25
-6546, -1330, -5475, 13923, 1494, -321, -1791, -885, -620, 1586, -0.5826244314844561, -0.4169687274384533, 2.389327857562239, -0.43212890625, -0.302734375, 0.7744140625, 93.375, -20.0625, -111.9375
-6313, -1290, -5215, 14132, 1512, -428, -1595, -742, -668, 1545, -0.5565917405526549, -0.391003514056828, 2.4143771865245736, -0.3623046875, -0.326171875, 0.75439453125, 94.5, -26.75, -99.6875
-6082, -1239, -4965, 14327, 1448, -407, -1527, -620, -744, 1645, -0.532068433069745, -0.3653139520770445, 2.4392670342491205, -0.302734375, -0.36328125, 0.80322265625, 90.5, -25.4375, -95.4375
-5851, -1195, -4684, 14520, 1567, -445, -1528, -600, -632, 1718, -0.5032055050463579, -0.33998106588685073, 2.463660423072562, -0.29296875, -0.30859375, 0.8388671875, 97.9375, -27.8125, -95.5
-5637, -1148, -4393, 14698, 1692, -542, -1383, -613, -593, 1685, -0.47273499616236847, -0.3154214736920167, 2.485704078045499, -0.29931640625, -0.28955078125, 0.82275390625, 105.75, -33.875, -86.4375
-5447, -1105, -4086, 14861, 1747, -584, -1223, -541, -554, 1712, -0.439653093409911, -0.29231774122005777, 2.504704545552413, -0.26416015625, -0.2705078125, 0.8359375, 109.1875, -36.5, -76.4375
-5271, -1067, -3782, 15007, 1715, -558, -1109, -501, -560, 1837, -0.40651549549102506, -0.2711389329611579, 2.5222544410641206, -0.24462890625, -0.2734375, 0.89697265625, 107.1875, -34.875, -69.3125
-5110, -1026, -3485, 15137, 1644, -589, -1013, -579, -533, 1991, -0.3740907937150093, -0.2510221987255968, 2.538207061665084, -0.28271484375, -0.26025390625, 0.97216796875, 102.75, -36.8125, -63.3125
-4983, -979, -3172, 15250, 1690, -691, -812, -601, -524, 2025, -0.33938717152755615, -0.2310500014757539, 2.549676239978634, -0.29345703125, -0.255859375, 0.98876953125, 105.625, -43.1875, -50.75
-4895, -930, -2832, 15349, 1814, -777, -568, -502, -539, 2055, -0.30106354723536943, -0.21120528166785899, 2.5563158629107554, -0.2451171875, -0.26318359375, 1.00341796875, 113.375, -48.5625, -35.5
-4830, -883, -2465, 15435, 1941, -827, -420, -425, -525, 2162, -0.2592768458235182, -0.1914177949352477, 2.5600569217781497, -0.20751953125, -0.25634765625, 1.0556640625, 121.3125, -51.6875, -26.25
-4790, -832, -2062, 15509, 2095, -920, -260, -377, -341, 2184, -0.21325769859305993, -0.1705533666426767, 2.560738771263627, -0.18408203125, -0.16650390625, 1.06640625, 130.9375, -57.5, -16.25
-4783, -771, -1650, 15564, 2107, -1000, -51, -289, -243, 2226, -0.16645739366395598, -0.14875339975893082, 2.5577155504836235, -0.14111328125, -0.11865234375, 1.0869140625, 131.6875, -62.5, -3.1875
-4791, -701, -1254, 15602, 1999, -1013, 44, -114, -187, 2337, -0.12202372527993763, -0.1265872711141824, 2.5534734008326425, -0.0556640625, -0.09130859375, 1.14111328125, 124.9375, -63.3125, 2.75
-4803, -624, -873, 15627, 1895, -1015, 85, -16, -76, 2320, -0.07982999437426427, -0.104080697477073, 2.5493509918573296, -0.0078125, -0.037109375, 1.1328125, 118.4375, -63.4375, 5.3125
-4826, -538, -523, 15639, 1710, -1006, 151, 87, 4, 2298, -0.04174610547855328, -0.08158328209712128, 2.5446556206556052, 0.04248046875, 0.001953125, 1.1220703125, 106.875, -62.875, 9.4375
-4849, -418, -215, 15642, 1418, -949, 157, 233, 27, 2364, -0.009971162948177362, -0.0565121142834289, 2.540603195193263, 0.11376953125, 0.01318359375, 1.154296875, 88.625, -59.3125, 9.8125
-4862, -294, 43, 15643, 1097, -832, 89, 390, 166, 2426, 0.015670719866799063, -0.032713704655040976, 2.5386375331140076, 0.1904296875, 0.0810546875, 1.1845703125, 68.5625, -52.0, 5.5625
-4871, -174, 200, 15641, 624, -630, 64, 467, 104, 2476, 0.029628520719381417, -0.013019020569886056, 2.53759412593272, 0.22802734375, 0.05078125, 1.208984375, 39.0, -39.375, 4.0
-4872, -64, 263, 15640, 218, -382, 9, 560, -36, 2571, 0.032975821858516004, 0.0020889655047393457, 2.537629339876319, 0.2734375, -0.017578125, 1.25537109375, 13.625, -23.875, 0.5625
-4865, 17, 254, 15643, -29, -97, -47, 615, -205, 2646, 0.028993231689130313, 0.011188330720216053, 2.538718397040412, 0.30029296875, -0.10009765625, 1.2919921875, -1.8125, -6.0625, -2.9375
-4858, 68, 217, 15645, -123, 134, -51, 668, -230, 2593, 0.022838035181291634, 0.01578132748021783, 2.5395857947491285, 0.326171875, -0.1123046875, 1.26611328125, -7.6875, 8.375, -3.1875
-4864, 88, 163, 15644, -132, 344, 27, 690, -306, 2517, 0.015812409796471114, 0.016164768373104165, 2.538817962378471, 0.3369140625, -0.1494140625, 1.22900390625, -8.25, 21.5, 1.6875
