-11914, -3951, 10503, -773, -459, 157, 520, 1844, 548, 51, 1.3610002454830872, 1.2698842988341326, 0.9455514914170496, 0.900390625, 0.267578125, 0.02490234375, -28.6875, 9.8125, 32.5
-11924, -3840, 10529, -805, -382, 78, 553, 1841, 530, -22, 1.3439528787493347, 1.281466183771651, 0.9359556835987374, 0.89892578125, 0.2587890625, -0.0107421875, -23.875, 4.875, 34.5625
-11917, -3734, 10573, -832, -373, -18, 584, 1888, 574, -111, 1.337415707126911, 1.2938986953795646, 0.9368071852608308, 0.921875, 0.2802734375, -0.05419921875, -23.3125, -1.125, 36.5
-11904, -3606, 10631, -841, -534, -73, 590, 1969, 547, -181, 1.3341417009551477, 1.3072666837357714, 0.9444770511040886, 0.96142578125, 0.26708984375, -0.08837890625, -33.375, -4.5625, 36.875
-11895, -3451, 10694, -828, -725, -93, 563, 2005, 457, -191, 1.3288035300596948, 1.3213188794773638, 0.9543544877883762, 0.97900390625, 0.22314453125, -0.09326171875, -45.3125, -5.8125, 35.1875
-11891, -3288, 10751, -808, -774, -97, 499, 2013, 306, -127, 1.319018051814341, 1.3347802855623447, 0.9610641273591857, 0.98291015625, 0.1494140625, -0.06201171875, -48.375, -6.0625, 31.1875
-11882, -3148, 10804, -797, -632, -113, 410, 2004, 216, -87, 1.3133392553003722, 1.3473858830627874, 0.9689479730681662, 0.978515625, 0.10546875, -0.04248046875, -39.5, -7.0625, 25.625
-11866, -3046, 10850, -801, -404, -138, 314, 2015, 179, -37, 1.3137232912729875, 1.357845194044092, 0.9781815765913675, 0.98388671875, 0.08740234375, -0.01806640625, -25.25, -8.625, 19.625
-11847, -2979, 10888, -815, -212, -135, 237, 2013, 199, 7, 1.3190560730293306, 1.3661875872070626, 0.9883373031949192, 0.98291015625, 0.09716796875, 0.00341796875, -13.25, -8.4375, 14.8125
-11833, -2938, 10913, -831, -101, -107, 173, 2006, 256, 59, 1.3233230522918893, 1.3720262989876753, 0.9949071124697639, 0.9794921875, 0.125, 0.02880859375, -6.3125, -6.6875, 10.8125
-11826, -2910, 10928, -840, -78, -72, 117, 2020, 309, 103, 1.3250752408609776, 1.3759863190329513, 0.9983652929271869, 0.986328125, 0.15087890625, 0.05029296875, -4.875, -4.5, 7.3125
-11828, -2889, 10931, -844, -63, -24, 72, 2036, 341, 151, 1.320229715927295, 1.3779690411401815, 0.995049800950197, 0.994140625, 0.16650390625, 0.07373046875, -3.9375, -1.5, 4.5
-11835, -2881, 10925, -852, -5, 19, 38, 2064, 359, 175, 1.312015219363535, 1.3788185706044662, 0.9868437335801158, 1.0078125, 0.17529296875, 0.08544921875, -0.3125, 1.1875, 2.375
-11843, -2891, 10912, -868, 104, 48, 10, 2072, 385, 189, 1.3032818215775896, 1.3783589992490402, 0.97583872425622, 1.01171875, 0.18798828125, 0.09228515625, 6.5, 3.0, 0.625
-11852, -2919, 10893, -890, 203, 79, -19, 2076, 421, 199, 1.2952803310340777, 1.376866509585833, 0.9634165008772748, 1.013671875, 0.20556640625, 0.09716796875, 12.6875, 4.9375, -1.1875
-11863, -2958, 10869, -916, 258, 110, -52, 2028, 420, 188, 1.2869349636199239, 1.374817693696686, 0.9492830757972084, 0.990234375, 0.205078125, 0.091796875, 16.125, 6.875, -3.25
-11875, -3003, 10841, -941, 276, 127, -78, 1973, 424, 190, 1.2780908448525643, 1.3715623975005595, 0.9342424775500678, 0.96337890625, 0.20703125, 0.0927734375, 17.25, 7.9375, -4.875
-11888, -3048, 10812, -962, 261, 135, -79, 1961, 445, 186, 1.2694950466870527, 1.36792605588707, 0.9197865072368102, 0.95751953125, 0.21728515625, 0.0908203125, 16.3125, 8.4375, -4.9375
-11901, -3082, 10787, -978, 199, 129, -50, 1957, 470, 175, 1.2611526692766406, 1.365172939670584, 0.9069639523935913, 0.95556640625, 0.2294921875, 0.08544921875, 12.4375, 8.0625, -3.125
-11916, -3101, 10764, -984, 91, 112, -10, 1932, 506, 194, 1.2507111308125172, 1.3624511553114134, 0.8942917279280093, 0.943359375, 0.2470703125, 0.0947265625, 5.6875, 7.0, -0.625
-11933, -3101, 10745, -984, -8, 101, 31, 1932, 494, 206, 1.237644712309082, 1.3608814687426818, 0.8812043906645651, 0.943359375, 0.2412109375, 0.1005859375, -0.5, 6.3125, 1.9375
-11951, -3088, 10729, -985, -58, 91, 75, 1934, 477, 229, 1.222240329975135, 1.3606131150164174, 0.8668309481091486, 0.9443359375, 0.23291015625, 0.11181640625, -3.625, 5.6875, 4.6875
-11969, -3070, 10713, -994, -47, 95, 102, 1930, 434, 243, 1.2040400194455259, 1.3610248244411725, 0.8494474594694724, 0.9423828125, 0.2119140625, 0.11865234375, -2.9375, 5.9375, 6.375
-11985, -3059, 10697, -1010, 9, 94, 106, 1929, 414, 244, 1.1872538561117247, 1.3616575579022814, 0.8322158320138038, 0.94189453125, 0.2021484375, 0.119140625, 0.5625, 5.875, 6.625
-11996, -3053, 10685, -1031, 51, 81, 102, 1945, 402, 217, 1.1740808343275124, 1.3628006657505771, 0.817698858177351, 0.94970703125, 0.1962890625, 0.10595703125, 3.1875, 5.0625, 6.375
-12005, -3047, 10674, -1049, 37, 78, 103, 1973, 412, 198, 1.1618790192226414, 1.3632619169894291, 0.8045038779191493, 0.96337890625, 0.201171875, 0.0966796875, 2.3125, 4.875, 6.4375
-12016, -3033, 10664, -1063, -11, 85, 96, 1987, 393, 200, 1.1479811584001178, 1.3641689421433316, 0.7906382977998326, 0.97021484375, 0.19189453125, 0.09765625, -0.6875, 5.3125, 6.0
-12029, -3016, 10654, -1071, -51, 86, 77, 1984, 369, 211, 1.1338981535662604, 1.365056894999199, 0.777319318184375, 0.96875, 0.18017578125, 0.10302734375, -3.1875, 5.375, 4.8125
-12041, -2998, 10645, -1070, -83, 72, 52, 1969, 374, 205, 1.1215183833529934, 1.3649549121512945, 0.7666577456179944, 0.96142578125, 0.1826171875, 0.10009765625, -5.1875, 4.5, 3.25
-12054, -2978, 10636, -1063, -114, 61, 29, 1970, 371, 221, 1.109448936144639, 1.3645053158428369, 0.7570042735816119, 0.9619140625, 0.18115234375, 0.10791015625, -7.125, 3.8125, 1.8125
-12068, -2958, 10628, -1051, -134, 53, 20, 1966, 377, 229, 1.099027055042512, 1.3643454755164817, 0.7493181616054486, 0.9599609375, 0.18408203125, 0.11181640625, -8.375, 3.3125, 1.25
-12080, -2939, 10621, -1040, -124, 39, 9, 1951, 366, 244, 1.0894577284370777, 1.3640069268192325, 0.7423651160316125, 0.95263671875, 0.1787109375, 0.119140625, -7.75, 2.4375, 0.5625
-12089, -2925, 10616, -1027, -105, 20, 5, 1932, 387, 240, 1.0834355221163272, 1.3633749818440701, 0.7387019854451328, 0.943359375, 0.18896484375, 0.1171875, -6.5625, 1.25, 0.3125
-12096, -2912, 10612, -1012, -113, -1, 4, 1923, 401, 250, 1.0787682048252758, 1.3622527018792554, 0.7365571577255329, 0.93896484375, 0.19580078125, 0.1220703125, -7.0625, -0.0625, 0.25
-12103, -2894, 10611, -992, -151, -20, 12, 1905, 419, 258, 1.0750569193624784, 1.3617525337452543, 0.7361708920542976, 0.93017578125, 0.20458984375, 0.1259765625, -9.4375, -1.25, 0.75
-12110, -2867, 10613, -968, -204, -25, 20, 1923, 400, 248, 1.070564265387417, 1.3618568551567702, 0.7361382326832785, 0.93896484375, 0.1953125, 0.12109375, -12.75, -1.5625, 1.25
-12118, -2833, 10615, -945, -230, -21, 25, 1938, 356, 255, 1.0632544110661515, 1.362254825123271, 0.733856529236675, 0.9462890625, 0.173828125, 0.12451171875, -14.375, -1.3125, 1.5625
-12128, -2799, 10615, -924, -216, -18, 17, 1948, 324, 277, 1.0544043217717187, 1.3628040212579164, 0.7298145667709699, 0.951171875, 0.158203125, 0.13525390625, -13.5, -1.125, 1.0625
-12135, -2768, 10616, -908, -182, -17, 3, 1976, 285, 269, 1.0462991011155955, 1.3632919676521889, 0.7258863087407071, 0.96484375, 0.13916015625, 0.13134765625, -11.375, -1.0625, 0.1875
-12142, -2743, 10616, -892, -163, -11, -12, 1979, 297, 265, 1.0399133947239836, 1.3635714888128898, 0.7230979069677548, 0.96630859375, 0.14501953125, 0.12939453125, -10.1875, -0.6875, -0.75
-12149, -2719, 10615, -873, -167, -5, -25, 1990, 299, 260, 1.0338864243875903, 1.3631769232321704, 0.720895376738936, 0.9716796875, 0.14599609375, 0.126953125, -10.4375, -0.3125, -1.5625
-12158, -2694, 10613, -851, -184, 1, -38, 1999, 305, 264, 1.0275569318895499, 1.3628203305050288, 0.7186786163564022, 0.97607421875, 0.14892578125, 0.12890625, -11.5, 0.0625, -2.375
-12168, -2668, 10611, -825, -204, 9, -50, 1987, 299, 251, 1.021735873574807, 1.362470607430999, 0.7173607558130873, 0.97021484375, 0.14599609375, 0.12255859375, -12.75, 0.5625, -3.125
-12177, -2643, 10608, -798, -200, 15, -63, 1981, 293, 244, 1.015889949453465, 1.3612844910108595, 0.7161290404260642, 0.96728515625, 0.14306640625, 0.119140625, -12.5, 0.9375, -3.9375
-12187, -2625, 10604, -772, -171, 15, -77, 1966, 300, 260, 1.0120634972005205, 1.3603807313081357, 0.7160773483913335, 0.9599609375, 0.146484375, 0.126953125, -10.6875, 0.9375, -4.8125
-12194, -2613, 10600, -748, -138, 13, -91, 1961, 308, 243, 1.0100626808622026, 1.3587275468475286, 0.7172520105026466, 0.95751953125, 0.150390625, 0.11865234375, -8.625, 0.8125, -5.6875
-12199, -2606, 10597, -725, -115, 11, -102, 1962, 315, 225, 1.0103281290322783, 1.3570080370540274, 0.7201592885332866, 0.9580078125, 0.15380859375, 0.10986328125, -7.1875, 0.6875, -6.375
-12204, -2602, 10594, -700, -106, 10, -114, 1957, 318, 231, 1.0121199612521887, 1.3552042906045119, 0.7244607332119092, 0.95556640625, 0.1552734375, 0.11279296875, -6.625, 0.625, -7.125
-12208, -2600, 10592, -678, -89, 10, -126, 1965, 299, 216, 1.0146126215193916, 1.3537934300272196, 0.7289942340004342, 0.95947265625, 0.14599609375, 0.10546875, -5.5625, 0.625, -7.875
-12210, -2604, 10589, -657, -63, 4, -138, 1957, 307, 217, 1.018407246040184, 1.3514726448319967, 0.7343064434022167, 0.95556640625, 0.14990234375, 0.10595703125, -3.9375, 0.25, -8.625
-12211, -2611, 10589, -636, -44, -7, -149, 1965, 312, 211, 1.0249999372430878, 1.3501191949769968, 0.7420115252610187, 0.95947265625, 0.15234375, 0.10302734375, -2.75, -0.4375, -9.3125
-12210, -2619, 10589, -614, -42, -16, -152, 1959, 323, 213, 1.0319414614216311, 1.3479809423896494, 0.7501760505996455, 0.95654296875, 0.15771484375, 0.10400390625, -2.625, -1.0, -9.5
-12208, -2628, 10590, -591, -47, -25, -152, 1949, 337, 209, 1.0398581738670243, 1.3458369945712438, 0.7593091154518623, 0.95166015625, 0.16455078125, 0.10205078125, -2.9375, -1.5625, -9.5
-12205, -2636, 10593, -568, -46, -39, -147, 1948, 342, 210, 1.0484410361153407, 1.3441380289018228, 0.7691661834538871, 0.951171875, 0.1669921875, 0.1025390625, -2.875, -2.4375, -9.1875
-12201, -2646, 10596, -550, -16, -43, -140, 1940, 335, 206, 1.056695183627772, 1.3425613808252128, 0.7781008365270361, 0.947265625, 0.16357421875, 0.1005859375, -1.0, -2.6875, -8.75
-12194, -2662, 10600, -540, 38, -49, -133, 1931, 326, 213, 1.0660470028149567, 1.3411426321864146, 0.7869332130758224, 0.94287109375, 0.1591796875, 0.10400390625, 2.375, -3.0625, -8.3125
-12185, -2686, 10605, -535, 92, -62, -121, 1931, 355, 216, 1.0777464103110224, 1.3400016796811773, 0.7969233111762383, 0.94287109375, 0.17333984375, 0.10546875, 5.75, -3.875, -7.5625
-12173, -2711, 10612, -535, 113, -79, -105, 1936, 365, 212, 1.0899700194967528, 1.3390695965584927, 0.8069587821743626, 0.9453125, 0.17822265625, 0.103515625, 7.0625, -4.9375, -6.5625
-12162, -2731, 10620, -537, 104, -84, -88, 1934, 352, 218, 1.1007942359690899, 1.3389634053245927, 0.8158186858014327, 0.9443359375, 0.171875, 0.1064453125, 6.5, -5.25, -5.5
-12150, -2750, 10628, -538, 101, -88, -82, 1920, 351, 223, 1.1113887778983096, 1.3384034965769498, 0.824687026027804, 0.9375, 0.17138671875, 0.10888671875, 6.3125, -5.5, -5.125
-12137, -2768, 10639, -540, 94, -96, -74, 1936, 360, 199, 1.1232907061421036, 1.338745463996336, 0.8347926883724259, 0.9453125, 0.17578125, 0.09716796875, 5.875, -6.0, -4.625
-12124, -2784, 10650, -540, 73, -98, -66, 1926, 372, 191, 1.1348476360799487, 1.338865267942812, 0.8449295360070638, 0.9404296875, 0.181640625, 0.09326171875, 4.5625, -6.125, -4.125
-12110, -2797, 10662, -542, 75, -97, -62, 1937, 352, 180, 1.1457396870269183, 1.3391517864741709, 0.8545295888955791, 0.94580078125, 0.171875, 0.087890625, 4.6875, -6.0625, -3.875
-12095, -2814, 10673, -549, 111, -97, -58, 1952, 347, 183, 1.156621706772475, 1.3392175785094813, 0.8633618953159126, 0.953125, 0.16943359375, 0.08935546875, 6.9375, -6.0625, -3.625
-12080, -2837, 10684, -558, 146, -98, -58, 1956, 374, 179, 1.169229237195721, 1.3395731471744294, 0.8731368529055028, 0.955078125, 0.1826171875, 0.08740234375, 9.125, -6.125, -3.625
-12064, -2861, 10695, -569, 150, -92, -56, 1966, 380, 163, 1.1819030983656442, 1.3397885686647641, 0.8827434505237515, 0.9599609375, 0.185546875, 0.07958984375, 9.375, -5.75, -3.5
-12049, -2882, 10706, -578, 134, -90, -55, 1972, 380, 158, 1.1939654390471692, 1.3401142383294053, 0.8921647647165863, 0.962890625, 0.185546875, 0.0771484375, 8.375, -5.625, -3.4375
-12035, -2903, 10716, -587, 135, -86, -57, 1984, 377, 162, 1.2054645783612137, 1.3403989217370502, 0.9010125033104458, 0.96875, 0.18408203125, 0.0791015625, 8.4375, -5.375, -3.5625
-12021, -2926, 10725, -598, 149, -81, -58, 1992, 387, 164, 1.2167386309661004, 1.3405246301370168, 0.9092927524738226, 0.97265625, 0.18896484375, 0.080078125, 9.3125, -5.0625, -3.625
-12007, -2951, 10733, -610, 158, -74, -63, 1984, 374, 152, 1.2279020102774179, 1.3404028368698608, 0.9172074273873634, 0.96875, 0.1826171875, 0.07421875, 9.875, -4.625, -3.9375
-11994, -2977, 10739, -622, 162, -66, -70, 1982, 382, 145, 1.2381228190363665, 1.339882012913037, 0.9241061888561644, 0.9677734375, 0.1865234375, 0.07080078125, 10.125, -4.125, -4.375
-11982, -3003, 10745, -632, 158, -60, -78, 1992, 380, 143, 1.248604168667114, 1.339531536272856, 0.9313942659887636, 0.97265625, 0.185546875, 0.06982421875, 9.875, -3.75, -4.875
-11971, -3029, 10749, -642, 153, -50, -81, 1974, 382, 141, 1.2577937030226134, 1.3387660049074208, 0.937417335912262, 0.9638671875, 0.1865234375, 0.06884765625, 9.5625, -3.125, -5.0625
-11961, -3056, 10752, -651, 154, -44, -89, 1972, 395, 135, 1.266749926810746, 1.337900266596823, 0.9431853287780781, 0.962890625, 0.19287109375, 0.06591796875, 9.625, -2.75, -5.5625
-11953, -3082, 10754, -659, 146, -40, -85, 1975, 399, 146, 1.2748802206469256, 1.3372385036637648, 0.9482649174413337, 0.96435546875, 0.19482421875, 0.0712890625, 9.125, -2.5, -5.3125
-11945, -3106, 10755, -666, 135, -34, -75, 1968, 415, 130, 1.2818246169617888, 1.3360654448737406, 0.9524795967312195, 0.9609375, 0.20263671875, 0.0634765625, 8.4375, -2.125, -4.6875
-11937, -3127, 10756, -675, 126, -32, -59, 1970, 422, 141, 1.2876580128339783, 1.3350433637805004, 0.9557018612158823, 0.9619140625, 0.2060546875, 0.06884765625, 7.875, -2.0, -3.6875
-11931, -3147, 10757, -686, 134, -26, -42, 1966, 417, 147, 1.2930554854044336, 1.3349002482015677, 0.9583270542888175, 0.9599609375, 0.20361328125, 0.07177734375, 8.375, -1.625, -2.625
-11924, -3168, 10758, -701, 146, -24, -28, 1967, 431, 129, 1.2983564972385064, 1.3348540599612655, 0.9604375898229169, 0.96044921875, 0.21044921875, 0.06298828125, 9.125, -1.5, -1.75
-11917, -3185, 10759, -715, 130, -20, -16, 1965, 427, 127, 1.3025804065873827, 1.3346348107684545, 0.961957755639563, 0.95947265625, 0.20849609375, 0.06201171875, 8.125, -1.25, -1.0
-11913, -3196, 10761, -728, 96, -12, -3, 1961, 425, 123, 1.3058702851616801, 1.335598520080396, 0.963078114942383, 0.95751953125, 0.20751953125, 0.06005859375, 6.0, -0.75, -0.1875
-11909, -3202, 10762, -740, 73, -6, 5, 1955, 404, 116, 1.3071240150745083, 1.335971506685802, 0.9627865495284312, 0.95458984375, 0.197265625, 0.056640625, 4.5625, -0.375, 0.3125
-11906, -3207, 10762, -751, 67, -5, 14, 1941, 423, 131, 1.3075440875882587, 1.3361858601365546, 0.9618453109344915, 0.94775390625, 0.20654296875, 0.06396484375, 4.1875, -0.3125, 0.875
-11904, -3210, 10763, -761, 49, -3, 22, 1950, 436, 121, 1.3081485809871238, 1.3369798829420414, 0.9613026389921908, 0.9521484375, 0.212890625, 0.05908203125, 3.0625, -0.1875, 1.375
-11902, -3209, 10765, -768, 23, 1, 35, 1956, 444, 104, 1.30849271376647, 1.3377522672673992, 0.9611338474678804, 0.955078125, 0.216796875, 0.05078125, 1.4375, 0.0625, 2.1875
-11901, -3204, 10767, -777, 8, 9, 49, 1968, 434, 99, 1.3074817564085162, 1.3389824734135671, 0.9597930253840121, 0.9609375, 0.2119140625, 0.04833984375, 0.5, 0.5625, 3.0625
-11901, -3196, 10769, -789, 14, 18, 57, 1959, 405, 106, 1.3053038371946353, 1.3408035701221532, 0.9572773060915837, 0.95654296875, 0.19775390625, 0.0517578125, 0.875, 1.125, 3.5625
-11901, -3193, 10768, -801, 32, 19, 58, 1946, 429, 113, 1.3026008525654753, 1.3415908357423434, 0.9538416244090742, 0.9501953125, 0.20947265625, 0.05517578125, 2.0, 1.1875, 3.625
-11900, -3192, 10769, -814, 38, 18, 63, 1953, 448, 95, 1.3017199553449128, 1.3429665034375333, 0.9519039371879706, 0.95361328125, 0.21875, 0.04638671875, 2.375, 1.125, 3.9375
-11901, -3187, 10769, -826, 18, 25, 74, 1966, 451, 108, 1.2990632197364163, 1.3444538103392285, 0.9486346217099165, 0.9599609375, 0.22021484375, 0.052734375, 1.125, 1.5625, 4.625
-11902, -3179, 10770, -836, 3, 25, 80, 1964, 456, 96, 1.2963210150250917, 1.3460480506117622, 0.9457234235136625, 0.958984375, 0.22265625, 0.046875, 0.1875, 1.5625, 5.0
-11903, -3170, 10770, -846, -7, 20, 88, 1970, 454, 109, 1.2925459710908154, 1.347219349292871, 0.9419196755025441, 0.9619140625, 0.2216796875, 0.05322265625, -0.4375, 1.25, 5.5
-11904, -3161, 10771, -855, -7, 13, 95, 1950, 469, 128, 1.2895207774320685, 1.3486861447535237, 0.9389151075835431, 0.9521484375, 0.22900390625, 0.0625, -0.4375, 0.8125, 5.9375
-11904, -3151, 10773, -860, -21, -1, 103, 1957, 499, 120, 1.2872191006328573, 1.3497375117260322, 0.9371011764776179, 0.95556640625, 0.24365234375, 0.05859375, -1.3125, -0.0625, 6.4375
-11904, -3137, 10777, -867, -41, 0, 117, 1964, 486, 111, 1.2848048964053478, 1.3517011391249611, 0.9353189898831841, 0.958984375, 0.2373046875, 0.05419921875, -2.5625, 0.0, 7.3125
-11905, -3121, 10780, -873, -43, 2, 121, 1950, 478, 122, 1.2811487012431138, 1.353468279264855, 0.9325812869989855, 0.9521484375, 0.2333984375, 0.0595703125, -2.6875, 0.125, 7.5625
-11904, -3109, 10784, -881, -27, -6, 122, 1956, 488, 120, 1.2791880815871624, 1.3552457048621878, 0.9310030617862606, 0.955078125, 0.23828125, 0.05859375, -1.6875, -0.375, 7.625
-11902, -3098, 10788, -889, -17, -6, 123, 1976, 494, 112, 1.277503764356245, 1.3566832705334564, 0.9296473833603265, 0.96484375, 0.2412109375, 0.0546875, -1.0625, -0.375, 7.6875
-11900, -3088, 10793, -898, -10, -7, 118, 1984, 482, 112, 1.276743762346264, 1.3586850739439413, 0.9289780787868913, 0.96875, 0.2353515625, 0.0546875, -0.625, -0.4375, 7.375
-11896, -3084, 10798, -911, 28, -14, 107, 2033, 477, 109, 1.2774687651437688, 1.3605621623912463, 0.9289162610009414, 0.99267578125, 0.23291015625, 0.05322265625, 1.75, -0.875, 6.6875
-11886, -3088, 10804, -945, 152, -17, 90, 2121, 347, 111, 1.2790863681020839, 1.3631473587956724, 0.9272829129154964, 1.03564453125, 0.16943359375, 0.05419921875, 9.5, -1.0625, 5.625
-11870, -3126, 10807, -997, 364, -57, 89, 2057, 435, 171, 1.28788739739721, 1.3653711419194254, 0.9281340500694739, 1.00439453125, 0.21240234375, 0.08349609375, 22.75, -3.5625, 5.5625
-11847, -3178, 10813, -1028, 349, -135, 104, 1980, 686, 183, 1.3059293776717933, 1.3643830248445101, 0.9388987635670579, 0.966796875, 0.3349609375, 0.08935546875, 21.8125, -8.4375, 6.5
-11830, -3180, 10833, -1009, -60, -195, 203, 1986, 889, 155, 1.3230261879473642, 1.364180091426144, 0.9574805662808558, 0.9697265625, 0.43408203125, 0.07568359375, -3.75, -12.1875, 12.6875
-11827, -3090, 10870, -936, -656, -228, 377, 1969, 947, 135, 1.3286766388842142, 1.367427370314221, 0.9775066190309004, 0.96142578125, 0.46240234375, 0.06591796875, -41.0, -14.25, 23.5625
-11835, -2912, 10918, -824, -1162, -253, 512, 1932, 842, 151, 1.3196006815527623, 1.373503656456996, 0.9941257069816608, 0.943359375, 0.4111328125, 0.07373046875, -72.625, -15.8125, 32.0
-11840, -2684, 10980, -701, -1410, -307, 585, 1949, 674, 127, 1.308964701052916, 1.384071257031793, 1.0144291444988311, 0.95166015625, 0.3291015625, 0.06201171875, -88.125, -19.1875, 36.5625
-11836, -2446, 11047, -593, -1385, -333, 592, 2001, 468, 107, 1.3008284676282438, 1.3973009600102508, 1.0367035885850746, 0.97705078125, 0.228515625, 0.05224609375, -86.5625, -20.8125, 37.0
-11824, -2228, 11108, -518, -1168, -297, 555, 2061, 291, 63, 1.293249232473535, 1.4104083132866703, 1.05491175345139, 1.00634765625, 0.14208984375, 0.03076171875, -73.0, -18.5625, 34.6875
-11814, -2060, 11153, -482, -813, -213, 424, 2053, 105, 81, 1.2843601647279523, 1.42299883930287, 1.063895382722384, 1.00244140625, 0.05126953125, 0.03955078125, -50.8125, -13.3125, 26.5
-11807, -1967, 11178, -477, -391, -122, 241, 2014, 69, 83, 1.2776372572011565, 1.431458014502951, 1.0657418999917516, 0.9833984375, 0.03369140625, 0.04052734375, -24.4375, -7.625, 15.0625
-11802, -1935, 11188, -481, -107, -54, 67, 1980, 119, 87, 1.2758991336577281, 1.434418582678296, 1.0664923729078155, 0.966796875, 0.05810546875, 0.04248046875, -6.6875, -3.375, 4.1875
-11803, -1933, 11188, -471, -49, 7, -70, 1972, 188, 54, 1.276925585466652, 1.4339205720292914, 1.0685464064684131, 0.962890625, 0.091796875, 0.0263671875, -3.0625, 0.4375, -4.375
-11810, -1938, 11181, -439, -103, 49, -155, 1991, 267, 58, 1.2766206558766948, 1.430468383930397, 1.0705677489950098, 0.97216796875, 0.13037109375, 0.0283203125, -6.4375, 3.0625, -9.6875
-11825, -1944, 11166, -383, -203, 75, -234, 1988, 328, 85, 1.2722125978983398, 1.4244243405492358, 1.0704714759172596, 0.970703125, 0.16015625, 0.04150390625, -12.6875, 4.6875, -14.625
-11844, -1946, 11148, -306, -297, 87, -291, 1980, 370, 102, 1.2671552869182816, 1.4169455569759128, 1.071877754925007, 0.966796875, 0.1806640625, 0.0498046875, -18.5625, 5.4375, -18.1875
-11867, -1944, 11126, -216, -361, 94, -323, 1995, 408, 150, 1.2594472926207236, 1.4084168131675334, 1.0721071852306834, 0.97412109375, 0.19921875, 0.0732421875, -22.5625, 5.875, -20.1875
-11890, -1943, 11103, -120, -384, 99, -342, 2007, 439, 146, 1.2528028812562508, 1.399256670641188, 1.0738316919125777, 0.97998046875, 0.21435546875, 0.0712890625, -24.0, 6.1875, -21.375
-11913, -1941, 11079, -29, -369, 104, -329, 2023, 438, 152, 1.2448916820390645, 1.3904284280860923, 1.0739499567044144, 0.98779296875, 0.2138671875, 0.07421875, -23.0625, 6.5, -20.5625
-11935, -1939, 11056, 52, -328, 107, -300, 2035, 436, 146, 1.2370557459012446, 1.3827852402587326, 1.0732633408096275, 0.99365234375, 0.212890625, 0.0712890625, -20.5, 6.6875, -18.75
-11952, -1941, 11037, 116, -247, 98, -258, 2042, 422, 141, 1.231678554170232, 1.376376977665911, 1.073225429100724, 0.9970703125, 0.2060546875, 0.06884765625, -15.4375, 6.125, -16.125
-11963, -1948, 11023, 163, -163, 77, -207, 2047, 429, 118, 1.229470487670612, 1.3711084234283972, 1.0744628785145365, 0.99951171875, 0.20947265625, 0.0576171875, -10.1875, 4.8125, -12.9375
-11971, -1953, 11013, 197, -115, 66, -170, 2071, 396, 115, 1.2280246232690064, 1.3674329776007215, 1.0755091499090013, 1.01123046875, 0.193359375, 0.05615234375, -7.1875, 4.125, -10.625
-11979, -1956, 11003, 225, -97, 59, -152, 2054, 365, 125, 1.2252609977991702, 1.3642464546400093, 1.0749013038288509, 1.0029296875, 0.17822265625, 0.06103515625, -6.0625, 3.6875, -9.5
-11986, -1957, 10995, 251, -99, 55, -160, 2031, 324, 127, 1.2232171985249596, 1.3617195781264073, 1.0750059364523152, 0.99169921875, 0.158203125, 0.06201171875, -6.1875, 3.4375, -10.0
-11994, -1958, 10985, 282, -118, 55, -190, 2017, 303, 136, 1.2204463671354902, 1.3584095574437014, 1.0748275711936721, 0.98486328125, 0.14794921875, 0.06640625, -7.375, 3.4375, -11.875
-12002, -1957, 10975, 320, -151, 55, -230, 2001, 279, 132, 1.218134784536831, 1.3546871500053548, 1.075889474057156, 0.97705078125, 0.13623046875, 0.064453125, -9.4375, 3.4375, -14.375
-12011, -1955, 10964, 368, -189, 56, -272, 1970, 271, 140, 1.2162440608368033, 1.3503333618965705, 1.0783174226821477, 0.9619140625, 0.13232421875, 0.068359375, -11.8125, 3.5, -17.0
-12020, -1955, 10952, 422, -206, 56, -303, 1964, 283, 137, 1.2150193863500136, 1.3452419667853228, 1.0817580185928413, 0.958984375, 0.13818359375, 0.06689453125, -12.875, 3.5, -18.9375
-12030, -1955, 10939, 478, -213, 59, -318, 1978, 285, 152, 1.2134392544064811, 1.3400911032054204, 1.0850099477041695, 0.9658203125, 0.13916015625, 0.07421875, -13.3125, 3.6875, -19.875
-12041, -1957, 10925, 534, -208, 58, -317, 1971, 308, 170, 1.2117890736086707, 1.334972879547744, 1.0880081939348503, 0.96240234375, 0.150390625, 0.0830078125, -13.0, 3.625, -19.8125
-12051, -1956, 10911, 589, -207, 51, -309, 1991, 315, 183, 1.2093251893548944, 1.3297204816448256, 1.0903887299567772, 0.97216796875, 0.15380859375, 0.08935546875, -12.9375, 3.1875, -19.3125
-12061, -1955, 10897, 642, -201, 39, -288, 1973, 338, 218, 1.2067195281467307, 1.324692322323761, 1.092453314410232, 0.96337890625, 0.1650390625, 0.1064453125, -12.5625, 2.4375, -18.0
-12068, -1950, 10886, 693, -210, 16, -250, 1965, 372, 214, 1.2048089397021386, 1.3200647999182944, 1.0954022687870002, 0.95947265625, 0.181640625, 0.1044921875, -13.125, 1.0, -15.625
-12075, -1936, 10878, 742, -238, 1, -198, 1960, 394, 222, 1.202429070027048, 1.3169143080885346, 1.098484254002969, 0.95703125, 0.1923828125, 0.1083984375, -14.875, 0.0625, -12.375
-12081, -1912, 10873, 789, -274, -14, -140, 1954, 410, 219, 1.199335863392998, 1.3149286725779452, 1.1015568585201287, 0.9541015625, 0.2001953125, 0.10693359375, -17.125, -0.875, -8.75
-12085, -1877, 10871, 830, -289, -32, -79, 1949, 403, 225, 1.1948287097775703, 1.314046399801962, 1.1036725647682193, 0.95166015625, 0.19677734375, 0.10986328125, -18.0625, -2.0, -4.9375
-12087, -1835, 10874, 862, -286, -50, -17, 1939, 389, 212, 1.1906885267198488, 1.3150500779730707, 1.1059795127832985, 0.94677734375, 0.18994140625, 0.103515625, -17.875, -3.125, -1.0625
-12087, -1786, 10880, 887, -286, -66, 37, 1945, 383, 204, 1.1859274976136385, 1.3171232286859398, 1.1076759179855478, 0.94970703125, 0.18701171875, 0.099609375, -17.875, -4.125, 2.3125
-12083, -1731, 10891, 910, -308, -87, 79, 1931, 385, 184, 1.1825706484756326, 1.3200601454624787, 1.1111281681687708, 0.94287109375, 0.18798828125, 0.08984375, -19.25, -5.4375, 4.9375
-12079, -1666, 10904, 931, -336, -95, 118, 1935, 372, 169, 1.1779692039194636, 1.3242267774506526, 1.1140281370608958, 0.94482421875, 0.181640625, 0.08251953125, -21.0, -5.9375, 7.375
-12075, -1597, 10917, 943, -321, -77, 147, 1984, 322, 150, 1.171346040749336, 1.3291104249071415, 1.1144754351962172, 0.96875, 0.1572265625, 0.0732421875, -20.0625, -4.8125, 9.1875
-12072, -1537, 10930, 935, -209, -51, 158, 1998, 245, 132, 1.1641837261880639, 1.3351955016070884, 1.1118526701890223, 0.9755859375, 0.11962890625, 0.064453125, -13.0625, -3.1875, 9.875
-12069, -1504, 10940, 909, -27, -40, 143, 1994, 262, 166, 1.1589832578964723, 1.3402881179481367, 1.107276888869729, 0.9736328125, 0.1279296875, 0.0810546875, -1.6875, -2.5, 8.9375
-12061, -1492, 10953, 875, 82, -50, 140, 1966, 323, 144, 1.159674226733268, 1.3445966812112016, 1.1060704922550577, 0.9599609375, 0.15771484375, 0.0703125, 5.125, -3.125, 8.75
-12055, -1478, 10965, 846, 59, -46, 151, 1995, 367, 155, 1.15998137936357, 1.3490939996562137, 1.1050789084165877, 0.97412109375, 0.17919921875, 0.07568359375, 3.6875, -2.875, 9.4375
-12053, -1454, 10972, 824, -16, -32, 163, 2009, 367, 174, 1.1553502890549021, 1.3530156364336865, 1.100633858181804, 0.98095703125, 0.17919921875, 0.0849609375, -1.0, -2.0, 10.1875
-12053, -1422, 10977, 803, -47, -26, 167, 2022, 328, 194, 1.147242151864667, 1.357069922330321, 1.09349880227076, 0.9873046875, 0.16015625, 0.0947265625, -2.9375, -1.625, 10.4375
-12054, -1395, 10981, 779, -17, -19, 155, 2041, 304, 196, 1.1390279671631167, 1.3611247440610472, 1.0855574381989477, 0.99658203125, 0.1484375, 0.095703125, -1.0625, -1.1875, 9.6875
-12055, -1376, 10984, 755, 24, -14, 137, 2004, 317, 208, 1.1320211146988144, 1.3645519528765504, 1.0781259154579537, 0.978515625, 0.15478515625, 0.1015625, 1.5, -0.875, 8.5625
-12057, -1361, 10986, 730, 34, -7, 134, 1992, 323, 197, 1.1250371210834946, 1.3679053487065673, 1.0702775438441285, 0.97265625, 0.15771484375, 0.09619140625, 2.125, -0.4375, 8.375
-12060, -1346, 10985, 708, 20, 5, 131, 1994, 331, 206, 1.1161612155246705, 1.3701905415428903, 1.0608095819757928, 0.9736328125, 0.16162109375, 0.1005859375, 1.25, 0.3125, 8.1875
-12066, -1330, 10982, 685, 25, 28, 131, 1999, 316, 201, 1.1051387656312555, 1.3728867144918238, 1.0491855578167324, 0.97607421875, 0.154296875, 0.09814453125, 1.5625, 1.75, 8.1875
-12074, -1324, 10976, 656, 81, 43, 130, 1991, 324, 223, 1.0934748519627315, 1.3750935613845534, 1.0355290890653694, 0.97216796875, 0.158203125, 0.10888671875, 5.0625, 2.6875, 8.125
-12084, -1325, 10967, 619, 143, 59, 131, 2012, 316, 244, 1.0799146973812055, 1.3769944025895553, 1.0186774932243, 0.982421875, 0.154296875, 0.119140625, 8.9375, 3.6875, 8.1875
-12100, -1333, 10951, 572, 207, 102, 140, 2027, 310, 287, 1.0611172671242597, 1.3785312649775878, 0.9951117305234957, 0.98974609375, 0.1513671875, 0.14013671875, 12.9375, 6.375, 8.75
-12127, -1355, 10921, 502, 353, 180, 154, 2021, 262, 344, 1.031558533186102, 1.3790831125188363, 0.957584743880299, 0.98681640625, 0.1279296875, 0.16796875, 22.0625, 11.25, 9.625
-12159, -1406, 10883, 416, 526, 226, 156, 2010, 335, 395, 1.0027125121408709, 1.3784095329246244, 0.9168396986077052, 0.9814453125, 0.16357421875, 0.19287109375, 32.875, 14.125, 9.75
-12193, -1465, 10840, 334, 541, 227, 170, 2007, 449, 448, 0.9749814697557428, 1.3761357874292859, 0.8768565755676612, 0.97998046875, 0.21923828125, 0.21875, 33.8125, 14.1875, 10.625
-12233, -1503, 10791, 274, 366, 249, 187, 2024, 505, 497, 0.9422788158878358, 1.3727624252048747, 0.8356338428176919, 0.98828125, 0.24658203125, 0.24267578125, 22.875, 15.5625, 11.6875
-12286, -1510, 10731, 235, 154, 308, 179, 2076, 460, 553, 0.8982480892590994, 1.3687034918013543, 0.7875734834024724, 1.013671875, 0.224609375, 0.27001953125, 9.625, 19.25, 11.1875
-12353, -1509, 10655, 196, 127, 431, 119, 2126, 308, 589, 0.8445369613253121, 1.3628204387564549, 0.7305181754554625, 1.0380859375, 0.150390625, 0.28759765625, 7.9375, 26.9375, 7.4375
-12430, -1538, 10561, 152, 255, 556, 45, 2097, 349, 590, 0.7952674158807572, 1.3527411125200144, 0.6748554458178156, 1.02392578125, 0.17041015625, 0.2880859375, 15.9375, 34.75, 2.8125
-12508, -1596, 10461, 117, 337, 622, -58, 2106, 435, 557, 0.7611934876151687, 1.3400186496167517, 0.6325758718159277, 1.0283203125, 0.21240234375, 0.27197265625, 21.0625, 38.875, -3.625
-12592, -1661, 10350, 99, 288, 715, -147, 2095, 479, 522, 0.7336609223111791, 1.3243608498414985, 0.5976780718871374, 1.02294921875, 0.23388671875, 0.2548828125, 18.0, 44.6875, -9.1875
-12685, -1725, 10224, 105, 188, 818, -231, 2083, 533, 520, 0.7099026332230493, 1.3051653116625717, 0.568723652961869, 1.01708984375, 0.26025390625, 0.25390625, 11.75, 51.125, -14.4375
-12783, -1786, 10091, 133, 87, 878, -317, 2077, 566, 524, 0.6914855449385684, 1.28452994982647, 0.5471970863533572, 1.01416015625, 0.2763671875, 0.255859375, 5.4375, 54.875, -19.8125
-12881, -1842, 9955, 186, -29, 906, -402, 2026, 594, 492, 0.6785780210359306, 1.2624539599562739, 0.5337764525723553, 0.9892578125, 0.2900390625, 0.240234375, -1.8125, 56.625, -25.125
-12978, -1890, 9816, 262, -145, 920, -482, 2000, 614, 491, 0.6687879297966196, 1.2389895999106164, 0.5262021430555265, 0.9765625, 0.2998046875, 0.23974609375, -9.0625, 57.5, -30.125
-13079, -1930, 9671, 359, -263, 943, -543, 1962, 657, 532, 0.6604381679624683, 1.214626914219886, 0.5225388649069761, 0.9580078125, 0.32080078125, 0.259765625, -16.4375, 58.9375, -33.9375
-13183, -1961, 9518, 467, -338, 982, -577, 1917, 642, 567, 0.650890391483808, 1.1891275822038723, 0.5194426715498274, 0.93603515625, 0.3134765625, 0.27685546875, -21.125, 61.375, -36.0625
-13287, -1992, 9359, 570, -316, 1002, -598, 1877, 604, 631, 0.6406180659333223, 1.1631150155899332, 0.5152047853487233, 0.91650390625, 0.294921875, 0.30810546875, -19.75, 62.625, -37.375
-13387, -2032, 9201, 668, -253, 1003, -611, 1845, 603, 637, 0.6332224130167677, 1.1375388634731598, 0.5125878450942188, 0.90087890625, 0.29443359375, 0.31103515625, -15.8125, 62.6875, -38.1875
-13481, -2081, 9044, 762, -204, 990, -623, 1832, 632, 668, 0.6283690374849684, 1.111977743692558, 0.5113824711328274, 0.89453125, 0.30859375, 0.326171875, -12.75, 61.875, -38.9375
-13574, -2122, 8886, 853, -219, 1002, -614, 1823, 595, 697, 0.6219569844328532, 1.0869071751383002, 0.5090688560246132, 0.89013671875, 0.29052734375, 0.34033203125, -13.6875, 62.625, -38.375
-13666, -2150, 8726, 950, -295, 999, -614, 1806, 597, 735, 0.6139217232318839, 1.0618539340133175, 0.5068484402952297, 0.8818359375, 0.29150390625, 0.35888671875, -18.4375, 62.4375, -38.375
-13758, -2160, 8566, 1048, -370, 987, -595, 1774, 553, 785, 0.603176526210827, 1.0376118756361385, 0.5036429144197817, 0.8662109375, 0.27001953125, 0.38330078125, -23.125, 61.6875, -37.1875
-13851, -2156, 8404, 1144, -419, 997, -560, 1750, 532, 833, 0.590138979852196, 1.0138993920094677, 0.4992562624824521, 0.8544921875, 0.259765625, 0.40673828125, -26.1875, 62.3125, -35.0
-13943, -2144, 8242, 1232, -433, 981, -502, 1723, 538, 894, 0.5757956346945584, 0.9909143664853693, 0.4936160586760286, 0.84130859375, 0.2626953125, 0.4365234375, -27.0625, 61.3125, -31.375
-14032, -2119, 8084, 1308, -449, 967, -423, 1714, 512, 932, 0.5594071926442622, 0.969324859599785, 0.4860937663740989, 0.8369140625, 0.25, 0.455078125, -28.0625, 60.4375, -26.4375
-14125, -2081, 7919, 1373, -465, 977, -335, 1673, 498, 1048, 0.5399919440431924, 0.9477476970556075, 0.47577655217445125, 0.81689453125, 0.2431640625, 0.51171875, -29.0625, 61.0625, -20.9375
-14221, -2026, 7750, 1425, -506, 976, -229, 1642, 498, 1154, 0.5172781861108472, 0.9266934226891257, 0.46258358960042223, 0.8017578125, 0.2431640625, 0.5634765625, -31.625, 61.0, -14.3125
-14312, -1948, 7590, 1481, -635, 900, -166, 1631, 530, 1205, 0.4930096462960802, 0.9073059737554438, 0.45037296602900206, 0.79638671875, 0.2587890625, 0.58837890625, -39.6875, 56.25, -10.375
-14399, -1851, 7441, 1522, -675, 891, -71, 1614, 433, 1131, 0.46646745727980105, 0.8903425576781286, 0.4363404215733276, 0.7880859375, 0.21142578125, 0.55224609375, -42.1875, 55.6875, -4.4375
-14487, -1752, 7289, 1535, -573, 964, -1, 1691, 273, 1158, 0.4383215533529229, 0.8737047360718244, 0.41839275491859595, 0.82568359375, 0.13330078125, 0.5654296875, -35.8125, 60.25, -0.0625
-14573, -1702, 7131, 1520, -241, 1010, 7, 1635, 229, 1219, 0.4169578773488848, 0.8556386481988975, 0.4001875846918523, 0.79833984375, 0.11181640625, 0.59521484375, -15.0625, 63.125, 0.4375
-14649, -1711, 6980, 1485, 64, 984, 24, 1571, 366, 1249, 0.4053283808263685, 0.8373792612781523, 0.3844301037052967, 0.76708984375, 0.1787109375, 0.60986328125, 4.0, 61.5, 1.5
-14715, -1741, 6839, 1450, 130, 935, 28, 1553, 497, 1246, 0.3984451890832729, 0.8197674419852186, 0.3714447072862545, 0.75830078125, 0.24267578125, 0.6083984375, 8.125, 58.4375, 1.75
-14782, -1750, 6698, 1423, -21, 946, 64, 1543, 570, 1224, 0.38929587176123, 0.8025451011391, 0.35884784754036264, 0.75341796875, 0.2783203125, 0.59765625, -1.3125, 59.125, 4.0
-14854, -1720, 6548, 1402, -238, 993, 104, 1529, 523, 1236, 0.3744049083197466, 0.7848323584388053, 0.34468934274468954, 0.74658203125, 0.25537109375, 0.603515625, -14.875, 62.0625, 6.5
-14932, -1663, 6389, 1382, -345, 1007, 133, 1492, 435, 1335, 0.3556154108551701, 0.766566308343112, 0.329254868980214, 0.728515625, 0.21240234375, 0.65185546875, -21.5625, 62.9375, 8.3125
-15007, -1611, 6230, 1356, -288, 987, 146, 1417, 387, 1378, 0.3380259871699514, 0.7481797352970925, 0.31400995828964123, 0.69189453125, 0.18896484375, 0.6728515625, -18.0, 61.6875, 9.125
-15076, -1578, 6077, 1321, -168, 965, 153, 1383, 374, 1389, 0.3238226502357911, 0.7302658572963736, 0.29952291411666826, 0.67529296875, 0.1826171875, 0.67822265625, -10.5, 60.3125, 9.5625
-15142, -1564, 5924, 1278, -64, 965, 162, 1358, 391, 1415, 0.3126655307909181, 0.7121119241807732, 0.2855121600361505, 0.6630859375, 0.19091796875, 0.69091796875, -4.0, 60.3125, 10.125
-15204, -1563, 5772, 1229, 18, 972, 173, 1323, 384, 1426, 0.30371068998505224, 0.693889623168512, 0.2718681196504318, 0.64599609375, 0.1875, 0.6962890625, 1.125, 60.75, 10.8125
-15264, -1568, 5624, 1176, 53, 963, 184, 1306, 399, 1426, 0.29611261858656823, 0.676226639294669, 0.2585791650169278, 0.6376953125, 0.19482421875, 0.6962890625, 3.3125, 60.1875, 11.5
-15320, -1576, 5478, 1125, 59, 944, 172, 1273, 400, 1435, 0.2895566435318535, 0.6586690865914445, 0.2461889943296379, 0.62158203125, 0.1953125, 0.70068359375, 3.6875, 59.0, 10.75
-15373, -1582, 5333, 1079, 43, 933, 148, 1217, 388, 1431, 0.283372639891832, 0.6411431661466209, 0.23479690908929648, 0.59423828125, 0.189453125, 0.69873046875, 2.6875, 58.3125, 9.25
-15425, -1583, 5189, 1041, -1, 922, 118, 1205, 396, 1450, 0.2772461681754448, 0.6237326858228117, 0.22467021495389788, 0.58837890625, 0.193359375, 0.7080078125, -0.0625, 57.625, 7.375
-15475, -1578, 5044, 1012, -34, 918, 71, 1179, 366, 1468, 0.2709492106290914, 0.6060965802136603, 0.21579570564110032, 0.57568359375, 0.1787109375, 0.716796875, -2.125, 57.375, 4.4375
-15524, -1576, 4897, 990, -38, 917, 33, 1143, 375, 1506, 0.2656177286056798, 0.5880938340756243, 0.20824067346342684, 0.55810546875, 0.18310546875, 0.7353515625, -2.375, 57.3125, 2.0625
-15571, -1577, 4751, 974, -24, 905, 0, 1090, 363, 1500, 0.2612345758701696, 0.5701206745781527, 0.20190022818662015, 0.5322265625, 0.17724609375, 0.732421875, -1.5, 56.5625, 0.0
-15616, -1579, 4602, 957, 12, 917, -20, 1068, 297, 1530, 0.2570758471175322, 0.5517473960949231, 0.1955629042659743, 0.521484375, 0.14501953125, 0.7470703125, 0.75, 57.3125, -1.25
-15659, -1599, 4449, 936, 95, 926, -19, 1023, 342, 1581, 0.2553516521960608, 0.5327542075806686, 0.1894329309110011, 0.49951171875, 0.1669921875, 0.77197265625, 5.9375, 57.875, -1.1875
-15699, -1635, 4299, 913, 189, 920, -25, 992, 343, 1572, 0.2559948372125167, 0.5140614287627511, 0.18381554878113726, 0.484375, 0.16748046875, 0.767578125, 11.8125, 57.5, -1.5625
-15737, -1678, 4148, 889, 240, 927, -39, 964, 334, 1605, 0.2576729101624165, 0.4952342510940201, 0.17834850781981573, 0.470703125, 0.1630859375, 0.78369140625, 15.0, 57.9375, -2.4375
-15771, -1740, 3992, 865, 322, 922, -57, 879, 378, 1629, 0.2618996581860722, 0.4755849184860431, 0.17340782402730795, 0.42919921875, 0.1845703125, 0.79541015625, 20.125, 57.625, -3.5625
-15802, -1812, 3842, 846, 344, 885, -69, 829, 468, 1620, 0.2678528942995222, 0.456615557662467, 0.16957036254574376, 0.40478515625, 0.228515625, 0.791015625, 21.5, 55.3125, -4.3125
-15829, -1874, 3698, 830, 268, 843, -62, 794, 504, 1612, 0.2727258456288128, 0.43844905849579524, 0.16589964536099802, 0.3876953125, 0.24609375, 0.787109375, 16.75, 52.6875, -3.875
-15857, -1916, 3558, 816, 155, 806, -45, 742, 525, 1638, 0.27518541411973624, 0.42103708733230844, 0.16198960631240777, 0.3623046875, 0.25634765625, 0.7998046875, 9.6875, 50.375, -2.8125
-15884, -1946, 3423, 800, 98, 770, -15, 709, 521, 1633, 0.27619888336307064, 0.40443123905711176, 0.15761997035856556, 0.34619140625, 0.25439453125, 0.79736328125, 6.125, 48.125, -0.9375
-15910, -1968, 3293, 781, 84, 735, 5, 673, 491, 1676, 0.2762839848288709, 0.38860355469856506, 0.15280510926420302, 0.32861328125, 0.23974609375, 0.818359375, 5.25, 45.9375, 0.3125
-15933, -1996, 3168, 757, 138, 701, 26, 633, 462, 1686, 0.27720943498949707, 0.37343515410671063, 0.14765022340908748, 0.30908203125, 0.2255859375, 0.8232421875, 8.625, 43.8125, 1.625
-15952, -2035, 3051, 731, 199, 666, 27, 616, 479, 1689, 0.2797343537438803, 0.35920816585687015, 0.14269966396576975, 0.30078125, 0.23388671875, 0.82470703125, 12.4375, 41.625, 1.6875
-15969, -2080, 2937, 706, 222, 641, 25, 579, 499, 1668, 0.28318585251486184, 0.34532052895818977, 0.13807661833857948, 0.28271484375, 0.24365234375, 0.814453125, 13.875, 40.0625, 1.5625
-15984, -2119, 2827, 683, 190, 618, 18, 550, 501, 1650, 0.2860237518314468, 0.33194725965715854, 0.13364186097755318, 0.2685546875, 0.24462890625, 0.8056640625, 11.875, 38.625, 1.125
-15999, -2147, 2723, 668, 111, 575, -2, 529, 540, 1682, 0.2877798329743957, 0.3192989423592328, 0.13010945617002176, 0.25830078125, 0.263671875, 0.8212890625, 6.9375, 35.9375, -0.125
-16013, -2167, 2627, 661, 27, 517, -21, 475, 590, 1629, 0.2888391249645373, 0.3075716432782887, 0.1275923441666346, 0.23193359375, 0.2880859375, 0.79541015625, 1.6875, 32.3125, -1.3125
-16029, -2157, 2535, 655, -114, 505, -11, 500, 546, 1634, 0.2861834932990161, 0.29654403337083357, 0.12471585449389483, 0.244140625, 0.2666015625, 0.7978515625, -7.125, 31.5625, -0.6875
-16046, -2142, 2441, 648, -108, 509, -8, 476, 489, 1712, 0.28291131993616464, 0.2853412782953524, 0.1216315197592916, 0.232421875, 0.23876953125, 0.8359375, -6.75, 31.8125, -0.5
-16059, -2149, 2350, 641, 29, 478, -22, 429, 468, 1717, 0.2825161392899565, 0.27433993183879696, 0.11904350894019118, 0.20947265625, 0.228515625, 0.83837890625, 1.8125, 29.875, -1.375
-16069, -2172, 2265, 636, 103, 445, -43, 405, 502, 1713, 0.28429680160309984, 0.2639349855918452, 0.11711094215100809, 0.19775390625, 0.2451171875, 0.83642578125, 6.4375, 27.8125, -2.6875
-16076, -2202, 2183, 634, 116, 424, -51, 382, 554, 1685, 0.28705057600112754, 0.253783926647995, 0.1157080162780533, 0.1865234375, 0.2705078125, 0.82275390625, 7.25, 26.5, -3.1875
-16084, -2219, 2106, 634, 38, 393, -54, 369, 563, 1711, 0.28827984453151334, 0.24431423521567178, 0.11443377556976143, 0.18017578125, 0.27490234375, 0.83544921875, 2.375, 24.5625, -3.375
-16092, -2222, 2035, 638, -38, 362, -55, 364, 568, 1693, 0.2878825599909177, 0.23559705719403376, 0.11355676929671829, 0.177734375, 0.27734375, 0.82666015625, -2.375, 22.625, -3.4375
-16102, -2217, 1966, 642, -77, 342, -55, 335, 547, 1729, 0.2865424515077347, 0.22720478280959305, 0.11262025273206211, 0.16357421875, 0.26708984375, 0.84423828125, -4.8125, 21.375, -3.4375
-16110, -2213, 1900, 647, -48, 320, -63, 324, 519, 1738, 0.2853711063604051, 0.21913664738217126, 0.11188934910878885, 0.158203125, 0.25341796875, 0.8486328125, -3.0, 20.0, -3.9375
-16115, -2224, 1837, 652, 36, 309, -68, 318, 516, 1757, 0.2861169403985126, 0.21132717884658575, 0.11142648359812138, 0.1552734375, 0.251953125, 0.85791015625, 2.25, 19.3125, -4.25
-16119, -2247, 1777, 654, 108, 297, -60, 306, 527, 1753, 0.2883834239345164, 0.2038708445779361, 0.11080880760028967, 0.1494140625, 0.25732421875, 0.85595703125, 6.75, 18.5625, -3.75
-16121, -2275, 1719, 651, 127, 293, -28, 290, 551, 1780, 0.29122540647409373, 0.1967019890740491, 0.10965928046507593, 0.1416015625, 0.26904296875, 0.869140625, 7.9375, 18.3125, -1.75
-16124, -2295, 1668, 637, 92, 251, 39, 257, 538, 1693, 0.29303070473576265, 0.190642708019034, 0.10718948025211361, 0.12548828125, 0.2626953125, 0.82666015625, 5.75, 15.6875, 2.4375
-16129, -2297, 1627, 624, -29, 199, 59, 261, 585, 1704, 0.29272932010877606, 0.18590716036047322, 0.10482540754171045, 0.12744140625, 0.28564453125, 0.83203125, -1.8125, 12.4375, 3.6875
-16135, -2279, 1597, 615, -147, 132, 57, 259, 595, 1738, 0.2900908743289015, 0.18255318418596853, 0.10293810027508994, 0.12646484375, 0.29052734375, 0.8486328125, -9.1875, 8.25, 3.5625
-16142, -2249, 1572, 609, -182, 110, 44, 277, 541, 1800, 0.28604686352933084, 0.17982310227814188, 0.10138921309114991, 0.13525390625, 0.26416015625, 0.87890625, -11.375, 6.875, 2.75
-16147, -2230, 1544, 612, -105, 112, -20, 271, 519, 1845, 0.2834427874358757, 0.17649685218876568, 0.10101782578437733, 0.13232421875, 0.25341796875, 0.90087890625, -6.5625, 7.0, -1.25
-16147, -2240, 1516, 629, 22, 106, -105, 272, 574, 1850, 0.2845913101118213, 0.17274190518963292, 0.10267829666384688, 0.1328125, 0.2802734375, 0.9033203125, 1.375, 6.625, -6.5625
-16145, -2266, 1486, 662, 70, 117, -204, 277, 646, 1861, 0.2878799170006448, 0.16836817688684666, 0.10642263848553794, 0.13525390625, 0.3154296875, 0.90869140625, 4.375, 7.3125, -12.75
-16143, -2292, 1450, 706, 50, 133, -262, 248, 681, 1854, 0.29120270137644433, 0.16306385549354854, 0.11137968465223988, 0.12109375, 0.33251953125, 0.9052734375, 3.125, 8.3125, -16.375
-16142, -2311, 1407, 760, -17, 154, -313, 221, 729, 1868, 0.2936551574800766, 0.15677153178656772, 0.11733370309337056, 0.10791015625, 0.35595703125, 0.912109375, -1.0625, 9.625, -19.5625
-16141, -2318, 1364, 819, -61, 143, -340, 207, 685, 1882, 0.29460901411534496, 0.1504569150856135, 0.12375994922319801, 0.10107421875, 0.33447265625, 0.9189453125, -3.8125, 8.9375, -21.25
-16140, -2327, 1327, 881, -46, 110, -354, 190, 670, 1844, 0.295887072067676, 0.14480609582899945, 0.13068458452468132, 0.0927734375, 0.3271484375, 0.900390625, -2.875, 6.875, -22.125
-16137, -2342, 1292, 946, -16, 107, -377, 201, 680, 1844, 0.29791378298137566, 0.13928006252299424, 0.13805260546167233, 0.09814453125, 0.33203125, 0.900390625, -1.0, 6.6875, -23.5625
-16134, -2354, 1254, 1019, -27, 122, -418, 193, 666, 1838, 0.2995649440288067, 0.1332625966690903, 0.14629869010397417, 0.09423828125, 0.3251953125, 0.8974609375, -1.6875, 7.625, -26.125
-16130, -2365, 1215, 1099, -43, 121, -463, 189, 686, 1845, 0.30108468437944097, 0.1269920995385967, 0.15535446484805032, 0.09228515625, 0.3349609375, 0.90087890625, -2.6875, 7.5625, -28.9375
-16126, -2368, 1173, 1192, -87, 121, -534, 166, 662, 1831, 0.3016230321057281, 0.12019243029375141, 0.1658620429116706, 0.0810546875, 0.3232421875, 0.89404296875, -5.4375, 7.5625, -33.375
-16121, -2369, 1127, 1296, -99, 146, -598, 181, 669, 1843, 0.30187515742737336, 0.11272853344591446, 0.17760914891406926, 0.08837890625, 0.32666015625, 0.89990234375, -6.1875, 9.125, -37.375
-16115, -2370, 1079, 1409, -123, 168, -655, 190, 708, 1858, 0.30209062517729307, 0.10486346158482455, 0.19041381755858716, 0.0927734375, 0.345703125, 0.9072265625, -7.6875, 10.5, -40.9375
-16107, -2368, 1028, 1529, -152, 177, -700, 181, 726, 1848, 0.3018325473490478, 0.09654046581771981, 0.20398175455357934, 0.08837890625, 0.3544921875, 0.90234375, -9.5, 11.0625, -43.75
-16100, -2351, 977, 1660, -233, 155, -747, 157, 700, 1823, 0.29971092818780276, 0.08823275245890315, 0.21882401871951646, 0.07666015625, 0.341796875, 0.89013671875, -14.5625, 9.6875, -46.6875
-16093, -2320, 924, 1798, -308, 165, -794, 165, 686, 1840, 0.2957712253393972, 0.07979522573466255, 0.23443602392242577, 0.08056640625, 0.3349609375, 0.8984375, -19.25, 10.3125, -49.625
-16085, -2279, 865, 1943, -361, 192, -832, 152, 671, 1870, 0.2904245190836456, 0.07073090721190117, 0.2507823973460654, 0.07421875, 0.32763671875, 0.9130859375, -22.5625, 12.0, -52.0
-16076, -2229, 801, 2098, -391, 201, -895, 131, 610, 1874, 0.2838179496581086, 0.061136071222548556, 0.26829339685738046, 0.06396484375, 0.2978515625, 0.9150390625, -24.4375, 12.5625, -55.9375
-16064, -2178, 729, 2261, -389, 227, -941, 102, 581, 1906, 0.2768285833119145, 0.05058268259388914, 0.2867137116127161, 0.0498046875, 0.28369140625, 0.9306640625, -24.3125, 14.1875, -58.8125
-16049, -2129, 653, 2433, -368, 240, -999, 63, 542, 1892, 0.2698827149610128, 0.03949939061419823, 0.30628327608629996, 0.03076171875, 0.2646484375, 0.923828125, -23.0, 15.0, -62.4375
-16029, -2083, 577, 2619, -375, 235, -1081, 43, 571, 1894, 0.26315181167096263, 0.02826646858003269, 0.32768999190500153, 0.02099609375, 0.27880859375, 0.9248046875, -23.4375, 14.6875, -67.5625
-16004, -2033, 498, 2817, -393, 253, -1151, 52, 539, 1867, 0.2556768122153555, 0.016712661246753087, 0.35062728957139067, 0.025390625, 0.26318359375, 0.91162109375, -24.5625, 15.8125, -71.9375
-15976, -1981, 415, 3023, -401, 268, -1205, 34, 509, 1867, 0.2476727214625526, 0.004779394285191861, 0.3746593097714542, 0.0166015625, 0.24853515625, 0.91162109375, -25.0625, 16.75, -75.3125
-15942, -1927, 329, 3236, -391, 264, -1250, -13, 461, 1899, 0.23909361101548898, -0.007382504646043795, 0.3996505239307181, -0.00634765625, 0.22509765625, 0.92724609375, -24.4375, 16.5, -78.125
-15904, -1880, 242, 3454, -356, 262, -1277, -63, 446, 1869, 0.23109175101591753, -0.019706213344993097, 0.4254655111317202, -0.03076171875, 0.2177734375, 0.91259765625, -22.25, 16.375, -79.8125
-15861, -1833, 155, 3673, -352, 265, -1290, -76, 425, 1881, 0.22280473076194474, -0.03185031363938352, 0.45158060746282985, -0.037109375, 0.20751953125, 0.91845703125, -22.0, 16.5625, -80.625
-15814, -1791, 68, 3892, -325, 265, -1297, -105, 430, 1885, 0.2148483975527288, -0.04393694676740505, 0.4779038186361807, -0.05126953125, 0.2099609375, 0.92041015625, -20.3125, 16.5625, -81.0625
-15764, -1750, -14, 4110, -309, 248, -1292, -118, 402, 1893, 0.20689655319735112, -0.055260735386133256, 0.5043898448414328, -0.0576171875, 0.1962890625, 0.92431640625, -19.3125, 15.5, -80.75
-15709, -1711, -94, 4329, -286, 245, -1307, -129, 369, 1876, 0.19896903720482162, -0.06623613854956358, 0.5312136371079521, -0.06298828125, 0.18017578125, 0.916015625, -17.875, 15.3125, -81.6875
-15650, -1676, -174, 4549, -252, 249, -1316, -148, 345, 1911, 0.19125622578959434, -0.07716939567629291, 0.5583866762341824, -0.072265625, 0.16845703125, 0.93310546875, -15.75, 15.5625, -82.25
-15586, -1645, -250, 4771, -219, 242, -1332, -160, 318, 1888, 0.18387400168890378, -0.08761760317011578, 0.5860591299922141, -0.078125, 0.1552734375, 0.921875, -13.6875, 15.125, -83.25
-15518, -1610, -326, 4994, -223, 239, -1341, -163, 285, 1893, 0.17575327732774199, -0.09775230952449612, 0.6141116280905156, -0.07958984375, 0.13916015625, 0.92431640625, -13.9375, 14.9375, -83.8125
-15446, -1576, -399, 5217, -238, 231, -1350, -171, 310, 1863, 0.1676041398811723, -0.10738245161728918, 0.6424332799071314, -0.08349609375, 0.1513671875, 0.90966796875, -14.875, 14.4375, -84.375
-15372, -1532, -471, 5439, -261, 229, -1355, -156, 239, 1888, 0.158094675758166, -0.11628801827705082, 0.6709699481151915, -0.076171875, 0.11669921875, 0.921875, -16.3125, 14.3125, -84.6875
-15292, -1487, -545, 5666, -266, 225, -1385, -186, 229, 1873, 0.1481087338037847, -0.12519465917746533, 0.7004287826942005, -0.0908203125, 0.11181640625, 0.91455078125, -16.625, 14.0625, -86.5625
-15207, -1436, -615, 5895, -266, 208, -1408, -172, 158, 1873, 0.13733151866850973, -0.13314393812403694, 0.7304823409847488, -0.083984375, 0.0771484375, 0.91455078125, -16.625, 13.0, -88.0
-15117, -1389, -683, 6126, -233, 215, -1419, -183, 141, 1895, 0.12686175621623447, -0.1407883178697435, 0.7611040641723652, -0.08935546875, 0.06884765625, 0.92529296875, -14.5625, 13.4375, -88.6875
-15022, -1346, -753, 6356, -215, 225, -1429, -207, 118, 1884, 0.11653317988720799, -0.14856466619185152, 0.7918668678949178, -0.10107421875, 0.0576171875, 0.919921875, -13.4375, 14.0625, -89.3125
-14923, -1300, -826, 6586, -227, 241, -1438, -207, 84, 1902, 0.1054874882739543, -0.15626438520978403, 0.8230014712460976, -0.10107421875, 0.041015625, 0.9287109375, -14.1875, 15.0625, -89.875
-14818, -1261, -901, 6818, -184, 266, -1457, -226, 50, 1884, 0.09486595145540282, -0.1642669444173701, 0.8547258729237228, -0.1103515625, 0.0244140625, 0.919921875, -11.5, 16.625, -91.0625
-14707, -1236, -970, 7049, -103, 280, -1459, -234, 41, 1875, 0.08586348264560854, -0.1720496321002209, 0.88653733812398, -0.1142578125, 0.02001953125, 0.91552734375, -6.4375, 17.5, -91.1875
-14590, -1233, -1035, 7279, 16, 301, -1455, -257, 27, 1841, 0.07926837758555398, -0.18035377640762434, 0.918392985193769, -0.12548828125, 0.01318359375, 0.89892578125, 1.0, 18.8125, -90.9375
-14468, -1246, -1096, 7508, 106, 310, -1457, -298, 32, 1854, 0.07439509567330846, -0.18896585881754974, 0.9503488818364849, -0.1455078125, 0.015625, 0.9052734375, 6.625, 19.375, -91.0625
-14341, -1270, -1152, 7736, 159, 307, -1465, -343, 45, 1851, 0.07073310466756655, -0.19757252283135443, 0.9824209054370248, -0.16748046875, 0.02197265625, 0.90380859375, 9.9375, 19.1875, -91.5625
-14211, -1297, -1202, 7961, 188, 268, -1443, -380, 39, 1827, 0.06750348055207354, -0.20564473556935617, 1.014383773990209, -0.185546875, 0.01904296875, 0.89208984375, 11.75, 16.75, -90.1875
-14078, -1321, -1247, 8183, 187, 248, -1440, -377, 40, 1838, 0.06402013663649113, -0.21294141190499835, 1.0462642457336238, -0.18408203125, 0.01953125, 0.8974609375, 11.6875, 15.5, -90.0
-13943, -1345, -1286, 8400, 182, 222, -1426, -400, 65, 1840, 0.06073314618196616, -0.21952983913834556, 1.077728531298509, -0.1953125, 0.03173828125, 0.8984375, 11.375, 13.875, -89.125
-13807, -1356, -1326, 8615, 132, 193, -1420, -402, 35, 1843, 0.055819781085975, -0.2253454341774183, 1.1094280453119472, -0.1962890625, 0.01708984375, 0.89990234375, 8.25, 12.0625, -88.75
-13666, -1364, -1366, 8829, 131, 181, -1426, -427, 0, 1849, 0.05038223060567315, -0.2308562532021674, 1.1413587495993966, -0.20849609375, 0.0, 0.90283203125, 8.1875, 11.3125, -89.125
-13522, -1360, -1404, 9042, 89, 131, -1438, -453, -24, 1864, 0.043646242608738395, -0.2352325339717621, 1.1735990679580746, -0.22119140625, -0.01171875, 0.91015625, 5.5625, 8.1875, -89.875
-13375, -1346, -1433, 9256, 47, 66, -1458, -449, 13, 1900, 0.03633850593109289, -0.2378608497688149, 1.2063590913688202, -0.21923828125, 0.00634765625, 0.927734375, 2.9375, 4.125, -91.125
-13227, -1321, -1460, 9466, -18, 29, -1447, -444, 35, 1910, 0.028015351607480588, -0.23932582118836565, 1.2389451237438325, -0.216796875, 0.01708984375, 0.9326171875, -1.125, 1.8125, -90.4375
-13076, -1279, -1493, 9674, -115, 9, -1465, -426, 8, 1877, 0.01749627614715355, -0.23993562673448965, 1.2718008317128142, -0.2080078125, 0.00390625, 0.91650390625, -7.1875, 0.5625, -91.5625
-12921, -1222, -1525, 9883, -173, -25, -1481, -405, -17, 1909, 0.005505262646835685, -0.23906158854960402, 1.305285128792071, -0.19775390625, -0.00830078125, 0.93212890625, -10.8125, -1.5625, -92.5625
-12764, -1162, -1555, 10088, -191, -34, -1481, -392, -12, 1891, -0.006554720584089412, -0.23744170872254255, 1.3385127034740216, -0.19140625, -0.005859375, 0.92333984375, -11.9375, -2.125, -92.5625
-12602, -1105, -1588, 10290, -193, -28, -1480, -417, -36, 1914, -0.018509560613932587, -0.2360019654505693, 1.371688173161593, -0.20361328125, -0.017578125, 0.9345703125, -12.0625, -1.75, -92.5
-12437, -1043, -1627, 10489, -215, -14, -1484, -421, -92, 1934, -0.031364065707557134, -0.2344129633091299, 1.4049498154079134, -0.20556640625, -0.044921875, 0.9443359375, -13.4375, -0.875, -92.75
-12267, -985, -1661, 10688, -209, -16, -1501, -426, -67, 1958, -0.04342302522609275, -0.23233101844734722, 1.438530785507106, -0.2080078125, -0.03271484375, 0.9560546875, -13.0625, -1.0, -93.8125
-12091, -925, -1697, 10886, -211, -11, -1516, -413, -113, 1972, -0.055806790908874755, -0.22991851948105543, 1.4724400848183545, -0.20166015625, -0.05517578125, 0.962890625, -13.1875, -0.6875, -94.75
-11909, -864, -1742, 11083, -240, 44, -1534, -378, -153, 1975, -0.06902113117171978, -0.2278775669775624, 1.5068880428587252, -0.1845703125, -0.07470703125, 0.96435546875, -15.0, 2.75, -95.875
-11720, -812, -1790, 11279, -224, 96, -1555, -379, -154, 1964, -0.08169288127139779, -0.22647171617645181, 1.5417553001243727, -0.18505859375, -0.0751953125, 0.958984375, -14.0, 6.0, -97.1875
-11525, -765, -1843, 11473, -221, 129, -1570, -394, -191, 1976, -0.09437868540606051, -0.2255548651333337, 1.576977811034046, -0.1923828125, -0.09326171875, 0.96484375, -13.8125, 8.0625, -98.125
-11325, -722, -1893, 11665, -214, 120, -1580, -429, -176, 2005, -0.10646605053781448, -0.22435439279504024, 1.6123661532104434, -0.20947265625, -0.0859375, 0.97900390625, -13.375, 7.5, -98.75
-11122, -675, -1944, 11854, -238, 102, -1593, -432, -186, 1976, -0.11896528364044477, -0.2225379565374775, 1.6478584586359606, -0.2109375, -0.0908203125, 0.96484375, -14.875, 6.375, -99.5625
-10913, -619, -1997, 12040, -262, 74, -1601, -419, -206, 1939, -0.1323688528787064, -0.2196620812690655, 1.6835026737766812, -0.20458984375, -0.1005859375, 0.94677734375, -16.375, 4.625, -100.0625
-10700, -562, -2054, 12223, -286, 91, -1612, -363, -243, 1890, -0.14617541853977575, -0.21661793968988438, 1.7193705575843254, -0.17724609375, -0.11865234375, 0.9228515625, -17.875, 5.6875, -100.75
-10480, -507, -2113, 12405, -274, 116, -1634, -326, -313, 1846, -0.16000319772435073, -0.21346410306082, 1.7558153939968617, -0.1591796875, -0.15283203125, 0.9013671875, -17.125, 7.25, -102.125
-10248, -456, -2168, 12590, -238, 128, -1686, -300, -324, 1804, -0.17319207236158018, -0.20984528115436818, 1.7934708710808702, -0.146484375, -0.158203125, 0.880859375, -14.875, 8.0, -105.375
-10008, -397, -2227, 12774, -287, 110, -1729, -291, -341, 1758, -0.18735379854206138, -0.2052798426040962, 1.8318501134011886, -0.14208984375, -0.16650390625, 0.8583984375, -17.9375, 6.875, -108.0625
-9761, -327, -2284, 12955, -315, 67, -1756, -245, -372, 1675, -0.2020055571747925, -0.19897733829444247, 1.8703988210932723, -0.11962890625, -0.181640625, 0.81787109375, -19.6875, 4.1875, -109.75
-9506, -250, -2340, 13135, -323, 40, -1788, -197, -463, 1649, -0.21692002273356892, -0.19136265973873295, 1.9095441052950506, -0.09619140625, -0.22607421875, 0.80517578125, -20.1875, 2.5, -111.75
-9240, -159, -2405, 13314, -407, 20, -1847, -165, -504, 1668, -0.23357791405890657, -0.18234950203491226, 1.94970819047106, -0.08056640625, -0.24609375, 0.814453125, -25.4375, 1.25, -115.4375
-8968, -75, -2462, 13489, -343, 25, -1851, -145, -602, 1646, -0.24864488504061794, -0.17290072579846924, 1.9898136877032708, -0.07080078125, -0.2939453125, 0.8037109375, -21.4375, 1.5625, -115.6875
-8690, 10, -2518, 13659, -344, 33, -1865, -122, -641, 1687, -0.26337207860501455, -0.162728853272571, 2.029918538919661, -0.0595703125, -0.31298828125, 0.82373046875, -21.5, 2.0625, -116.5625
-8405, 92, -2574, 13826, -333, 47, -1891, -137, -699, 1736, -0.27763918916099795, -0.1523003791972972, 2.0704800763386757, -0.06689453125, -0.34130859375, 0.84765625, -20.8125, 2.9375, -118.1875
-8116, 174, -2619, 13988, -295, 15, -1891, -155, -708, 1787, -0.29036317544428303, -0.14069776969633124, 2.1106749885873297, -0.07568359375, -0.345703125, 0.87255859375, -18.4375, 0.9375, -118.1875
-7824, 255, -2647, 14147, -212, -29, -1900, -131, -737, 1834, -0.30079896303248116, -0.12777199727221406, 2.150583950250231, -0.06396484375, -0.35986328125, 0.8955078125, -13.25, -1.8125, -118.75
-7530, 346, -2667, 14300, -211, -93, -1905, -130, -736, 1822, -0.310475964618782, -0.11300272337914637, 2.1899014150612977, -0.0634765625, -0.359375, 0.8896484375, -13.1875, -5.8125, -119.0625
-7235, 454, -2689, 14445, -281, -174, -1907, -121, -701, 1917, -0.32080609464427073, -0.09623776670839677, 2.228508842254578, -0.05908203125, -0.34228515625, 0.93603515625, -17.5625, -10.875, -119.1875
-6938, 578, -2716, 14580, -359, -245, -1904, -81, -679, 1912, -0.3319629940778406, -0.07768610670914029, 2.266283410566587, -0.03955078125, -0.33154296875, 0.93359375, -22.4375, -15.3125, -119.0
-6644, 720, -2757, 14703, -475, -305, -1875, -42, -777, 1949, -0.3450252272619492, -0.057634934581060976, 2.302817846195833, -0.0205078125, -0.37939453125, 0.95166015625, -29.6875, -19.0625, -117.1875
-6347, 885, -2794, 14817, -516, -430, -1893, -10, -822, 1976, -0.3581094055806186, -0.034432009633541774, 2.3383528781643386, -0.0048828125, -0.4013671875, 0.96484375, -32.25, -26.875, -118.3125
-6054, 1082, -2815, 14923, -514, -633, -1895, 53, -819, 1943, -0.37019558869109626, -0.006670733095386418, 2.372067126702623, 0.02587890625, -0.39990234375, 0.94873046875, -32.125, -39.5625, -118.4375
-5768, 1311, -2837, 15013, -590, -804, -1852, 128, -882, 1936, -0.38309130535339625, 0.024725236868800203, 2.403152346762521, 0.0625, -0.4306640625, 0.9453125, -36.875, -50.25, -115.75
-5493, 1546, -2863, 15089, -645, -832, -1767, 270, -826, 1886, -0.3960250845903555, 0.056663185650143715, 2.431971809880347, 0.1318359375, -0.4033203125, 0.9208984375, -40.3125, -52.0, -110.4375
-5231, 1767, -2900, 15150, -673, -765, -1660, 331, -912, 1885, -0.40900723768381736, 0.08653581522872072, 2.4586625351705287, 0.16162109375, -0.4453125, 0.92041015625, -42.0625, -47.8125, -103.75
-4978, 1990, -2930, 15202, -596, -759, -1582, 358, -934, 1819, -0.42076979078545446, 0.11699076360093492, 2.4836549267609507, 0.1748046875, -0.4560546875, 0.88818359375, -37.25, -47.4375, -98.875
-4745, 2216, -2947, 15242, -515, -813, -1475, 435, -954, 1741, -0.43077502297251524, 0.14800731851402196, 2.5055368440604693, 0.21240234375, -0.4658203125, 0.85009765625, -32.1875, -50.8125, -92.1875
-4527, 2444, -2955, 15272, -452, -850, -1382, 508, -981, 1691, -0.4395105654443327, 0.1793831467104912, 2.5250691591788037, 0.248046875, -0.47900390625, 0.82568359375, -28.25, -53.125, -86.375
-4330, 2659, -2958, 15292, -425, -785, -1235, 620, -920, 1628, -0.4469453807275767, 0.20904232346039742, 2.542002681006096, 0.302734375, -0.44921875, 0.794921875, -26.5625, -49.0625, -77.1875
-4158, 2839, -2974, 15305, -380, -609, -1054, 696, -1030, 1617, -0.4545028519037256, 0.2337234369019259, 2.556767407307024, 0.33984375, -0.5029296875, 0.78955078125, -23.75, -38.0625, -65.875
-4007, 2977, -2989, 15316, -300, -407, -896, 740, -1031, 1634, -0.46019090204609553, 0.25317566313376355, 2.570206033673459, 0.361328125, -0.50341796875, 0.7978515625, -18.75, -25.4375, -56.0
-3882, 3074, -3002, 15326, -211, -243, -732, 724, -1038, 1621, -0.4640884106769361, 0.2673591850896795, 2.581857705102945, 0.353515625, -0.5068359375, 0.79150390625, -13.1875, -15.1875, -45.75
-3788, 3138, -3018, 15334, -150, -137, -553, 671, -1048, 1599, -0.4673441314863534, 0.27685452891218354, 2.590928889546762, 0.32763671875, -0.51171875, 0.78076171875, -9.375, -8.5625, -34.5625
-3721, 3179, -3035, 15338, -112, -61, -382, 642, -1008, 1596, -0.47009942715611636, 0.2829040599820924, 2.597364832723864, 0.3134765625, -0.4921875, 0.779296875, -7.0, -3.8125, -23.875
-3683, 3200, -3061, 15338, -113, 2, -201, 615, -1023, 1614, -0.4735879544550767, 0.28555610644359763, 2.60089806642275, 0.30029296875, -0.49951171875, 0.7880859375, -7.0625, 0.125, -12.5625
-3670, 3198, -3103, 15333, -163, 74, -40, 563, -1036, 1668, -0.4784639839035597, 0.2843060656704666, 2.601915739143059, 0.27490234375, -0.505859375, 0.814453125, -10.1875, 4.625, -2.5
-3683, 3186, -3152, 15322, -164, 74, 112, 504, -1051, 1714, -0.484199966584603, 0.28089358049793556, 2.5999457271672726, 0.24609375, -0.51318359375, 0.8369140625, -10.25, 4.625, 7.0
-3720, 3175, -3192, 15307, -100, 35, 238, 517, -1068, 1697, -0.4892639161098301, 0.277161087140941, 2.595118213293674, 0.25244140625, -0.521484375, 0.82861328125, -6.25, 2.1875, 14.875
-3775, 3168, -3235, 15286, -112, 23, 351, 568, -1060, 1697, -0.4951510969860585, 0.27320064326972493, 2.5878507493715124, 0.27734375, -0.517578125, 0.82861328125, -7.0, 1.4375, 21.9375
-3844, 3164, -3287, 15259, -159, -1, 447, 577, -1081, 1727, -0.5024869918028589, 0.268795459656882, 2.5786296064449465, 0.28173828125, -0.52783203125, 0.84326171875, -9.9375, -0.0625, 27.9375
-3928, 3163, -3340, 15226, -197, -27, 547, 605, -1028, 1743, -0.5102652215133914, 0.2641312169445545, 2.5673381107445103, 0.29541015625, -0.501953125, 0.85107421875, -12.3125, -1.6875, 34.1875
-4032, 3164, -3402, 15185, -258, -60, 672, 585, -1007, 1751, -0.519512632097996, 0.25864108925888213, 2.553399066717932, 0.28564453125, -0.49169921875, 0.85498046875, -16.125, -3.75, 42.0
-4135, 3222, -3493, 15124, -590, -398, 657, 500, -940, 1875, -0.5349338179378467, 0.25831353601339857, 2.5366182412259115, 0.244140625, -0.458984375, 0.91552734375, -36.875, -24.875, 41.0625
-4273, 3297, -3562, 15053, -377, -575, 766, 465, -1129, 1775, -0.5490855254575757, 0.2592641607625888, 2.5149413328864894, 0.22705078125, -0.55126953125, 0.86669921875, -23.5625, -35.9375, 47.875
-4427, 3373, -3623, 14977, -317, -559, 881, 561, -1108, 1668, -0.562668300914204, 0.25979671919898406, 2.491248461427334, 0.27392578125, -0.541015625, 0.814453125, -19.8125, -34.9375, 55.0625
-4597, 3433, -3660, 14904, -202, -508, 978, 602, -1023, 1669, -0.5728620200115598, 0.2587330802350141, 2.4666543374315184, 0.2939453125, -0.49951171875, 0.81494140625, -12.625, -31.75, 61.125
-4779, 3491, -3704, 14822, -194, -520, 1053, 585, -1089, 1608, -0.5840087661607394, 0.2564353155342123, 2.440323661024558, 0.28564453125, -0.53173828125, 0.78515625, -12.125, -32.5, 65.8125
-4969, 3555, -3746, 14733, -175, -525, 1116, 635, -1085, 1507, -0.5954103022958696, 0.25427735163109927, 2.4125724786595706, 0.31005859375, -0.52978515625, 0.73583984375, -10.9375, -32.8125, 69.75
-5168, 3608, -3805, 14636, -254, -467, 1218, 638, -1089, 1511, -0.608399755932317, 0.24951135962017953, 2.383958800529417, 0.3115234375, -0.53173828125, 0.73779296875, -15.875, -29.1875, 76.125
-5369, 3648, -3891, 14531, -417, -395, 1281, 595, -1103, 1605, -0.6238479015618634, 0.24164489163227393, 2.355439170083925, 0.29052734375, -0.53857421875, 0.78369140625, -26.0625, -24.6875, 80.0625
-5566, 3685, -4000, 14417, -583, -348, 1324, 585, -1093, 1667, -0.6416626678644057, 0.23202078175895932, 2.3272082297303265, 0.28564453125, -0.53369140625, 0.81396484375, -36.4375, -21.75, 82.75
-5763, 3721, -4134, 14293, -714, -316, 1367, 560, -1175, 1705, -0.6622545792277816, 0.22053236756679323, 2.2989815914353118, 0.2734375, -0.57373046875, 0.83251953125, -44.625, -19.75, 85.4375
-5968, 3744, -4260, 14165, -574, -286, 1404, 521, -1362, 1650, -0.6809537298502631, 0.20719031957950573, 2.2704397790986635, 0.25439453125, -0.6650390625, 0.8056640625, -35.875, -17.875, 87.75
-6180, 3749, -4356, 14043, -351, -275, 1396, 457, -1430, 1627, -0.6948362643368552, 0.19287567297440047, 2.2423938762725775, 0.22314453125, -0.6982421875, 0.79443359375, -21.9375, -17.1875, 87.25
-6400, 3741, -4418, 13927, -174, -279, 1413, 442, -1338, 1576, -0.7037646447934773, 0.17846112571608655, 2.214399923496415, 0.2158203125, -0.6533203125, 0.76953125, -10.875, -17.4375, 88.3125
-6622, 3733, -4488, 13802, -280, -257, 1480, 456, -1239, 1590, -0.7133776902122314, 0.16317056355641196, 2.1859408313454156, 0.22265625, -0.60498046875, 0.7763671875, -17.5, -16.0625, 92.5
-6841, 3727, -4599, 13660, -508, -192, 1562, 424, -1267, 1587, -0.7275537936015156, 0.1454187741417826, 2.1575645561212973, 0.20703125, -0.61865234375, 0.77490234375, -31.75, -12.0, 97.625
-7065, 3708, -4751, 13498, -638, -107, 1654, 385, -1421, 1591, -0.7451991039443335, 0.12313200842062473, 2.1289991936728216, 0.18798828125, -0.69384765625, 0.77685546875, -39.875, -6.6875, 103.375
-7295, 3671, -4894, 13334, -552, -53, 1712, 339, -1467, 1602, -0.7602285036075952, 0.09886166303825016, 2.1008577497494603, 0.16552734375, -0.71630859375, 0.7822265625, -34.5, -3.3125, 107.0
-7536, 3621, -5019, 13166, -428, -65, 1762, 235, -1456, 1545, -0.7719392037539351, 0.07346099373529166, 2.072004122009199, 0.11474609375, -0.7109375, 0.75439453125, -26.75, -4.0625, 110.125
-7788, 3569, -5135, 12987, -391, -124, 1825, 98, -1412, 1514, -0.782085198854081, 0.047397648264218536, 2.041635631647628, 0.0478515625, -0.689453125, 0.7392578125, -24.4375, -7.75, 114.0625
-8049, 3524, -5247, 12794, -415, -199, 1881, 18, -1347, 1470, -0.7918621965467134, 0.021257757265499937, 2.0095443012348593, 0.0087890625, -0.65771484375, 0.7177734375, -25.9375, -12.4375, 117.5625
-8309, 3484, -5369, 12587, -497, -204, 1928, -20, -1323, 1452, -0.8026523400683755, -0.005646921903159134, 1.977071532792111, -0.009765625, -0.64599609375, 0.708984375, -31.0625, -12.75, 120.5
-8560, 3448, -5503, 12369, -592, -187, 1922, -62, -1346, 1424, -0.8145811691754855, -0.033216087128779846, 1.9451858345478032, -0.0302734375, -0.6572265625, 0.6953125, -37.0, -11.6875, 120.125
-8803, 3413, -5632, 12148, -584, -190, 1893, -101, -1370, 1352, -0.8255876107598659, -0.0605160644869522, 1.9139478511511292, -0.04931640625, -0.6689453125, 0.66015625, -36.5, -11.875, 118.3125
-9041, 3378, -5745, 11928, -510, -225, 1845, -153, -1414, 1305, -0.8344143260887756, -0.08689188267224172, 1.882958377715707, -0.07470703125, -0.6904296875, 0.63720703125, -31.875, -14.0625, 115.3125
-9274, 3341, -5837, 11712, -417, -274, 1800, -188, -1401, 1237, -0.8403651764459293, -0.11201175966807042, 1.8521133358791326, -0.091796875, -0.68408203125, 0.60400390625, -26.0625, -17.125, 112.5
-9504, 3302, -5915, 11498, -355, -298, 1765, -257, -1335, 1229, -0.8442772303250127, -0.13639383982391612, 1.8214036130537719, -0.12548828125, -0.65185546875, 0.60009765625, -22.1875, -18.625, 110.3125
-9724, 3262, -5999, 11281, -397, -266, 1735, -336, -1297, 1204, -0.8484501239453863, -0.16114970968221068, 1.7917173004743676, -0.1640625, -0.63330078125, 0.587890625, -24.8125, -16.625, 108.4375
-9930, 3224, -6094, 11059, -469, -212, 1712, -392, -1371, 1201, -0.8536505026198978, -0.18629115507546076, 1.763195935577059, -0.19140625, -0.66943359375, 0.58642578125, -29.3125, -13.25, 107.0
-10122, 3183, -6195, 10839, -484, -148, 1659, -460, -1425, 1219, -0.8590605602964566, -0.21172379156053314, 1.7364890387587084, -0.224609375, -0.69580078125, 0.59521484375, -30.25, -9.25, 103.6875
-10305, 3131, -6294, 10622, -448, -97, 1634, -575, -1456, 1243, -0.8630996937105404, -0.23768634240086653, 1.7109575827437722, -0.28076171875, -0.7109375, 0.60693359375, -28.0, -6.0625, 102.125
-10491, 3063, -6382, 10405, -351, -92, 1661, -662, -1423, 1219, -0.8642556188792458, -0.2644610248514992, 1.6851010703940377, -0.3232421875, -0.69482421875, 0.59521484375, -21.9375, -5.75, 103.8125
-10674, 2983, -6466, 10188, -288, -51, 1683, -657, -1421, 1196, -0.8636255896744345, -0.2919243205221592, 1.6594979422336233, -0.32080078125, -0.69384765625, 0.583984375, -18.0, -3.1875, 105.1875
-10846, 2887, -6550, 9978, -232, 41, 1662, -657, -1419, 1179, -0.8614434845310343, -0.3201130668913969, 1.6355618750017968, -0.32080078125, -0.69287109375, 0.57568359375, -14.5, 2.5625, 103.875
-11009, 2771, -6633, 9775, -139, 135, 1643, -705, -1416, 1178, -0.8572356331520663, -0.34931169548429003, 1.6130717692836478, -0.34423828125, -0.69140625, 0.5751953125, -8.6875, 8.4375, 102.6875
-11165, 2631, -6712, 9582, -24, 219, 1638, -774, -1406, 1192, -0.8503586878862346, -0.379559865057001, 1.592037444044399, -0.3779296875, -0.6865234375, 0.58203125, -1.5, 13.6875, 102.375
-11318, 2468, -6785, 9392, 80, 291, 1656, -855, -1328, 1228, -0.8404054868088738, -0.41091603341242733, 1.5710251960714887, -0.41748046875, -0.6484375, 0.599609375, 5.0, 18.1875, 103.5
-11466, 2288, -6857, 9204, 143, 352, 1670, -880, -1244, 1244, -0.8284611575668371, -0.44325516122367886, 1.5502941310222733, -0.4296875, -0.607421875, 0.607421875, 8.9375, 22.0, 104.375
-11600, 2101, -6927, 9026, 194, 414, 1611, -882, -1254, 1265, -0.8154664893977488, -0.47505568743205623, 1.5308551971068423, -0.4306640625, -0.6123046875, 0.61767578125, 12.125, 25.875, 100.6875
-11727, 1897, -6986, 8860, 307, 463, 1582, -982, -1290, 1306, -0.799419888644697, -0.50654893966826, 1.5118487717926576, -0.4794921875, -0.6298828125, 0.6376953125, 19.1875, 28.9375, 98.875
-11859, 1668, -7021, 8703, 545, 393, 1592, -1091, -1267, 1213, -0.7776910129345953, -0.5377366763914397, 1.4910745462257324, -0.53271484375, -0.61865234375, 0.59228515625, 34.0625, 24.5625, 99.5
-11996, 1435, -7038, 8541, 588, 329, 1622, -1122, -1131, 1136, -0.7522798491062677, -0.5677301536917754, 1.4669083861292866, -0.5478515625, -0.55224609375, 0.5546875, 36.75, 20.5625, 101.375
-12127, 1230, -7065, 8364, 392, 304, 1608, -1094, -958, 1159, -0.729443759128905, -0.5964340772903671, 1.4412410729078342, -0.5341796875, -0.4677734375, 0.56591796875, 24.5, 19.0, 100.5
-12249, 1056, -7114, 8167, 126, 319, 1575, -1117, -922, 1177, -0.7109012283285823, -0.6248585901123643, 1.4148543197875618, -0.54541015625, -0.4501953125, 0.57470703125, 7.875, 19.9375, 98.4375
-12359, 903, -7170, 7967, 32, 330, 1534, -1160, -971, 1182, -0.694419461829475, -0.651808330606602, 1.3885825542509698, -0.56640625, -0.47412109375, 0.5771484375, 2.0, 20.625, 95.875
-12456, 743, -7220, 7785, 147, 348, 1461, -1225, -1017, 1187, -0.6764785964901754, -0.6776345283974847, 1.3638708192881954, -0.59814453125, -0.49658203125, 0.57958984375, 9.1875, 21.75, 91.3125
-12546, 553, -7255, 7623, 359, 368, 1410, -1313, -965, 1158, -0.6535440860799102, -0.7033193940644986, 1.3394634449791116, -0.64111328125, -0.47119140625, 0.5654296875, 22.4375, 23.0, 88.125
-12630, 340, -7278, 7473, 531, 359, 1394, -1402, -915, 1123, -0.6261873941604107, -0.7287468253541703, 1.3143067212863524, -0.6845703125, -0.44677734375, 0.54833984375, 33.1875, 22.4375, 87.125
-12713, 126, -7290, 7326, 570, 307, 1364, -1445, -837, 1085, -0.5962405606845107, -0.7527190587113239, 1.2872869722266556, -0.70556640625, -0.40869140625, 0.52978515625, 35.625, 19.1875, 85.25
-12797, -76, -7293, 7175, 510, 249, 1353, -1411, -726, 1080, -0.5649167137900252, -0.7745779187462725, 1.2576709584765666, -0.68896484375, -0.3544921875, 0.52734375, 31.875, 15.5625, 84.5625
-12883, -260, -7302, 7007, 359, 241, 1373, -1417, -635, 1090, -0.5341831049000332, -0.7958550839705043, 1.225377821407211, -0.69189453125, -0.31005859375, 0.5322265625, 22.4375, 15.0625, 85.8125
-12964, -430, -7317, 6831, 281, 262, 1392, -1438, -660, 1131, -0.504139647974319, -0.8163179674742903, 1.191780914131352, -0.7021484375, -0.322265625, 0.55224609375, 17.5625, 16.375, 87.0
-13042, -603, -7321, 6664, 334, 255, 1365, -1477, -637, 1193, -0.47153357471171947, -0.8350415224648167, 1.1571736493419895, -0.72119140625, -0.31103515625, 0.58251953125, 20.875, 15.9375, 85.3125
-13115, -787, -7316, 6504, 437, 186, 1344, -1541, -579, 1079, -0.43553605852968613, -0.8526324769059527, 1.121116851217996, -0.75244140625, -0.28271484375, 0.52685546875, 27.3125, 11.625, 84.0
-13193, -966, -7299, 6340, 430, 119, 1354, -1528, -501, 1071, -0.3968560918264034, -0.8680801515837341, 1.0818841008083013, -0.74609375, -0.24462890625, 0.52294921875, 26.875, 7.4375, 84.625
-13271, -1122, -7286, 6164, 263, 101, 1335, -1534, -399, 1085, -0.35952177680365294, -0.8818929366692999, 1.0408226084226042, -0.7490234375, -0.19482421875, 0.52978515625, 16.4375, 6.3125, 83.4375
-13350, -1266, -7270, 5980, 203, 69, 1357, -1530, -368, 1084, -0.3215941862176392, -0.8938964837097775, 0.9974582241117491, -0.7470703125, -0.1796875, 0.529296875, 12.6875, 4.3125, 84.8125
-13426, -1399, -7259, 5791, 118, 82, 1340, -1573, -316, 1111, -0.28433520169612286, -0.9051054956348961, 0.9534220850046506, -0.76806640625, -0.154296875, 0.54248046875, 7.375, 5.125, 83.75
-13497, -1531, -7248, 5605, 162, 84, 1349, -1569, -353, 1078, -0.24647357999501238, -0.9153857208080244, 0.9091787845036756, -0.76611328125, -0.17236328125, 0.5263671875, 10.125, 5.25, 84.3125
-13562, -1672, -7227, 5431, 240, 70, 1305, -1552, -276, 1076, -0.2063114881722788, -0.9238142269723992, 0.8648283834891426, -0.7578125, -0.134765625, 0.525390625, 15.0, 4.375, 81.5625
-13623, -1825, -7199, 5263, 311, 48, 1270, -1626, -171, 1077, -0.163295297153202, -0.931064380148905, 0.8195273001850091, -0.7939453125, -0.08349609375, 0.52587890625, 19.4375, 3.0, 79.375
-13684, -1976, -7166, 5093, 295, 27, 1275, -1629, -109, 1081, -0.11919748596120726, -0.9366561902596398, 0.7729950512442778, -0.79541015625, -0.05322265625, 0.52783203125, 18.4375, 1.6875, 79.6875
-13741, -2115, -7131, 4930, 278, 19, 1225, -1595, -91, 1093, -0.07708559755484429, -0.9403210348498544, 0.7281706586384882, -0.77880859375, -0.04443359375, 0.53369140625, 17.375, 1.1875, 76.5625
-13791, -2250, -7100, 4772, 260, 39, 1169, -1596, -26, 1080, -0.03619526843494089, -0.9433488476326983, 0.6847209302790624, -0.779296875, -0.0126953125, 0.52734375, 16.25, 2.4375, 73.0625
-13839, -2385, -7065, 4621, 274, 18, 1123, -1643, 53, 1113, 0.004562058686310104, -0.9451343725609153, 0.6423573528637899, -0.80224609375, 0.02587890625, 0.54345703125, 17.125, 1.125, 70.1875
-13885, -2525, -7024, 4467, 297, -12, 1149, -1677, 106, 1083, 0.04688482198860459, -0.9453098972955769, 0.5986316996621932, -0.81884765625, 0.0517578125, 0.52880859375, 18.5625, -0.75, 71.8125
-13930, -2652, -6984, 4315, 263, 0, 1129, -1571, 88, 1083, 0.08658999788503463, -0.9443317899511806, 0.5566866441522987, -0.76708984375, 0.04296875, 0.52880859375, 16.4375, 0.0, 70.5625
-13966, -2775, -6944, 4180, 291, 5, 1031, -1565, 124, 1076, 0.12363165359527394, -0.9424141808877664, 0.5186009185390299, -0.76416015625, 0.060546875, 0.525390625, 18.1875, 0.3125, 64.4375
-14001, -2894, -6905, 4048, 267, -3, 989, -1621, 209, 1102, 0.15941983760412973, -0.9400404702379891, 0.4819144901359009, -0.79150390625, 0.10205078125, 0.5380859375, 16.6875, -0.1875, 61.8125
-14037, -3000, -6863, 3915, 193, -32, 948, -1630, 291, 1125, 0.19270102424752947, -0.936123436307572, 0.44646411151420096, -0.7958984375, 0.14208984375, 0.54931640625, 12.0625, -2.0, 59.25
-14077, -3094, -6818, 3774, 104, -59, 946, -1620, 379, 1129, 0.2242006251050421, -0.9307747654005635, 0.411039495717563, -0.791015625, 0.18505859375, 0.55126953125, 6.5, -3.6875, 59.125
-14119, -3171, -6776, 3624, 13, -49, 976, -1559, 347, 1129, 0.252818008508962, -0.9246656174269184, 0.37605443369317626, -0.76123046875, 0.16943359375, 0.55126953125, 0.8125, -3.0625, 61.0
-14154, -3254, -6735, 3490, 115, -16, 942, -1572, 298, 1184, 0.28053543507847867, -0.9187688020743501, 0.3441452327236391, -0.767578125, 0.1455078125, 0.578125, 7.1875, -1.0, 58.875
-14176, -3373, -6689, 3376, 353, -15, 921, -1619, 338, 1173, 0.31251430606329383, -0.9129812858114688, 0.3133158843633428, -0.79052734375, 0.1650390625, 0.57275390625, 22.0625, -0.9375, 57.5625
-14190, -3514, -6637, 3269, 472, -37, 913, -1618, 434, 1101, 0.34728582363920585, -0.9063774745048855, 0.28243182742760786, -0.7900390625, 0.2119140625, 0.53759765625, 29.5, -2.3125, 57.0625
-14206, -3652, -6584, 3156, 415, -39, 910, -1561, 533, 1063, 0.3814909136456298, -0.8990615510540225, 0.25150873200002355, -0.76220703125, 0.26025390625, 0.51904296875, 25.9375, -2.4375, 56.875
-14226, -3761, -6539, 3031, 239, -21, 891, -1523, 574, 1068, 0.41088264091096094, -0.8915000066066994, 0.22148301657214906, -0.74365234375, 0.2802734375, 0.521484375, 14.9375, -1.3125, 55.6875
-14246, -3844, -6502, 2907, 130, -8, 860, -1547, 531, 1079, 0.4350275437003332, -0.8841638113318606, 0.19418288150247648, -0.75537109375, 0.25927734375, 0.52685546875, 8.125, -0.5, 53.75
-14262, -3926, -6469, 2793, 167, 15, 817, -1514, 494, 1084, 0.45787767349308983, -0.8774241108827616, 0.16907682445866115, -0.7392578125, 0.2412109375, 0.529296875, 10.4375, 0.9375, 51.0625
-14268, -4017, -6438, 2702, 277, 18, 728, -1505, 504, 1064, 0.4802340420096019, -0.8714435084898107, 0.1474058235148796, -0.73486328125, 0.24609375, 0.51953125, 17.3125, 1.125, 45.5
-14266, -4124, -6407, 2623, 367, 21, 667, -1512, 606, 1032, 0.5042437161788341, -0.8657703653878649, 0.12676486860915215, -0.73828125, 0.2958984375, 0.50390625, 22.9375, 1.3125, 41.6875
-14264, -4216, -6381, 2551, 293, 38, 560, -1465, 689, 1030, 0.5249715672751023, -0.8606590841210784, 0.10860471379868705, -0.71533203125, 0.33642578125, 0.5029296875, 18.3125, 2.375, 35.0
-14261, -4285, -6368, 2483, 167, 59, 478, -1491, 705, 1003, 0.541527913207221, -0.8570109177901132, 0.09256997388693297, -0.72802734375, 0.34423828125, 0.48974609375, 10.4375, 3.6875, 29.875
-14261, -4319, -6369, 2423, 4, 71, 353, -1515, 725, 1003, 0.5517269820423001, -0.8551868132006178, 0.08010256010876057, -0.73974609375, 0.35400390625, 0.48974609375, 0.25, 4.4375, 22.0625
-14260, -4341, -6374, 2372, -30, 70, 282, -1523, 707, 1015, 0.559248927639384, -0.8540161585175801, 0.06986047103812722, -0.74365234375, 0.34521484375, 0.49560546875, -1.875, 4.375, 17.625
-14256, -4371, -6377, 2332, 23, 66, 228, -1523, 768, 1018, 0.5673705963585579, -0.8530367568495204, 0.060881644823578426, -0.74365234375, 0.375, 0.4970703125, 1.4375, 4.125, 14.25
-14250, -4398, -6384, 2300, 23, 67, 174, -1532, 794, 1008, 0.5745747275649876, -0.8528523069634034, 0.05323362023798234, -0.748046875, 0.3876953125, 0.4921875, 1.4375, 4.1875, 10.875
-14244, -4420, -6392, 2276, 12, 61, 117, -1521, 804, 1008, 0.580410766949719, -0.8530807569158297, 0.04721719577067258, -0.74267578125, 0.392578125, 0.4921875, 0.75, 3.8125, 7.3125
-14238, -4439, -6399, 2256, 12, 46, 89, -1532, 815, 998, 0.5853862699074435, -0.8532595214960337, 0.04211304556541033, -0.748046875, 0.39794921875, 0.4873046875, 0.75, 2.875, 5.5625
-14235, -4449, -6404, 2243, -21, 21, 43, -1516, 810, 1013, 0.5882421175798279, -0.8534487835589308, 0.03896740318414521, -0.740234375, 0.3955078125, 0.49462890625, -1.3125, 1.3125, 2.6875
-14233, -4452, -6410, 2233, -53, 7, 20, -1529, 806, 1004, 0.5896902018396583, -0.8538432709957787, 0.03679806365898772, -0.74658203125, 0.3935546875, 0.490234375, -3.3125, 0.4375, 1.25
-14232, -4447, -6417, 2228, -73, -4, -22, -1523, 785, 998, 0.5894181345953922, -0.8545217502768855, 0.036004487508065244, -0.74365234375, 0.38330078125, 0.4873046875, -4.5625, -0.25, -1.375
-14234, -4434, -6421, 2226, -113, -24, -51, -1517, 800, 1019, 0.5873885717657495, -0.8548842444963555, 0.03649458655328656, -0.74072265625, 0.390625, 0.49755859375, -7.0625, -1.5, -3.1875
-14238, -4417, -6424, 2227, -123, -48, -65, -1527, 786, 1019, 0.5844398431267394, -0.8552813591245042, 0.03786349526664991, -0.74560546875, 0.3837890625, 0.49755859375, -7.6875, -3.0, -4.0625
-14242, -4398, -6426, 2233, -106, -58, -76, -1503, 720, 1010, 0.5807465715998548, -0.8557159483915476, 0.04024344173589598, -0.73388671875, 0.3515625, 0.4931640625, -6.625, -3.625, -4.75
-14244, -4380, -6429, 2249, -70, -66, -107, -1527, 696, 1011, 0.5766047021041408, -0.8566877022305085, 0.044100252419656275, -0.74560546875, 0.33984375, 0.49365234375, -4.375, -4.125, -6.6875
-14246, -4368, -6427, 2269, -31, -94, -114, -1546, 710, 1029, 0.573063042181213, -0.8571967869299604, 0.04839985216302341, -0.7548828125, 0.3466796875, 0.50244140625, -1.9375, -5.875, -7.125
-14248, -4365, -6417, 2286, 13, -116, -77, -1506, 708, 1018, 0.5709589996983186, -0.8564887605124203, 0.05188952502159964, -0.7353515625, 0.345703125, 0.4970703125, 0.8125, -7.25, -4.8125
-14254, -4354, -6406, 2302, -29, -125, -72, -1521, 695, 1042, 0.5675163031810558, -0.8556501126907712, 0.05593714133197092, -0.74267578125, 0.33935546875, 0.5087890625, -1.8125, -7.8125, -4.5
-14263, -4332, -6394, 2319, -73, -146, -92, -1502, 661, 1050, 0.5620102836065874, -0.8546224090554023, 0.061057355670051536, -0.7333984375, 0.32275390625, 0.5126953125, -4.5625, -9.125, -5.75
-14276, -4305, -6377, 2334, -99, -170, -80, -1504, 643, 1077, 0.5555996673166268, -0.8528355674931959, 0.06649579976728917, -0.734375, 0.31396484375, 0.52587890625, -6.1875, -10.625, -5.0
-14290, -4283, -6356, 2344, -92, -184, -47, -1501, 669, 1084, 0.5503037545223318, -0.8503550324699036, 0.07090315144787959, -0.73291015625, 0.32666015625, 0.529296875, -5.75, -11.5, -2.9375
-14306, -4258, -6335, 2350, -108, -188, -18, -1509, 640, 1089, 0.5448100075464231, -0.8477412647825342, 0.07488729816946946, -0.73681640625, 0.3125, 0.53173828125, -6.75, -11.75, -1.125
-14323, -4239, -6309, 2357, -65, -198, 3, -1484, 604, 1108, 0.5402060210915144, -0.8445976274437411, 0.07878722380309419, -0.724609375, 0.294921875, 0.541015625, -4.0625, -12.375, 0.1875
-14337, -4230, -6279, 2363, -13, -212, 33, -1507, 624, 1114, 0.5372469994925573, -0.8408175296391495, 0.0818514145405128, -0.73583984375, 0.3046875, 0.5439453125, -0.8125, -13.25, 2.0625
-14352, -4227, -6246, 2366, 1, -222, 57, -1481, 631, 1102, 0.5355111786880691, -0.8366504161466005, 0.0841133253315896, -0.72314453125, 0.30810546875, 0.5380859375, 0.0625, -13.875, 3.5625
-14369, -4216, -6213, 2368, -31, -230, 61, -1458, 593, 1096, 0.5324689735721123, -0.8323723910408788, 0.08679259040316865, -0.7119140625, 0.28955078125, 0.53515625, -1.9375, -14.375, 3.8125
-14387, -4203, -6179, 2371, -33, -240, 60, -1476, 586, 1119, 0.5290342333134667, -0.8280052049892375, 0.08979981886068168, -0.720703125, 0.2861328125, 0.54638671875, -2.0625, -15.0, 3.75
-14406, -4193, -6142, 2372, -36, -256, 69, -1448, 603, 1096, 0.5262131132347346, -0.823224186818595, 0.09237296125635856, -0.70703125, 0.29443359375, 0.53515625, -2.25, -16.0, 4.3125
-14426, -4172, -6108, 2372, -78, -256, 72, -1443, 551, 1096, 0.5216643048938147, -0.8186605086939418, 0.0954099583152792, -0.70458984375, 0.26904296875, 0.53515625, -4.875, -16.0, 4.5
-14446, -4157, -6070, 2374, -51, -283, 78, -1458, 557, 1100, 0.5179676875489158, -0.8137218748356593, 0.09846099530704658, -0.7119140625, 0.27197265625, 0.537109375, -3.1875, -17.6875, 4.875
-14469, -4144, -6024, 2376, -27, -315, 91, -1413, 547, 1107, 0.5144661522817284, -0.8077897639538475, 0.10166929203410632, -0.68994140625, 0.26708984375, 0.54052734375, -1.6875, -19.6875, 5.6875
-14491, -4139, -5973, 2378, 14, -348, 122, -1413, 538, 1089, 0.5122169215569142, -0.8012346620032065, 0.10444956872474338, -0.68994140625, 0.2626953125, 0.53173828125, 0.875, -21.75, 7.625
-14519, -4132, -5912, 2373, -18, -388, 153, -1402, 584, 1119, 0.5098907088193521, -0.7931761172643909, 0.10666067561557163, -0.6845703125, 0.28515625, 0.54638671875, -1.125, -24.25, 9.5625
-14549, -4128, -5846, 2362, -25, -417, 194, -1368, 585, 1098, 0.5083681395602014, -0.7843189893433933, 0.10790162574368818, -0.66796875, 0.28564453125, 0.5361328125, -1.5625, -26.0625, 12.125
-14580, -4121, -5778, 2350, -29, -440, 218, -1361, 543, 1078, 0.5063933679856851, -0.7751385890651432, 0.109225378358574, -0.66455078125, 0.26513671875, 0.5263671875, -1.8125, -27.5, 13.625
-14612, -4119, -5701, 2339, 7, -485, 239, -1361, 540, 1108, 0.5050111422932867, -0.7648617197242491, 0.11066866484777367, -0.66455078125, 0.263671875, 0.541015625, 0.4375, -30.3125, 14.9375
-14644, -4130, -5616, 2330, 70, -524, 253, -1323, 564, 1073, 0.5055532944462674, -0.7538314586005928, 0.1118856383900553, -0.64599609375, 0.275390625, 0.52392578125, 4.375, -32.75, 15.8125
-14678, -4134, -5526, 2322, 43, -553, 248, -1282, 561, 1083, 0.5048127655068416, -0.7421044628751758, 0.11383982470822437, -0.6259765625, 0.27392578125, 0.52880859375, 2.6875, -34.5625, 15.5
-14716, -4137, -5427, 2310, 11, -597, 253, -1274, 633, 1118, 0.5040326001083739, -0.7291452075457726, 0.11556982483275875, -0.6220703125, 0.30908203125, 0.5458984375, 0.6875, -37.3125, 15.8125
-14755, -4132, -5328, 2301, -23, -616, 236, -1235, 599, 1086, 0.5019062343910428, -0.7162527366462688, 0.11817062664146154, -0.60302734375, 0.29248046875, 0.5302734375, -1.4375, -38.5, 14.75
-14791, -4125, -5232, 2303, 13, -617, 192, -1232, 555, 1112, 0.4990578480208505, -0.7041077570237269, 0.12231000949184402, -0.6015625, 0.27099609375, 0.54296875, 0.8125, -38.5625, 12.0
-14823, -4143, -5118, 2316, 152, -680, 171, -1197, 636, 1149, 0.4993361425893126, -0.6902389033449435, 0.12717088802657955, -0.58447265625, 0.310546875, 0.56103515625, 9.5, -42.5, 10.6875
-14850, -4186, -4993, 2339, 307, -721, 161, -1147, 665, 1142, 0.5029492700311811, -0.6756186204671999, 0.13246841381551464, -0.56005859375, 0.32470703125, 0.5576171875, 19.1875, -45.0625, 10.0625
-14876, -4243, -4854, 2366, 391, -749, 169, -1088, 716, 1210, 0.5084188814836238, -0.6595840672153521, 0.13809606103889802, -0.53125, 0.349609375, 0.5908203125, 24.4375, -46.8125, 10.5625
-14897, -4311, -4714, 2393, 434, -743, 173, -1081, 781, 1214, 0.5156085276649192, -0.6435946559771137, 0.14323500007829146, -0.52783203125, 0.38134765625, 0.5927734375, 27.125, -46.4375, 10.8125
-14918, -4366, -4582, 2419, 376, -728, 159, -1099, 768, 1220, 0.5210799397827784, -0.6285435250752046, 0.1486705484422619, -0.53662109375, 0.375, 0.595703125, 23.5, -45.5, 9.9375
-14940, -4425, -4440, 2444, 365, -797, 177, -1081, 828, 1164, 0.5271786816831141, -0.6123592603626827, 0.1541726843705052, -0.52783203125, 0.404296875, 0.568359375, 22.8125, -49.8125, 11.0625
-14974, -4467, -4271, 2462, 311, -900, 239, -983, 798, 1285, 0.5308726416901981, -0.5924965131762173, 0.16043829183809602, -0.47998046875, 0.3896484375, 0.62744140625, 19.4375, -56.25, 14.9375
-15007, -4535, -4073, 2470, 438, -970, 328, -944, 949, 1417, 0.5385927971904174, -0.5690867421153714, 0.16522124765820534, -0.4609375, 0.46337890625, 0.69189453125, 27.375, -60.625, 20.5
-15038, -4605, -3879, 2463, 389, -985, 418, -1013, 1016, 1370, 0.5472736125545947, -0.5458158862293518, 0.16794325959598577, -0.49462890625, 0.49609375, 0.6689453125, 24.3125, -61.5625, 26.125
-15075, -4655, -3682, 2447, 313, -1021, 480, -916, 861, 1257, 0.5534582023587312, -0.5217764678914152, 0.17054587394999957, -0.447265625, 0.42041015625, 0.61376953125, 19.5625, -63.8125, 30.0
-15112, -4717, -3448, 2436, 459, -1140, 527, -819, 851, 1445, 0.5610002162814733, -0.49363834185549815, 0.174741641668301, -0.39990234375, 0.41552734375, 0.70556640625, 28.6875, -71.25, 32.9375
-15136, -4835, -3186, 2416, 730, -1220, 637, -764, 1007, 1400, 0.576631716896704, -0.46265378061436274, 0.17713302356499436, -0.373046875, 0.49169921875, 0.68359375, 45.625, -76.25, 39.8125
-15163, -4930, -2928, 2376, 525, -1206, 701, -681, 1080, 1290, 0.5896192495149016, -0.43130771153785163, 0.17803157331553005, -0.33251953125, 0.52734375, 0.6298828125, 32.8125, -75.375, 43.8125
-15202, -4974, -2680, 2331, 292, -1204, 702, -582, 871, 1201, 0.5958874219267933, -0.40055747828990723, 0.17982269138338644, -0.2841796875, 0.42529296875, 0.58642578125, 18.25, -75.25, 43.875
-15245, -5001, -2400, 2295, 322, -1337, 707, -490, 815, 1419, 0.599735555589079, -0.36624751981193293, 0.18445868367258544, -0.2392578125, 0.39794921875, 0.69287109375, 20.125, -83.5625, 44.1875
-15270, -5078, -2099, 2254, 583, -1367, 754, -380, 936, 1416, 0.610673212900754, -0.3300411338019137, 0.18823306366419781, -0.185546875, 0.45703125, 0.69140625, 36.4375, -85.4375, 47.125
-15287, -5160, -1812, 2201, 524, -1302, 785, -389, 1117, 1367, 0.6226983084558834, -0.295270700506498, 0.19036066812649002, -0.18994140625, 0.54541015625, 0.66748046875, 32.75, -81.375, 49.0625
-15315, -5191, -1533, 2145, 263, -1315, 789, -323, 966, 1242, 0.6282074625558001, -0.26083137090202324, 0.19315761780060078, -0.15771484375, 0.4716796875, 0.6064453125, 16.4375, -82.1875, 49.3125
-15349, -5196, -1218, 2096, 271, -1473, 800, -185, 839, 1481, 0.6306601224693025, -0.2222574630533608, 0.19870316900137033, -0.09033203125, 0.40966796875, 0.72314453125, 16.9375, -92.0625, 50.0
-15359, -5259, -881, 2029, 517, -1483, 887, -51, 1118, 1457, 0.6413624325830333, -0.1813091178464721, 0.20233708527524327, -0.02490234375, 0.5458984375, 0.71142578125, 32.3125, -92.6875, 55.4375
-15373, -5292, -574, 1950, 284, -1361, 908, -21, 1105, 1301, 0.6484533759073858, -0.14311828264362944, 0.20420557046537785, -0.01025390625, 0.53955078125, 0.63525390625, 17.75, -85.0625, 56.75
-15399, -5262, -287, 1888, -5, -1334, 790, 44, 827, 1157, 0.647413540486929, -0.10715181951555026, 0.2080427059132241, 0.021484375, 0.40380859375, 0.56494140625, -0.3125, -83.375, 49.375
-15424, -5209, 21, 1853, -15, -1482, 675, 128, 860, 1501, 0.6439182939890142, -0.06955787158652119, 0.2159496422610471, 0.0625, 0.419921875, 0.73291015625, -0.9375, -92.625, 42.1875
-15422, -5216, 339, 1812, 245, -1515, 720, 119, 1167, 1553, 0.6487686298819848, -0.0314714852758902, 0.22333988667372145, 0.05810546875, 0.56982421875, 0.75830078125, 15.3125, -94.6875, 45.0
-15426, -5200, 648, 1747, 26, -1462, 851, 158, 1301, 1467, 0.651123904567521, 0.00679235912877875, 0.22786395741840787, 0.0771484375, 0.63525390625, 0.71630859375, 1.625, -91.375, 53.1875
-15445, -5115, 958, 1680, -247, -1443, 843, 347, 1025, 1472, 0.6450408982118351, 0.04623323993421046, 0.23215913728685425, 0.16943359375, 0.50048828125, 0.71875, -15.4375, -90.1875, 52.6875
-15449, -5053, 1281, 1617, -2, -1495, 810, 488, 962, 1666, 0.6426168815524397, 0.08668028704446973, 0.23745775075749387, 0.23828125, 0.4697265625, 0.8134765625, -0.125, -93.4375, 50.625
-15416, -5080, 1618, 1538, 437, -1508, 866, 570, 1229, 1657, 0.6522554354045889, 0.12797786128543803, 0.24221412272464143, 0.2783203125, 0.60009765625, 0.80908203125, 27.3125, -94.25, 54.125
-15376, -5114, 1946, 1448, 415, -1464, 922, 599, 1317, 1525, 0.6631054902495449, 0.1685589752747562, 0.2459520976069756, 0.29248046875, 0.64306640625, 0.74462890625, 25.9375, -91.5, 57.625
-15340, -5110, 2267, 1367, 278, -1426, 853, 731, 1115, 1473, 0.6694679999479195, 0.20856344448505115, 0.2505325181843216, 0.35693359375, 0.54443359375, 0.71923828125, 17.375, -89.125, 53.3125
-15293, -5121, 2582, 1297, 406, -1425, 762, 862, 1188, 1664, 0.6783604183878977, 0.2472218846437046, 0.2568338210871735, 0.4208984375, 0.580078125, 0.8125, 25.375, -89.0625, 47.625
-15229, -5173, 2876, 1229, 578, -1325, 689, 895, 1288, 1568, 0.6927050912981947, 0.28270791779215265, 0.26368406820455836, 0.43701171875, 0.62890625, 0.765625, 36.125, -82.8125, 43.0625
-15167, -5210, 3141, 1188, 418, -1254, 546, 866, 1299, 1429, 0.7052400837707569, 0.31395956820121257, 0.27270444477068717, 0.4228515625, 0.63427734375, 0.69775390625, 26.125, -78.375, 34.125
-15109, -5220, 3397, 1178, 269, -1239, 360, 975, 1192, 1370, 0.7150765793160636, 0.3432914086034478, 0.2849666186701527, 0.47607421875, 0.58203125, 0.6689453125, 16.8125, -77.4375, 22.5
-15047, -5236, 3640, 1177, 312, -1197, 282, 1086, 1291, 1503, 0.7261205419849684, 0.3705842864405499, 0.2983052793923977, 0.5302734375, 0.63037109375, 0.73388671875, 19.5, -74.8125, 17.625
-14982, -5264, 3856, 1191, 313, -1128, 194, 1040, 1392, 1485, 0.7387063088579189, 0.3938143882333764, 0.31280571231651044, 0.5078125, 0.6796875, 0.72509765625, 19.5625, -70.5, 12.125
-14926, -5260, 4058, 1238, 22, -1140, 95, 958, 1453, 1345, 0.7476997507698753, 0.4145326474340818, 0.3301232794413125, 0.4677734375, 0.70947265625, 0.65673828125, 1.375, -71.25, 5.9375
-14882, -5199, 4270, 1311, -311, -1169, -2, 1126, 1321, 1205, 0.7505961734370341, 0.4363930499787294, 0.3499972735781196, 0.5498046875, 0.64501953125, 0.58837890625, -19.4375, -73.0625, -0.125
-14838, -5134, 4474, 1380, -235, -1107, -64, 1267, 1127, 1282, 0.7531483091081469, 0.45762820225472867, 0.36914997766534713, 0.61865234375, 0.55029296875, 0.6259765625, -14.6875, -69.1875, -4.0
-14782, -5118, 4656, 1436, 57, -1052, -55, 1205, 1266, 1444, 0.7616592086956302, 0.4757761065869863, 0.387241237754682, 0.58837890625, 0.6181640625, 0.705078125, 3.5625, -65.75, -3.4375
-14714, -5126, 4839, 1505, 152, -1135, -102, 1091, 1339, 1400, 0.7745198995538708, 0.49270475638840283, 0.4082613316646637, 0.53271484375, 0.65380859375, 0.68359375, 9.5, -70.9375, -6.375
-14642, -5123, 5031, 1580, 38, -1156, -98, 1148, 1359, 1226, 0.7871993035037949, 0.5104057312203478, 0.4308238201646247, 0.560546875, 0.66357421875, 0.5986328125, 2.375, -72.25, -6.125
-14577, -5112, 5210, 1638, 59, -1029, -78, 1266, 1236, 1209, 0.7982670511382877, 0.5275939833776445, 0.4506541313709055, 0.6181640625, 0.603515625, 0.59033203125, 3.6875, -64.3125, -4.875
-14508, -5124, 5373, 1685, 179, -973, -42, 1187, 1315, 1223, 0.8118513871916435, 0.5427070302333199, 0.4692705559819525, 0.57958984375, 0.64208984375, 0.59716796875, 11.1875, -60.8125, -2.625
-14508, -5124, 5373, 1685, 179, -973, -42, 1187, 1315, 1223, 0.8118513871916435, 0.5427070302333199, 0.4692705559819525, 0.57958984375, 0.64208984375, 0.59716796875, 11.1875, -60.8125, -2.625
