-6437, -2431, 5456, 13832, 145, -12, -94, -103, 1251, 1431, 0.7462719975872796, 0.011136463997434731, 2.274832411912026, -0.05029296875, 0.61083984375, 0.69873046875, 9.0625, -0.75, -5.875
-6429, -2428, 5489, 13823, 119, -75, -4, 79, 1443, 1396, 0.7500404195704522, 0.012864057868394957, 2.2759754761502458, 0.03857421875, 0.70458984375, 0.681640625, 7.4375, -4.6875, -0.25
-6430, -2415, 5481, 13828, -89, -37, 1, 53, 1364, 1446, 0.7483789079065498, 0.013770672786307085, 2.2764779083988316, 0.02587890625, 0.666015625, 0.7060546875, -5.5625, -2.3125, 0.0625
-6428, -2409, 5471, 13834, -57, -14, -21, 32, 1322, 1466, 0.7468640909198123, 0.0137205405440847, 2.277020698547802, 0.015625, 0.6455078125, 0.7158203125, -3.5625, -0.875, -1.3125
-6428, -2409, 5470, 13834, 9, -15, 2, 22, 1316, 1457, 0.7467330632496472, 0.013672643719431738, 2.2769703184758145, 0.0107421875, 0.642578125, 0.71142578125, 0.5625, -0.9375, 0.125
-6423, -2407, 5477, 13834, 26, -25, -21, 41, 1333, 1422, 0.7474656097669179, 0.014010030878121535, 2.2777106881651097, 0.02001953125, 0.65087890625, 0.6943359375, 1.625, -1.5625, -1.3125
-6419, -2405, 5481, 13834, 13, -32, -10, 22, 1352, 1445, 0.7478185242867376, 0.014244270704282537, 2.2782333754303665, 0.0107421875, 0.66015625, 0.70556640625, 0.8125, -2.0, -0.625
-6419, -2400, 5481, 13835, -20, -16, 4, 37, 1330, 1426, 0.7475513806861533, 0.014741798227297957, 2.2784917359102743, 0.01806640625, 0.6494140625, 0.6962890625, -1.25, -1.0, 0.25
-6419, -2401, 5481, 13835, -6, -15, 7, 22, 1346, 1413, 0.7476107793050588, 0.014638708321310522, 2.2784651827895104, 0.0107421875, 0.6572265625, 0.68994140625, -0.375, -0.9375, 0.4375
-6419, -2394, 5476, 13838, -50, -25, 1, 30, 1327, 1422, 0.7466294149560949, 0.015067670665776658, 2.2787756430078754, 0.0146484375, 0.64794921875, 0.6943359375, -3.125, -1.5625, 0.0625
-6420, -2385, 5473, 13841, -26, -26, 5, 51, 1300, 1441, 0.745805333753613, 0.01583966536698073, 2.279172869280494, 0.02490234375, 0.634765625, 0.70361328125, -1.625, -1.625, 0.3125
-6420, -2385, 5473, 13841, 13, -7, 1, 36, 1322, 1432, 0.745805333753613, 0.01583966536698073, 2.279172869280494, 0.017578125, 0.6455078125, 0.69921875, 0.8125, -0.4375, 0.0625
-6420, -2386, 5474, 13840, -10, -4, 11, 32, 1358, 1424, 0.7459657473960078, 0.015802146998327, 2.279071188497641, 0.015625, 0.6630859375, 0.6953125, -0.625, -0.25, 0.6875
-6423, -2382, 5468, 13842, -43, 5, 11, 41, 1334, 1440, 0.7450412431193045, 0.016014366387018787, 2.2789248431752034, 0.02001953125, 0.6513671875, 0.703125, -2.6875, 0.3125, 0.6875
-6427, -2380, 5466, 13841, -25, 0, 23, 28, 1328, 1427, 0.7446828481176403, 0.016305588003623805, 2.278483217076776, 0.013671875, 0.6484375, 0.69677734375, -1.5625, 0.0, 1.4375
-6431, -2380, 5459, 13842, -36, 24, 8, 32, 1328, 1445, 0.7438478384355766, 0.016115327331254335, 2.277988274191825, 0.015625, 0.6484375, 0.70556640625, -2.25, 1.5, 0.5
-6429, -2389, 5453, 13844, -9, 46, -32, 19, 1319, 1434, 0.7436296274655243, 0.014782646760974155, 2.277834375458199, 0.00927734375, 0.64404296875, 0.7001953125, -0.5625, 2.875, -2.0
-6416, -2401, 5465, 13843, 102, -6, -62, -5, 1324, 1450, 0.7457135066727433, 0.013608138042314394, 2.27886579383514, -0.00244140625, 0.646484375, 0.7080078125, 6.375, -0.375, -3.875
-6403, -2397, 5471, 13847, -4, -62, -52, 15, 1360, 1412, 0.7462116008038246, 0.013706174473900778, 2.2806485445118136, 0.00732421875, 0.6640625, 0.689453125, -0.25, -3.875, -3.25
-6432, -2359, 5436, 13854, -291, 7, 104, 197, 1325, 1428, 0.7399655922286725, 0.01700875215372563, 2.278828539202993, 0.09619140625, 0.64697265625, 0.697265625, -18.1875, 0.4375, 6.5
-6422, -2389, 5426, 13858, 95, 81, -68, -127, 1167, 1487, 0.7404229320791959, 0.012956996705708634, 2.27871352078545, -0.06201171875, 0.56982421875, 0.72607421875, 5.9375, 5.0625, -4.25
-6409, -2406, 5470, 13843, 237, -14, -34, 54, 1415, 1409, 0.7465737229419424, 0.013046128084144364, 2.2794542077302387, 0.0263671875, 0.69091796875, 0.68798828125, 14.8125, -0.875, -2.125
-6412, -2407, 5473, 13841, -3, 18, 4, 70, 1390, 1435, 0.7470060213370452, 0.013244457323490335, 2.279125952104574, 0.0341796875, 0.6787109375, 0.70068359375, -0.1875, 1.125, 0.25
-6412, -2408, 5462, 13845, -45, 34, -31, 42, 1307, 1462, 0.7457435552184494, 0.0125440072521213, 2.279049500552639, 0.0205078125, 0.63818359375, 0.7138671875, -2.8125, 2.125, -1.9375
-6417, -2407, 5454, 13846, -14, 8, 34, -9, 1289, 1476, 0.7447320825877086, 0.01245021201926399, 2.2784651533606666, -0.00439453125, 0.62939453125, 0.720703125, -0.875, 0.5, 2.125
-6410, -2414, 5462, 13845, 71, 1, -36, 20, 1317, 1457, 0.7460739768408453, 0.011843645297627296, 2.27902486770807, 0.009765625, 0.64306640625, 0.71142578125, 4.4375, 0.0625, -2.25
-6409, -2416, 5470, 13842, 46, 2, -9, 48, 1348, 1450, 0.7471383382373027, 0.012032665095839702, 2.27906340855151, 0.0234375, 0.658203125, 0.7080078125, 2.875, 0.125, -0.5625
-6409, -2416, 5470, 13842, -1, -6, 0, 24, 1343, 1454, 0.7471383382373027, 0.012032665095839702, 2.27906340855151, 0.01171875, 0.65576171875, 0.7099609375, -0.0625, -0.375, 0.0
-6409, -2415, 5464, 13845, -24, 1, -6, 16, 1323, 1469, 0.7463822863991431, 0.011795295102910365, 2.279165744120847, 0.0078125, 0.64599609375, 0.71728515625, -1.5, 0.0625, -0.375
-6409, -2414, 5463, 13845, 6, -11, 2, 33, 1316, 1450, 0.7461917787408164, 0.011850701492634756, 2.27914210243302, 0.01611328125, 0.642578125, 0.7080078125, 0.375, -0.6875, 0.125
-6408, -2414, 5468, 13843, 27, -2, -7, 42, 1339, 1459, 0.7467739474668112, 0.012084703734206496, 2.2792087603403606, 0.0205078125, 0.65380859375, 0.71240234375, 1.6875, -0.125, -0.4375
-6408, -2415, 5468, 13843, 9, 11, 1, 29, 1356, 1410, 0.7468334300976126, 0.01198155787948185, 2.279182249823996, 0.01416015625, 0.662109375, 0.6884765625, 0.5625, 0.6875, 0.0625
-6414, -2408, 5464, 13843, -31, -7, 37, 35, 1331, 1462, 0.745972144512017, 0.01275687247158567, 2.2787643781574163, 0.01708984375, 0.64990234375, 0.7138671875, -1.9375, -0.4375, 2.3125
-6420, -2405, 5464, 13841, -4, 7, 30, 38, 1311, 1432, 0.7458129889964301, 0.013346434982689977, 2.2781901265708684, 0.0185546875, 0.64013671875, 0.69921875, -0.25, 0.4375, 1.875
-6424, -2407, 5471, 13836, 32, -1, 32, 23, 1329, 1414, 0.7467522225531698, 0.01372776828793455, 2.2775928179707323, 0.01123046875, 0.64892578125, 0.6904296875, 2.0, -0.0625, 2.0
-6427, -2407, 5478, 13832, 26, 0, 23, 39, 1341, 1417, 0.7475894445632926, 0.014257034844901107, 2.2772420066178927, 0.01904296875, 0.65478515625, 0.69189453125, 1.625, 0.0, 1.4375
-6429, -2406, 5479, 13831, 12, -1, 16, 29, 1324, 1454, 0.7476573883684284, 0.014507571628367803, 2.277059464361358, 0.01416015625, 0.646484375, 0.7099609375, 0.75, -0.0625, 1.0
-6431, -2406, 5482, 13829, 10, -7, 21, 13, 1357, 1442, 0.7480170869082148, 0.014768839327918146, 2.2768257993123417, 0.00634765625, 0.66259765625, 0.7041015625, 0.625, -0.4375, 1.3125
-6435, -2409, 5468, 13832, -66, 40, 2, 14, 1329, 1444, 0.7465034504923864, 0.013897955784190608, 2.276149884508602, 0.0068359375, 0.64892578125, 0.705078125, -4.125, 2.5, 0.125
-6437, -2421, 5457, 13833, -28, 84, -26, 20, 1327, 1443, 0.7458351247483319, 0.012197022063973781, 2.2752719654922333, 0.009765625, 0.64794921875, 0.70458984375, -1.75, 5.25, -1.625
-6428, -2441, 5468, 13829, 131, 49, -53, -2, 1289, 1441, 0.7482318647462131, 0.010369270594841468, 2.275394675307068, -0.0009765625, 0.62939453125, 0.70361328125, 8.1875, 3.0625, -3.3125
-6405, -2451, 5486, 13831, 70, -71, -84, -70, 1402, 1366, 0.7509417653504058, 0.009224314669936513, 2.2778245522785614, -0.0341796875, 0.6845703125, 0.6669921875, 4.375, -4.4375, -5.25
-6406, -2423, 5468, 13843, -168, -76, -13, 91, 1312, 1422, 0.7472831441540462, 0.011074910955290779, 2.279104405270458, 0.04443359375, 0.640625, 0.6943359375, -10.5, -4.75, -0.8125
-6434, -2375, 5425, 13855, -311, -16, 91, 219, 1251, 1487, 0.739529597274005, 0.014892957298968536, 2.277848756140893, 0.10693359375, 0.61083984375, 0.72607421875, -19.4375, -1.0, 5.6875
-6418, -2401, 5430, 13856, 138, 28, -75, -113, 1214, 1451, 0.7415463413275306, 0.011783246676808018, 2.278614324327668, -0.05517578125, 0.5927734375, 0.70849609375, 8.625, 1.75, -4.6875
-6407, -2416, 5472, 13842, 211, -24, -14, 32, 1451, 1425, 0.7473740642819012, 0.012046628495885253, 2.2792980242896648, 0.015625, 0.70849609375, 0.69580078125, 13.1875, -1.5, -0.875
-6405, -2421, 5474, 13841, -2, 20, -29, 47, 1393, 1436, 0.7478774292325867, 0.011562880741801593, 2.279274406619889, 0.02294921875, 0.68017578125, 0.701171875, -0.125, 1.25, -1.8125
-6407, -2422, 5467, 13843, -25, 25, -3, 29, 1305, 1442, 0.7471057965667359, 0.011171059195057622, 2.2790136688142115, 0.01416015625, 0.63720703125, 0.7041015625, -1.5625, 1.5625, -0.1875
-6407, -2429, 5467, 13842, 37, 15, 5, -29, 1317, 1465, 0.7474930034109727, 0.010467146733246287, 2.2787025739217803, -0.01416015625, 0.64306640625, 0.71533203125, 2.3125, 0.9375, 0.3125
-6401, -2434, 5476, 13840, 77, -4, -30, 29, 1315, 1453, 0.7488311882408933, 0.010172572342408315, 2.279172535010379, 0.01416015625, 0.64208984375, 0.70947265625, 4.8125, -0.25, -1.875
-6401, -2431, 5486, 13836, 45, -22, 9, 56, 1344, 1444, 0.7498440130186175, 0.011031329847218994, 2.2792523220591416, 0.02734375, 0.65625, 0.705078125, 2.8125, -1.375, 0.5625
-6401, -2430, 5486, 13837, -7, -14, 5, 26, 1334, 1454, 0.7498143393989077, 0.011116316380410347, 2.2794044610769935, 0.0126953125, 0.6513671875, 0.7099609375, -0.4375, -0.875, 0.3125
-6401, -2431, 5486, 13837, 5, 1, -11, 1, 1335, 1427, 0.7498739259695906, 0.011013216385491962, 2.279377860615256, 0.00048828125, 0.65185546875, 0.69677734375, 0.3125, 0.0625, -0.6875
-6401, -2431, 5490, 13835, 21, -5, 4, 33, 1332, 1424, 0.7503387996830726, 0.011240219826250864, 2.279328062063759, 0.01611328125, 0.650390625, 0.6953125, 1.3125, -0.3125, 0.25
-6403, -2424, 5493, 13834, -4, -30, 22, 30, 1321, 1408, 0.7503120238040976, 0.012204823402515018, 2.2794058968041435, 0.0146484375, 0.64501953125, 0.6875, -0.25, -1.875, 1.375
-6403, -2424, 5493, 13834, 13, 2, 13, 41, 1338, 1443, 0.7503120238040976, 0.012204823402515018, 2.2794058968041435, 0.02001953125, 0.6533203125, 0.70458984375, 0.8125, 0.125, 0.8125
-6406, -2426, 5496, 13831, -4, 10, 21, 17, 1362, 1399, 0.750774605783103, 0.012318878013892027, 2.278926217413318, 0.00830078125, 0.6650390625, 0.68310546875, -0.25, 0.625, 1.3125
-6412, -2420, 5491, 13831, -41, -2, 28, 36, 1342, 1437, 0.749840486708394, 0.01294404651066875, 2.2784315175612684, 0.017578125, 0.6552734375, 0.70166015625, -2.5625, -0.125, 1.75
-6412, -2420, 5491, 13831, -12, 8, 8, 34, 1314, 1430, 0.749840486708394, 0.01294404651066875, 2.2784315175612684, 0.0166015625, 0.6416015625, 0.6982421875, -0.75, 0.5, 0.5
-6414, -2419, 5495, 13829, 21, -12, 25, 12, 1339, 1441, 0.7502722346806581, 0.013356151405785902, 2.2782749759669394, 0.005859375, 0.65380859375, 0.70361328125, 1.3125, -0.75, 1.5625
-6416, -2413, 5493, 13829, -22, -19, 17, 35, 1347, 1451, 0.749679055204588, 0.013960688308018727, 2.2781996058071723, 0.01708984375, 0.65771484375, 0.70849609375, -1.375, -1.1875, 1.0625
-6419, -2412, 5483, 13833, -53, 18, 3, 22, 1327, 1458, 0.7484671675951917, 0.01363633365531746, 2.2780228075485285, 0.0107421875, 0.64794921875, 0.7119140625, -3.3125, 1.125, 0.1875
-6424, -2415, 5468, 13836, -65, 46, 2, 12, 1324, 1448, 0.7468354204549666, 0.012759405875167025, 2.277230138187226, 0.005859375, 0.646484375, 0.70703125, -4.0625, 2.875, 0.125
-6421, -2424, 5466, 13836, 29, 48, -38, 33, 1304, 1457, 0.7470702391707943, 0.011613644955883967, 2.2770923633705413, 0.01611328125, 0.63671875, 0.71142578125, 1.8125, 3.0, -2.375
-6396, -2443, 5484, 13838, 131, -38, -110, -75, 1332, 1391, 0.7502907389978865, 0.009458131541355785, 2.279419240314691, -0.03662109375, 0.650390625, 0.67919921875, 8.1875, -2.375, -6.875
-6395, -2425, 5477, 13844, -120, -48, -13, 89, 1381, 1402, 0.7484661966815407, 0.010831232549969821, 2.2803668436192117, 0.04345703125, 0.67431640625, 0.6845703125, -7.5, -3.0, -0.8125
-6424, -2373, 5422, 13861, -358, -23, 86, 189, 1225, 1534, 0.7390672953620219, 0.014445501788107266, 2.279177628046349, 0.09228515625, 0.59814453125, 0.7490234375, -22.375, -1.4375, 5.375
-6405, -2405, 5436, 13859, 188, 47, -90, -84, 1231, 1432, 0.7424868745124829, 0.01107689293129837, 2.2800585702191647, -0.041015625, 0.60107421875, 0.69921875, 11.75, 2.9375, -5.625
-6396, -2428, 5484, 13840, 247, -1, -5, 16, 1490, 1398, 0.7494563950613442, 0.010968547456845052, 2.2800693035332125, 0.0078125, 0.7275390625, 0.6826171875, 15.4375, -0.0625, -0.3125
-6398, -2423, 5478, 13842, -63, 11, -10, 75, 1367, 1428, 0.7484582051295224, 0.011243744173578178, 2.2800176406069825, 0.03662109375, 0.66748046875, 0.697265625, -3.9375, 0.6875, -0.625
-6400, -2424, 5467, 13845, -36, 35, -11, 32, 1305, 1471, 0.7471919332315249, 0.01064350434996507, 2.279681787325877, 0.015625, 0.63720703125, 0.71826171875, -2.25, 2.1875, -0.6875
-6403, -2427, 5464, 13845, 17, 1, 24, -39, 1293, 1467, 0.7470172871542732, 0.01031310511514837, 2.2792505902943954, -0.01904296875, 0.63134765625, 0.71630859375, 1.0625, 0.0625, 1.5
-6397, -2429, 5474, 13843, 74, -12, -25, 40, 1338, 1478, 0.7483076066191924, 0.010375350595663553, 2.2798502382573997, 0.01953125, 0.6533203125, 0.7216796875, 4.625, -0.75, -1.5625
-6396, -2432, 5484, 13839, 49, -1, -2, 36, 1358, 1437, 0.7496647120484843, 0.010574180246985549, 2.2798373649058457, 0.017578125, 0.6630859375, 0.70166015625, 3.0625, -0.0625, -0.125
-6400, -2426, 5480, 13840, -39, -16, 26, 18, 1353, 1451, 0.7488656875066277, 0.011147491541211023, 2.279652969186776, 0.0087890625, 0.66064453125, 0.70849609375, -2.4375, -1.0, 1.625
-6398, -2425, 5477, 13842, -24, -10, -9, 10, 1328, 1420, 0.7484461103017049, 0.010989797793476513, 2.2799142870760214, 0.0048828125, 0.6484375, 0.693359375, -1.5, -0.625, -0.5625
-6399, -2421, 5482, 13841, 18, -21, 14, 37, 1324, 1427, 0.748847093155475, 0.011699593242217534, 2.2800790547350127, 0.01806640625, 0.646484375, 0.69677734375, 1.125, -1.3125, 0.875
-6399, -2417, 5489, 13838, 31, -20, 10, 45, 1325, 1428, 0.7494377286701284, 0.012499903807913574, 2.2801612548864676, 0.02197265625, 0.64697265625, 0.697265625, 1.9375, -1.25, 0.625
-6399, -2420, 5494, 13836, 16, -3, 5, 14, 1360, 1414, 0.7502123354065379, 0.012465039825218844, 2.2800822684027753, 0.0068359375, 0.6640625, 0.6904296875, 1.0, -0.1875, 0.3125
-6403, -2416, 5491, 13836, -28, -2, 23, 26, 1339, 1440, 0.7496335400504617, 0.012898035334673322, 2.2797691501798654, 0.0126953125, 0.65380859375, 0.703125, -1.75, -0.125, 1.4375
-6406, -2416, 5489, 13835, -8, 7, 18, 15, 1325, 1428, 0.7493807171128691, 0.012943316292601143, 2.2793415420091367, 0.00732421875, 0.64697265625, 0.697265625, -0.5, 0.4375, 1.125
-6408, -2416, 5493, 13833, 22, -4, 18, 23, 1339, 1438, 0.7498720027277741, 0.013252109741318345, 2.279158104079659, 0.01123046875, 0.65380859375, 0.7021484375, 1.375, -0.25, 1.125
-6408, -2421, 5496, 13831, 31, 8, 2, 13, 1336, 1442, 0.7505032898051127, 0.012916067241682753, 2.2789253353243555, 0.00634765625, 0.65234375, 0.7041015625, 1.9375, 0.5, 0.125
-6408, -2421, 5496, 13831, 3, 7, 14, 31, 1354, 1453, 0.7505032898051127, 0.012916067241682753, 2.2789253353243555, 0.01513671875, 0.6611328125, 0.70947265625, 0.1875, 0.4375, 0.875
-6414, -2423, 5487, 13832, -45, 48, 9, 38, 1351, 1450, 0.7495508423544118, 0.012507481640740973, 2.278141631809353, 0.0185546875, 0.65966796875, 0.7080078125, -2.8125, 3.0, 0.5625
-6423, -2438, 5462, 13834, -80, 136, -12, 19, 1331, 1479, 0.7473493671895158, 0.010096706634667364, 2.2761361567377696, 0.00927734375, 0.64990234375, 0.72216796875, -5.0, 8.5, -0.75
-6422, -2458, 5461, 13832, 63, 91, -30, -6, 1283, 1445, 0.7483432727922851, 0.007983277600539627, 2.2753733429039413, -0.0029296875, 0.62646484375, 0.70556640625, 3.9375, 5.6875, -1.875
-6406, -2476, 5473, 13831, 79, -9, -64, -84, 1360, 1364, 0.7507499884618364, 0.006068401030983134, 2.2764424251389084, -0.041015625, 0.6640625, 0.666015625, 4.9375, -0.5625, -4.0
-6410, -2454, 5454, 13841, -178, -38, 0, 74, 1351, 1417, 0.7472946076093342, 0.0074083737692975955, 2.2770644297944833, 0.0361328125, 0.65966796875, 0.69189453125, -11.125, -2.375, 0.0
-6426, -2416, 5413, 13856, -249, -21, 28, 155, 1213, 1511, 0.7403232033700127, 0.009744336435832494, 2.276838035130238, 0.07568359375, 0.59228515625, 0.73779296875, -15.5625, -1.3125, 1.75
-6410, -2432, 5429, 13855, 153, -10, -71, -41, 1236, 1418, 0.7431259770798828, 0.008229482675848068, 2.2781603557605963, -0.02001953125, 0.603515625, 0.6923828125, 9.5625, -0.625, -4.4375
-6403, -2439, 5469, 13841, 165, -54, 14, 30, 1479, 1400, 0.7482685533605254, 0.009386438872442213, 2.278680449482444, 0.0146484375, 0.72216796875, 0.68359375, 10.3125, -3.375, 0.875
-6406, -2427, 5457, 13846, -106, -12, 2, 54, 1356, 1438, 0.7461700652449044, 0.010083041574268842, 2.2788246244859383, 0.0263671875, 0.662109375, 0.7021484375, -6.625, -0.75, 0.125
-6406, -2430, 5448, 13849, -31, 17, -8, -10, 1315, 1467, 0.7452601220814705, 0.009289651610600533, 2.2786728904387905, -0.0048828125, 0.64208984375, 0.71630859375, -1.9375, 1.0625, -0.5
-6406, -2439, 5450, 13847, 40, 19, 5, -30, 1319, 1451, 0.7459993614307848, 0.00849277304622046, 2.2782835853567596, -0.0146484375, 0.64404296875, 0.70849609375, 2.5, 1.1875, 0.3125
-6402, -2444, 5458, 13845, 62, 11, -23, 35, 1341, 1460, 0.7472323214336112, 0.008232507714041925, 2.2785676954804375, 0.01708984375, 0.65478515625, 0.712890625, 3.875, 0.6875, -1.4375
-6408, -2439, 5455, 13844, -2, 5, 26, 49, 1315, 1487, 0.7465910950635799, 0.008867230983665564, 2.2780218400091288, 0.02392578125, 0.64208984375, 0.72607421875, -0.125, 0.3125, 1.625
-6408, -2439, 5455, 13844, 13, 4, 14, -6, 1325, 1414, 0.7465910950635799, 0.008867230983665564, 2.2780218400091288, -0.0029296875, 0.64697265625, 0.6904296875, 0.8125, 0.25, 0.875
-6411, -2437, 5456, 13842, -10, -5, 23, 23, 1361, 1444, 0.746582887832665, 0.009279548187837496, 2.2776719901614166, 0.01123046875, 0.66455078125, 0.705078125, -0.625, -0.3125, 1.4375
-6409, -2437, 5456, 13844, -9, -3, -18, 23, 1332, 1425, 0.746615909908913, 0.009161928322363164, 2.278057637169027, 0.01123046875, 0.650390625, 0.69580078125, -0.5625, -0.1875, -1.125
-6411, -2431, 5455, 13844, -15, -22, 20, 20, 1306, 1437, 0.7461534637019431, 0.00981436779160044, 2.278032045717493, 0.009765625, 0.6376953125, 0.70166015625, -0.9375, -1.375, 1.25
-6414, -2428, 5458, 13842, 9, -12, 23, 25, 1340, 1439, 0.7463474594686428, 0.010425309440492567, 2.2778088414800806, 0.01220703125, 0.654296875, 0.70263671875, 0.5625, -0.75, 1.4375
-6414, -2429, 5459, 13842, -9, -4, 14, -11, 1378, 1428, 0.7465380646710877, 0.010369963536092274, 2.2778325134533484, -0.00537109375, 0.6728515625, 0.697265625, -0.5625, -0.25, 0.875
-6417, -2426, 5449, 13845, -48, 4, 10, 7, 1305, 1450, 0.745179334723738, 0.010269040048133844, 2.277587645474972, 0.00341796875, 0.63720703125, 0.7080078125, -3.0, 0.25, 0.625
-6416, -2428, 5451, 13844, 30, -3, 3, 2, 1300, 1443, 0.7455173023037316, 0.010135824184408693, 2.277576085255564, 0.0009765625, 0.634765625, 0.70458984375, 1.875, -0.1875, 0.1875
-6419, -2424, 5455, 13841, 14, -13, 22, 41, 1336, 1452, 0.7457525857048707, 0.01091577183506721, 2.27730342458724, 0.02001953125, 0.65234375, 0.708984375, 0.875, -0.8125, 1.375
-6421, -2419, 5452, 13843, -41, -14, 8, 28, 1346, 1436, 0.7451479543403964, 0.011333134484421567, 2.2774027943433666, 0.013671875, 0.6572265625, 0.701171875, -2.5625, -0.875, 0.5
-6423, -2418, 5442, 13846, -53, 18, 2, 18, 1324, 1455, 0.7438957267056593, 0.010984895015510665, 2.277172359587929, 0.0087890625, 0.646484375, 0.71044921875, -3.3125, 1.125, 0.125
-6425, -2423, 5435, 13847, -24, 34, -5, -1, 1326, 1443, 0.7433347418087473, 0.010196996612357432, 2.276683180721493, -0.00048828125, 0.6474609375, 0.70458984375, -1.5, 2.125, -0.3125
-6421, -2431, 5441, 13845, 53, 18, -26, 22, 1339, 1452, 0.7444842679698914, 0.009532908939367086, 2.2767882917313504, 0.0107421875, 0.65380859375, 0.708984375, 3.3125, 1.125, -1.625
-6406, -2439, 5451, 13847, 66, -41, -57, -48, 1322, 1414, 0.7461302572574641, 0.008540503196526899, 2.278333501906649, -0.0234375, 0.6455078125, 0.6904296875, 4.125, -2.5625, -3.5625
-6400, -2424, 5446, 13854, -68, -71, -24, 26, 1334, 1446, 0.7447101943702484, 0.009479545469959251, 2.279763097777394, 0.0126953125, 0.6513671875, 0.7060546875, -4.25, -4.4375, -1.5
-6421, -2385, 5424, 13860, -215, -31, 75, 201, 1283, 1413, 0.7399706751911992, 0.013198371454514397, 2.279037685951887, 0.09814453125, 0.62646484375, 0.68994140625, -13.4375, -1.9375, 4.6875
-6408, -2408, 5426, 13861, 123, 24, -55, -113, 1204, 1467, 0.741456294188616, 0.010375268634865608, 2.2795316308837545, -0.05517578125, 0.587890625, 0.71630859375, 7.6875, 1.5, -3.4375
-6401, -2420, 5462, 13848, 179, -24, -3, 25, 1452, 1438, 0.7464015931968895, 0.010804312027111395, 2.2798470776230824, 0.01220703125, 0.708984375, 0.7021484375, 11.1875, -1.5, -0.1875
-6400, -2420, 5460, 13849, -28, 11, -15, 43, 1368, 1434, 0.7461562063233498, 0.010650210252574432, 2.2799397991312285, 0.02099609375, 0.66796875, 0.7001953125, -1.75, 0.6875, -0.9375
-6398, -2422, 5452, 13853, -17, 18, -31, 23, 1274, 1445, 0.745320326398585, 0.009908912806136245, 2.2801240036561525, 0.01123046875, 0.6220703125, 0.70556640625, -1.0625, 1.125, -1.9375
-6400, -2428, 5456, 13849, 49, 11, 20, -16, 1322, 1461, 0.7461085658718645, 0.009633958353730326, 2.279528039646582, -0.0078125, 0.6455078125, 0.71337890625, 3.0625, 0.6875, 1.25
-6390, -2436, 5466, 13849, 76, 2, -55, 25, 1328, 1443, 0.7477623412517987, 0.008878049652532628, 2.280487646034559, 0.01220703125, 0.6484375, 0.70458984375, 4.75, 0.125, -3.4375
-6391, -2437, 5473, 13845, 39, 5, 5, 44, 1359, 1455, 0.748633241424842, 0.0092215503869675, 2.280241827993513, 0.021484375, 0.66357421875, 0.71044921875, 2.4375, 0.3125, 0.3125
-6391, -2437, 5473, 13845, -12, 9, 10, 17, 1338, 1451, 0.748633241424842, 0.0092215503869675, 2.280241827993513, 0.00830078125, 0.6533203125, 0.70849609375, -0.75, 0.5625, 0.625
-6391, -2437, 5473, 13845, -2, -3, 10, 22, 1324, 1446, 0.748633241424842, 0.0092215503869675, 2.280241827993513, 0.0107421875, 0.646484375, 0.7060546875, -0.125, -0.1875, 0.625
-6393, -2434, 5477, 13844, 21, -13, 16, 36, 1328, 1449, 0.7489755747084422, 0.009821252459873853, 2.2802619739771353, 0.017578125, 0.6484375, 0.70751953125, 1.3125, -0.8125, 1.0
-6393, -2433, 5477, 13843, 8, -5, 8, 33, 1339, 1438, 0.748886107078246, 0.009942531481832845, 2.280163058682742, 0.01611328125, 0.65380859375, 0.7021484375, 0.5, -0.3125, 0.5
-6391, -2434, 5481, 13842, 16, -11, 1, 11, 1343, 1428, 0.7494137583486529, 0.009966381972001356, 2.2803459249110802, 0.00537109375, 0.65576171875, 0.697265625, 1.0, -0.6875, 0.0625
-6395, -2429, 5478, 13843, -26, -10, 19, 26, 1335, 1443, 0.748805525329493, 0.010484373420819634, 2.2801851639720434, 0.0126953125, 0.65185546875, 0.70458984375, -1.625, -0.625, 1.1875
-6395, -2429, 5478, 13843, -14, 8, 10, 21, 1330, 1452, 0.748805525329493, 0.010484373420819634, 2.2801851639720434, 0.01025390625, 0.6494140625, 0.708984375, -0.875, 0.5, 0.625
-6395, -2429, 5478, 13843, -5, 7, 7, 25, 1344, 1453, 0.748805525329493, 0.010484373420819634, 2.2801851639720434, 0.01220703125, 0.65625, 0.70947265625, -0.3125, 0.4375, 0.4375
-6396, -2429, 5473, 13844, -22, 8, -1, 12, 1334, 1438, 0.7481931407384043, 0.010268809067956923, 2.2799928324823986, 0.005859375, 0.6513671875, 0.7021484375, -1.375, 0.5, -0.0625
-6399, -2427, 5466, 13846, -44, 12, 5, 28, 1328, 1437, 0.7472561457030087, 0.010227530683835152, 2.279744909086738, 0.013671875, 0.6484375, 0.70166015625, -2.75, 0.75, 0.3125
-6401, -2432, 5455, 13849, -41, 42, -9, 2, 1326, 1451, 0.7462293031339768, 0.009214166547899756, 2.2793051205906645, 0.0009765625, 0.6474609375, 0.70849609375, -2.5625, 2.625, -0.5625
-6399, -2440, 5446, 13852, -29, 47, -34, 4, 1342, 1460, 0.7455911479246798, 0.007823740785884985, 2.279156328762546, 0.001953125, 0.6552734375, 0.712890625, -1.8125, 2.9375, -2.125
-6385, -2454, 5456, 13852, 88, -5, -64, -45, 1328, 1429, 0.7475491031804415, 0.006286483686577678, 2.2802246954059333, -0.02197265625, 0.6484375, 0.69775390625, 5.5, -0.3125, -4.0
-6371, -2448, 5455, 13860, -37, -66, -67, -6, 1313, 1389, 0.7471110274836374, 0.006143228606753639, 2.2822808491416073, -0.0029296875, 0.64111328125, 0.67822265625, -2.3125, -4.125, -4.1875
-6399, -2401, 5418, 13869, -307, -20, 99, 208, 1296, 1450, 0.7401139498445426, 0.010209804827125538, 2.2809300240966115, 0.1015625, 0.6328125, 0.7080078125, -19.1875, -1.25, 6.1875
-6385, -2426, 5418, 13872, 112, 36, -74, -113, 1187, 1433, 0.7415029675919484, 0.007007015465598918, 2.2815923536159266, -0.05517578125, 0.57958984375, 0.69970703125, 7.0, 2.25, -4.625
-6374, -2439, 5457, 13859, 196, -33, -10, 11, 1423, 1394, 0.7468470959386379, 0.007307721151273785, 2.282291422165344, 0.00537109375, 0.69482421875, 0.6806640625, 12.25, -2.0625, -0.625
-6375, -2438, 5459, 13858, -16, -4, -4, 70, 1397, 1428, 0.7470330991416333, 0.0075648030929231, 2.2822246258828196, 0.0341796875, 0.68212890625, 0.697265625, -1.0, -0.25, -0.25
-6378, -2431, 5444, 13863, -92, 12, -4, 42, 1308, 1447, 0.7448408925538269, 0.007606214611286284, 2.282089761518302, 0.0205078125, 0.638671875, 0.70654296875, -5.75, 0.75, -0.25
-6379, -2436, 5434, 13866, -10, 17, 0, -43, 1284, 1475, 0.7439323339438242, 0.006600591785406623, 2.2817708612540137, -0.02099609375, 0.626953125, 0.72021484375, -0.625, 1.0625, 0.0
-6370, -2442, 5446, 13864, 100, -5, -42, 22, 1301, 1463, 0.7456806385039656, 0.006222258425670435, 2.2825626764340052, 0.0107421875, 0.63525390625, 0.71435546875, 6.25, -0.3125, -2.625
-6361, -2456, 5466, 13859, 120, 4, -40, 4, 1381, 1427, 0.7488657115627035, 0.005450290603469722, 2.2831637906141764, 0.001953125, 0.67431640625, 0.69677734375, 7.5, 0.25, -2.5
-6365, -2452, 5469, 13856, -8, -1, 21, 47, 1383, 1447, 0.7489845637081386, 0.006223308977874821, 2.282773578157606, 0.02294921875, 0.67529296875, 0.70654296875, -0.5, -0.0625, 1.3125
-6369, -2447, 5455, 13861, -66, 10, 6, 7, 1305, 1476, 0.7470544855239771, 0.006146976319554769, 2.282567692329447, 0.00341796875, 0.63720703125, 0.720703125, -4.125, 0.625, 0.375
-6366, -2450, 5457, 13861, 32, -7, -9, -11, 1305, 1438, 0.7474551604052803, 0.005810084844982063, 2.2827896984122065, -0.00537109375, 0.63720703125, 0.7021484375, 2.0, -0.4375, -0.5625
-6363, -2447, 5468, 13858, 42, -34, 4, 25, 1330, 1413, 0.7485885030831023, 0.006574126748924992, 2.2832425594538477, 0.01220703125, 0.6494140625, 0.68994140625, 2.625, -2.125, 0.25
-6361, -2445, 5475, 13857, 25, -24, -3, 26, 1350, 1432, 0.7493308240661376, 0.007049127187160256, 2.283654086185181, 0.0126953125, 0.6591796875, 0.69921875, 1.5625, -1.5, -0.1875
-6365, -2441, 5475, 13855, -11, -8, 27, 27, 1346, 1439, 0.7490863612556837, 0.007661655996985185, 2.2832402750097778, 0.01318359375, 0.6572265625, 0.70263671875, -0.6875, -0.5, 1.6875
-6368, -2439, 5471, 13856, -28, 10, 8, 27, 1333, 1445, 0.74851261035112, 0.0077825378207841255, 2.2830170181845406, 0.01318359375, 0.65087890625, 0.70556640625, -1.75, 0.625, 0.5
-6367, -2437, 5474, 13856, 9, -25, 3, 2, 1322, 1418, 0.7487737539213641, 0.00809056942627243, 2.283287350792814, 0.0009765625, 0.6455078125, 0.6923828125, 0.5625, -1.5625, 0.1875
-6368, -2432, 5478, 13854, 16, -20, 14, 45, 1332, 1443, 0.7489547014335394, 0.008873579128081488, 2.283302356125273, 0.02197265625, 0.650390625, 0.70458984375, 1.0, -1.25, 0.875
-6368, -2432, 5479, 13854, -12, -5, 10, 16, 1364, 1444, 0.7490858913157477, 0.008921026303321299, 2.283352293821831, 0.0078125, 0.666015625, 0.705078125, -0.75, -0.3125, 0.625
-6370, -2425, 5472, 13858, -53, -22, 10, 8, 1335, 1447, 0.747897970713473, 0.009320736778622551, 2.283555477407603, 0.00390625, 0.65185546875, 0.70654296875, -3.3125, -1.375, 0.625
-6372, -2421, 5462, 13861, -55, 2, 0, 20, 1320, 1452, 0.7464654582866589, 0.009286410468239217, 2.2834042957275806, 0.009765625, 0.64453125, 0.708984375, -3.4375, 0.125, 0.0
-6374, -2423, 5456, 13862, -20, 15, 7, -5, 1320, 1454, 0.7458541939049208, 0.008858245230560918, 2.283042750487233, -0.00244140625, 0.64453125, 0.7099609375, -1.25, 0.9375, 0.4375
-6367, -2427, 5458, 13864, 32, 0, -39, 6, 1317, 1445, 0.7463206723130168, 0.008219260133543155, 2.2837591822975547, 0.0029296875, 0.64306640625, 0.70556640625, 2.0, 0.0, -2.4375
-6349, -2431, 5470, 13866, 50, -66, -68, -33, 1359, 1404, 0.7479522706613561, 0.007605506785656131, 2.285716907968452, -0.01611328125, 0.66357421875, 0.685546875, 3.125, -4.125, -4.25
-6363, -2410, 5465, 13866, -137, 10, 32, 194, 1405, 1376, 0.7462373299320603, 0.010108635622957848, 2.2850809866365713, 0.0947265625, 0.68603515625, 0.671875, -8.5625, 0.625, 2.0
-6369, -2401, 5416, 13884, -178, 23, -2, -70, 1141, 1551, 0.7399031394613259, 0.008635479249822657, 2.284740100320283, -0.0341796875, 0.55712890625, 0.75732421875, -11.125, 1.4375, -0.125
-6358, -2414, 5446, 13875, 181, -6, -36, 36, 1340, 1411, 0.7441863530213666, 0.00842982083727417, 2.285495747445668, 0.017578125, 0.654296875, 0.68896484375, 11.3125, -0.375, -2.25
-6354, -2428, 5471, 13864, 113, 20, -9, 38, 1450, 1404, 0.7479120884198318, 0.00820274909035112, 2.2852580810523104, 0.0185546875, 0.7080078125, 0.685546875, 7.0625, 1.25, -0.5625
-6355, -2427, 5462, 13868, -51, 30, -28, 62, 1325, 1441, 0.7468051972125254, 0.007848328456735358, 2.28527017864935, 0.0302734375, 0.64697265625, 0.70361328125, -3.1875, 1.875, -1.75
-6361, -2430, 5457, 13867, -8, 36, 24, 3, 1329, 1474, 0.7463776118750415, 0.007563655670684976, 2.2844109577411946, 0.00146484375, 0.64892578125, 0.7197265625, -0.5, 2.25, 1.5
-6361, -2433, 5455, 13867, 26, 12, -5, 2, 1304, 1479, 0.7462936890648146, 0.007158906811846123, 2.284231913976245, 0.0009765625, 0.63671875, 0.72216796875, 1.625, 0.75, -0.3125
-6356, -2442, 5467, 13863, 89, 6, -19, 2, 1334, 1443, 0.7482156736630361, 0.006666873608816173, 2.2844251729365737, 0.0009765625, 0.6513671875, 0.70458984375, 5.5625, 0.375, -1.1875
-6360, -2439, 5471, 13860, 16, -3, 25, 45, 1343, 1456, 0.748525559655343, 0.007383741476132848, 2.2840581518848606, 0.02197265625, 0.65576171875, 0.7109375, 1.0, -0.1875, 1.5625
-6366, -2428, 5464, 13862, -66, -26, 39, 18, 1342, 1461, 0.7470935547078269, 0.00839606851272064, 2.2838480140088877, 0.0087890625, 0.6552734375, 0.71337890625, -4.125, -1.625, 2.4375
-6367, -2425, 5457, 13865, -39, -13, 5, -9, 1321, 1438, 0.7461007187982986, 0.008360349175696002, 2.2838879328856883, -0.00439453125, 0.64501953125, 0.7021484375, -2.4375, -0.8125, 0.3125
-6370, -2419, 5459, 13863, -4, -18, 27, 28, 1321, 1432, 0.7459868113950124, 0.009233136533036923, 2.283693783491352, 0.013671875, 0.64501953125, 0.69921875, -0.25, -1.125, 1.6875
-6375, -2409, 5459, 13863, -34, -38, 42, 23, 1343, 1430, 0.7454599933744587, 0.010469434186823818, 2.283622022657619, 0.01123046875, 0.65576171875, 0.6982421875, -2.125, -2.375, 2.625
-6381, -2400, 5458, 13862, -42, -24, 44, 28, 1348, 1429, 0.7448449977756877, 0.011613466129890226, 2.283281057811839, 0.013671875, 0.658203125, 0.69775390625, -2.625, -1.5, 2.75
-6391, -2390, 5451, 13862, -69, -18, 57, 25, 1332, 1434, 0.7434671636848461, 0.01271968360666316, 2.2825225656659893, 0.01220703125, 0.650390625, 0.7001953125, -4.3125, -1.125, 3.5625
-6396, -2380, 5445, 13863, -55, -28, 38, 19, 1311, 1429, 0.7421852239658666, 0.013651973879783001, 2.2822764187417195, 0.00927734375, 0.64013671875, 0.69775390625, -3.4375, -1.75, 2.375
-6400, -2371, 5440, 13865, -41, -31, 28, 21, 1304, 1454, 0.7411108075049136, 0.014470165787583861, 2.2822462681555646, 0.01025390625, 0.63671875, 0.7099609375, -2.5625, -1.9375, 1.75
-6404, -2364, 5438, 13866, -33, -21, 30, 35, 1322, 1449, 0.7405177981999642, 0.015242451555573485, 2.2821872778556975, 0.01708984375, 0.6455078125, 0.70751953125, -2.0625, -1.3125, 1.875
-6410, -2358, 5429, 13867, -61, 8, 21, 44, 1327, 1449, 0.7390936134841377, 0.015658064746563175, 2.2816177701484626, 0.021484375, 0.64794921875, 0.70751953125, -3.8125, 0.5, 1.3125
-6414, -2360, 5414, 13871, -75, 36, 1, 7, 1318, 1457, 0.7374209117007394, 0.01482597663531519, 2.281050744809522, 0.00341796875, 0.6435546875, 0.71142578125, -4.6875, 2.25, 0.0625
-6409, -2364, 5415, 13873, 35, 3, -32, 23, 1274, 1468, 0.7377823857117302, 0.014223362257121237, 2.2815833553250466, 0.01123046875, 0.6220703125, 0.716796875, 2.1875, 0.1875, -2.0
-6392, -2373, 5439, 13869, 126, -49, -59, 1, 1335, 1386, 0.7411131935293344, 0.013820901929939875, 2.2831849139222986, 0.00048828125, 0.65185546875, 0.6767578125, 7.875, -3.0625, -3.6875
-6392, -2360, 5430, 13875, -90, -34, -2, 49, 1351, 1454, 0.7393477402501464, 0.014630183944303723, 2.283833074586905, 0.02392578125, 0.65966796875, 0.7099609375, -5.625, -2.125, -0.125
-6412, -2327, 5398, 13884, -222, -14, 62, 148, 1250, 1489, 0.7337489471379542, 0.017166295328310273, 2.2828906989123467, 0.072265625, 0.6103515625, 0.72705078125, -13.875, -0.875, 3.875
-6403, -2349, 5406, 13881, 137, 36, -39, -59, 1208, 1433, 0.7358821447450348, 0.014962434253311294, 2.282940615069348, -0.02880859375, 0.58984375, 0.69970703125, 8.5625, 2.25, -2.4375
-6398, -2361, 5439, 13869, 154, -14, 12, 23, 1425, 1417, 0.7404836457273012, 0.015304186816313044, 2.2830975090405614, 0.01123046875, 0.69580078125, 0.69189453125, 9.625, -0.875, 0.75
-6403, -2357, 5432, 13870, -60, 17, 8, 71, 1354, 1445, 0.7394261823091359, 0.015568661783554802, 2.282642193016476, 0.03466796875, 0.6611328125, 0.70556640625, -3.75, 1.0625, 0.5
-6406, -2357, 5417, 13874, -58, 40, -9, 37, 1285, 1481, 0.7376218315236477, 0.01490382890257926, 2.2821949719737535, 0.01806640625, 0.62744140625, 0.72314453125, -3.625, 2.5, -0.5625
-6406, -2366, 5419, 13872, 46, 24, -1, -6, 1306, 1469, 0.7383546328088471, 0.01410413355777988, 2.2818062144248454, -0.0029296875, 0.6376953125, 0.71728515625, 2.875, 1.5, -0.0625
-6404, -2368, 5424, 13870, 47, 4, -11, 45, 1308, 1474, 0.7390409888674664, 0.014090527445628689, 2.28188597605471, 0.02197265625, 0.638671875, 0.7197265625, 2.9375, 0.25, -0.6875
-6404, -2371, 5426, 13869, 25, 11, -7, 33, 1323, 1483, 0.7394499614722476, 0.013893581871102338, 2.281780824404641, 0.01611328125, 0.64599609375, 0.72412109375, 1.5625, 0.6875, -0.4375
-6404, -2371, 5425, 13869, 9, 7, 9, 28, 1312, 1461, 0.739319119402426, 0.013845863763281311, 2.2817310818873695, 0.013671875, 0.640625, 0.71337890625, 0.5625, 0.4375, 0.5625
-6408, -2367, 5422, 13870, -22, -2, 22, 33, 1323, 1477, 0.738772450702216, 0.014260045185467175, 2.2815431139934748, 0.01611328125, 0.64599609375, 0.72119140625, -1.375, -0.125, 1.375
-6408, -2367, 5421, 13870, -7, -13, -2, 4, 1300, 1451, 0.7386416380344575, 0.014212297026553779, 2.2814933863302187, 0.001953125, 0.634765625, 0.70849609375, -0.4375, -0.8125, -0.125
-6405, -2371, 5428, 13868, 47, 3, -12, 33, 1320, 1444, 0.7396948421238451, 0.014047130969524955, 2.2816874289820426, 0.01611328125, 0.64453125, 0.705078125, 2.9375, 0.1875, -0.75
-6410, -2366, 5431, 13866, -10, -13, 30, 47, 1322, 1424, 0.7397975553496969, 0.01494458811755373, 2.2813808370814384, 0.02294921875, 0.6455078125, 0.6953125, -0.625, -0.8125, 1.875
-6414, -2362, 5427, 13866, -30, 5, 16, 46, 1315, 1447, 0.7390900108513908, 0.01532857542723224, 2.2810174642145413, 0.0224609375, 0.64208984375, 0.70654296875, -1.875, 0.3125, 1.0
-6414, -2363, 5427, 13866, 14, 1, 5, 11, 1311, 1436, 0.7391490505713879, 0.015225253620029439, 2.280991098908259, 0.00537109375, 0.64013671875, 0.701171875, 0.875, 0.0625, 0.3125
-6417, -2360, 5428, 13864, -4, -3, 24, 39, 1323, 1430, 0.7390820142751735, 0.0157395245314348, 2.2806669417028393, 0.01904296875, 0.64599609375, 0.6982421875, -0.25, -0.1875, 1.5
-6420, -2358, 5424, 13864, -26, 4, 12, 38, 1317, 1456, 0.7384796151828616, 0.015876125642132078, 2.280318095419515, 0.0185546875, 0.64306640625, 0.7109375, -1.625, 0.25, 0.75
-6420, -2358, 5424, 13864, -15, 1, 15, 9, 1314, 1454, 0.7384796151828616, 0.015876125642132078, 2.280318095419515, 0.00439453125, 0.6416015625, 0.7099609375, -0.9375, 0.0625, 0.9375
-6423, -2356, 5419, 13866, -29, 7, 7, 32, 1319, 1457, 0.7378063144318614, 0.01592957541535906, 2.280170715153562, 0.015625, 0.64404296875, 0.71142578125, -1.8125, 0.4375, 0.4375
-6423, -2362, 5412, 13867, -29, 34, -14, 11, 1312, 1435, 0.7372753343968949, 0.01495701707506428, 2.2797900764502375, 0.00537109375, 0.640625, 0.70068359375, -1.8125, 2.125, -0.875
-6421, -2369, 5408, 13868, 5, 34, -25, 21, 1308, 1466, 0.7371701589874049, 0.013944034639439275, 2.27966771922182, 0.01025390625, 0.638671875, 0.7158203125, 0.3125, 2.125, -1.5625
-6405, -2378, 5420, 13869, 82, -32, -69, -15, 1312, 1426, 0.7390918771551657, 0.012924271015641618, 2.281230557700012, -0.00732421875, 0.640625, 0.6962890625, 5.125, -2.0, -4.3125
-6418, -2367, 5422, 13865, -105, 32, 34, 178, 1430, 1344, 0.7387535003872432, 0.01475224507723681, 2.280241677317455, 0.0869140625, 0.6982421875, 0.65625, -6.5625, 2.0, 2.125
-6425, -2359, 5367, 13884, -200, 44, -4, -70, 1131, 1580, 0.7317553621531576, 0.0128944736609751, 2.2796442341085794, -0.0341796875, 0.55224609375, 0.771484375, -12.5, 2.75, -0.25
-6414, -2371, 5397, 13876, 190, -15, -40, 47, 1294, 1429, 0.7359982492964482, 0.012788241974647636, 2.2805468973455247, 0.02294921875, 0.6318359375, 0.69775390625, 11.875, -0.9375, -2.5
-6413, -2383, 5424, 13864, 119, 14, 10, 58, 1454, 1432, 0.7398665834995942, 0.013010570895875593, 2.280130954526371, 0.0283203125, 0.7099609375, 0.69921875, 7.4375, 0.875, 0.625
-6410, -2384, 5415, 13868, -46, 35, -47, 70, 1329, 1464, 0.7388289392253446, 0.012285109427404498, 2.280361838437673, 0.0341796875, 0.64892578125, 0.71484375, -2.875, 2.1875, -2.9375
-6414, -2388, 5409, 13868, -1, 39, 7, 13, 1303, 1485, 0.7383343532734056, 0.011746423359142909, 2.279689788920458, 0.00634765625, 0.63623046875, 0.72509765625, -0.0625, 2.4375, 0.4375
-6411, -2396, 5411, 13867, 59, 14, -13, -5, 1299, 1499, 0.7390010045336532, 0.010912254951569538, 2.2796550737591885, -0.00244140625, 0.63427734375, 0.73193359375, 3.6875, 0.875, -0.8125
-6408, -2397, 5415, 13867, 53, -7, -20, 27, 1302, 1504, 0.7395435784605939, 0.010878963781411457, 2.2800290620267787, 0.01318359375, 0.6357421875, 0.734375, 3.3125, -0.4375, -1.25
-6405, -2398, 5425, 13864, 42, -15, -6, 42, 1347, 1445, 0.7407814429910301, 0.011185439714046824, 2.28032409709536, 0.0205078125, 0.65771484375, 0.70556640625, 2.625, -0.9375, -0.375
-6407, -2391, 5419, 13867, -43, -21, 15, 9, 1334, 1486, 0.7396974644430593, 0.011649514477311303, 2.2804526631695277, 0.00439453125, 0.6513671875, 0.7255859375, -2.6875, -1.3125, 0.9375
-6408, -2387, 5415, 13869, -27, -12, 4, 25, 1318, 1453, 0.7390102140473703, 0.011876631337859904, 2.2805433079506123, 0.01220703125, 0.6435546875, 0.70947265625, -1.6875, -0.75, 0.25
-6408, -2386, 5420, 13867, 17, -8, 1, 39, 1326, 1435, 0.7395450754249031, 0.012254261701772877, 2.280566573215557, 0.01904296875, 0.6474609375, 0.70068359375, 1.0625, -0.5, 0.0625
-6409, -2381, 5421, 13867, -10, -20, 14, 34, 1306, 1431, 0.7393928901737956, 0.012859028310504813, 2.280680545100719, 0.0166015625, 0.6376953125, 0.69873046875, -0.625, -1.25, 0.875
-6409, -2381, 5421, 13867, 14, -10, 11, 33, 1328, 1433, 0.7393928901737956, 0.012859028310504813, 2.280680545100719, 0.01611328125, 0.6484375, 0.69970703125, 0.875, -0.625, 0.6875
-6409, -2381, 5421, 13867, -9, -9, 14, 34, 1323, 1438, 0.7393928901737956, 0.012859028310504813, 2.280680545100719, 0.0166015625, 0.64599609375, 0.7021484375, -0.5625, -0.5625, 0.875
-6412, -2378, 5418, 13867, -27, 4, 9, 39, 1316, 1438, 0.738862316602008, 0.013146853670701961, 2.280408347171449, 0.01904296875, 0.642578125, 0.7021484375, -1.6875, 0.25, 0.5625
-6412, -2378, 5418, 13867, -16, -3, 7, 10, 1311, 1439, 0.738862316602008, 0.013146853670701961, 2.280408347171449, 0.0048828125, 0.64013671875, 0.70263671875, -1.0, -0.1875, 0.4375
-6415, -2375, 5416, 13867, -27, -5, 17, 30, 1333, 1444, 0.7384625521742275, 0.013482345800994288, 2.280185850102754, 0.0146484375, 0.65087890625, 0.705078125, -1.6875, -0.3125, 1.0625
-6419, -2376, 5403, 13871, -69, 36, -1, 23, 1320, 1466, 0.736994416668873, 0.012847844065162308, 2.279747789319308, 0.01123046875, 0.64453125, 0.7158203125, -4.3125, 2.25, -0.0625
-6419, -2382, 5392, 13874, -42, 45, -20, 4, 1320, 1460, 0.7360026374060419, 0.011648352107873676, 2.279423394157929, 0.001953125, 0.64453125, 0.712890625, -2.625, 2.8125, -1.25
-6402, -2393, 5409, 13873, 129, -34, -71, -25, 1302, 1455, 0.7386217568740835, 0.010656983214696044, 2.2809951039281637, -0.01220703125, 0.6357421875, 0.71044921875, 8.0625, -2.125, -4.4375
-6388, -2387, 5419, 13877, 15, -90, -48, 4, 1352, 1421, 0.7395090601449478, 0.011117784235492237, 2.283094975806557, 0.001953125, 0.66015625, 0.69384765625, 0.9375, -5.625, -3.0
-6418, -2339, 5384, 13884, -314, -18, 113, 229, 1320, 1456, 0.7327028983688885, 0.015496605977151969, 2.2814775045144313, 0.11181640625, 0.64453125, 0.7109375, -19.625, -1.125, 7.0625
-6406, -2369, 5378, 13887, 109, 72, -69, -123, 1147, 1461, 0.7336219686016586, 0.01157223929715125, 2.281583758641662, -0.06005859375, 0.56005859375, 0.71337890625, 6.8125, 4.5, -4.3125
-6393, -2389, 5422, 13872, 242, -20, -26, 4, 1419, 1425, 0.7399363702406011, 0.011344780490561503, 2.2822258892239575, 0.001953125, 0.69287109375, 0.69580078125, 15.125, -1.25, -1.625
-6391, -2392, 5432, 13869, 18, 3, -11, 57, 1409, 1414, 0.7413066042169804, 0.01148356404536476, 2.2824015298268217, 0.02783203125, 0.68798828125, 0.6904296875, 1.125, 0.1875, -0.6875
-6395, -2391, 5421, 13872, -53, 33, -6, 49, 1306, 1470, 0.7399502626596565, 0.011171208215967938, 2.28198859559551, 0.02392578125, 0.6376953125, 0.7177734375, -3.3125, 2.0625, -0.375
-6400, -2394, 5413, 13872, 2, 20, 29, -33, 1269, 1483, 0.7391477223648981, 0.010681593883156966, 2.2811760110933346, -0.01611328125, 0.61962890625, 0.72412109375, 0.125, 1.25, 1.8125
-6396, -2398, 5419, 13871, 64, -1, -19, 19, 1294, 1480, 0.7400867966870985, 0.01041063100016802, 2.281512006593378, 0.00927734375, 0.6318359375, 0.72265625, 4.0, -0.0625, -1.1875
-6395, -2397, 5430, 13867, 50, -16, 6, 50, 1336, 1443, 0.7413339643007565, 0.011069188558640796, 2.2816493226112047, 0.0244140625, 0.65234375, 0.70458984375, 3.125, -1.0, 0.375
-6397, -2393, 5427, 13868, -24, -13, 8, 21, 1345, 1478, 0.7407605948339504, 0.011402578382604119, 2.281596575627787, 0.01025390625, 0.65673828125, 0.7216796875, -1.5, -0.8125, 0.5
-6399, -2387, 5421, 13871, -38, -11, 9, 30, 1304, 1455, 0.7397361976201232, 0.01176400794430167, 2.2816987062686507, 0.0146484375, 0.63671875, 0.71044921875, -2.375, -0.6875, 0.5625
-6400, -2383, 5422, 13871, 3, -17, 10, 34, 1298, 1453, 0.7396434095495413, 0.012265505472879188, 2.281786326301211, 0.0166015625, 0.6337890625, 0.70947265625, 0.1875, -1.0625, 0.625
-6399, -2382, 5427, 13869, 27, -10, 3, 30, 1314, 1439, 0.7401655838689953, 0.01260235736085927, 2.2818774913214583, 0.0146484375, 0.6416015625, 0.70263671875, 1.6875, -0.625, 0.1875
-6399, -2382, 5427, 13869, 12, -8, 6, 29, 1334, 1435, 0.7401655838689953, 0.01260235736085927, 2.2818774913214583, 0.01416015625, 0.6513671875, 0.70068359375, 0.75, -0.5, 0.375
-6399, -2382, 5428, 13869, -8, -2, 2, 28, 1326, 1435, 0.7402964341958155, 0.012650037426651573, 2.2819271893651, 0.013671875, 0.6474609375, 0.70068359375, -0.5, -0.125, 0.125
-6399, -2382, 5428, 13869, -9, 1, 9, 32, 1312, 1446, 0.7402964341958155, 0.012650037426651573, 2.2819271893651, 0.015625, 0.640625, 0.7060546875, -0.5625, 0.0625, 0.5625
-6399, -2382, 5427, 13869, 0, -3, 11, 25, 1306, 1452, 0.7401655838689953, 0.01260235736085927, 2.2818774913214583, 0.01220703125, 0.6376953125, 0.708984375, 0.0, -0.1875, 0.6875
-6399, -2382, 5428, 13869, 2, -9, 10, 20, 1327, 1431, 0.7402964341958155, 0.012650037426651573, 2.2819271893651, 0.009765625, 0.64794921875, 0.69873046875, 0.125, -0.5625, 0.625
-6403, -2377, 5424, 13869, -31, -10, 17, 37, 1320, 1450, 0.7395297902461169, 0.013137681213868845, 2.2815905369595995, 0.01806640625, 0.64453125, 0.7080078125, -1.9375, -0.625, 1.0625
-6407, -2373, 5416, 13871, -47, 7, 17, 27, 1312, 1464, 0.7383589915177106, 0.013295423782088504, 2.2812798712681657, 0.01318359375, 0.640625, 0.71484375, -2.9375, 0.4375, 1.0625
-6410, -2377, 5405, 13873, -42, 40, -5, 6, 1307, 1452, 0.7372565617503142, 0.012442261633982635, 2.280678134901379, 0.0029296875, 0.63818359375, 0.708984375, -2.625, 2.5, -0.3125
-6408, -2383, 5402, 13875, 10, 36, -30, 33, 1291, 1460, 0.7372531027836052, 0.011562746622385156, 2.280758268128546, 0.01611328125, 0.63037109375, 0.712890625, 0.625, 2.25, -1.875
-6390, -2398, 5422, 13872, 141, -24, -74, -26, 1321, 1430, 0.7404298383496078, 0.010293337675613867, 2.282190944888047, -0.0126953125, 0.64501953125, 0.6982421875, 8.8125, -1.5, -4.625
-6385, -2388, 5419, 13878, -76, -38, -37, 67, 1356, 1398, 0.7395585963291286, 0.010875461801366733, 2.283396749185926, 0.03271484375, 0.662109375, 0.6826171875, -4.75, -2.375, -2.3125
-6412, -2342, 5367, 13893, -348, -14, 88, 153, 1253, 1539, 0.730850932447755, 0.013976239186828021, 2.282096661631414, 0.07470703125, 0.61181640625, 0.75146484375, -21.75, -0.875, 5.5
-6398, -2368, 5378, 13891, 165, 38, -63, -73, 1194, 1440, 0.7335770947796288, 0.011284561043508952, 2.2826530587010283, -0.03564453125, 0.5830078125, 0.703125, 10.3125, 2.375, -3.9375
-6391, -2383, 5418, 13876, 193, -24, 8, 14, 1449, 1416, 0.7391513058068447, 0.011622645864715448, 2.2828228770273964, 0.0068359375, 0.70751953125, 0.69140625, 12.0625, -1.5, 0.5
-6393, -2378, 5413, 13878, -58, 13, -16, 84, 1369, 1464, 0.7382877608904925, 0.011946731373253574, 2.282822924157894, 0.041015625, 0.66845703125, 0.71484375, -3.625, 0.8125, -1.0
-6394, -2379, 5401, 13882, -40, 35, -20, 32, 1290, 1481, 0.7369104763302049, 0.011241046892947271, 2.282637825287206, 0.015625, 0.6298828125, 0.72314453125, -2.5, 2.1875, -1.25
-6393, -2387, 5401, 13881, 46, 22, -4, -14, 1298, 1501, 0.7373406668096099, 0.010391109423109718, 2.2823695548054177, -0.0068359375, 0.6337890625, 0.73291015625, 2.875, 1.375, -0.25
-6386, -2396, 5414, 13878, 102, 3, -35, 23, 1313, 1463, 0.7393911880115019, 0.00985069112784359, 2.2828709302418484, 0.01123046875, 0.64111328125, 0.71435546875, 6.375, 0.1875, -2.1875
-6384, -2400, 5423, 13875, 64, 0, -4, 24, 1328, 1465, 0.7406894518304927, 0.009838143742123596, 2.282969218579199, 0.01171875, 0.6484375, 0.71533203125, 4.0, 0.0, -0.25
-6388, -2392, 5425, 13873, -17, -21, 30, 52, 1337, 1447, 0.7404704889840187, 0.010957668955437901, 2.28275848470842, 0.025390625, 0.65283203125, 0.70654296875, -1.0625, -1.3125, 1.875
-6390, -2388, 5420, 13875, -36, -10, 7, 15, 1330, 1465, 0.7396656404596864, 0.011178338866816599, 2.2827321325474967, 0.00732421875, 0.6494140625, 0.71533203125, -2.25, -0.625, 0.4375
-6389, -2388, 5420, 13875, -12, -7, 6, 14, 1315, 1443, 0.7396524965352547, 0.011137954205973976, 2.282799681838611, 0.0068359375, 0.64208984375, 0.70458984375, -0.75, -0.4375, 0.375
-6389, -2386, 5432, 13871, 47, -25, 8, 51, 1330, 1418, 0.7409850978046433, 0.011987094058424888, 2.2829460201764338, 0.02490234375, 0.6494140625, 0.6923828125, 2.9375, -1.5625, 0.5
-6392, -2383, 5433, 13870, -13, 0, 16, 48, 1339, 1440, 0.7409481045562817, 0.012483965772480015, 2.282747080187255, 0.0234375, 0.65380859375, 0.703125, -0.8125, 0.0, 1.0
-6395, -2382, 5431, 13869, -21, 3, 20, 12, 1328, 1423, 0.7406366343256089, 0.01263120830519405, 2.28234618987415, 0.005859375, 0.6484375, 0.69482421875, -1.3125, 0.1875, 1.25
-6399, -2378, 5428, 13870, -31, -3, 18, 31, 1314, 1440, 0.7400897983779255, 0.013045681011264165, 2.282158244931363, 0.01513671875, 0.6416015625, 0.703125, -1.9375, -0.1875, 1.125
-6399, -2378, 5427, 13870, -8, -6, 9, 19, 1309, 1439, 0.7399589409349044, 0.012998000703541757, 2.2821085451453866, 0.00927734375, 0.63916015625, 0.70263671875, -0.5, -0.375, 0.5625
-6401, -2376, 5426, 13870, -22, -5, 15, 24, 1325, 1434, 0.7397360491274747, 0.013237877884049978, 2.2819767057691998, 0.01171875, 0.64697265625, 0.7001953125, -1.375, -0.3125, 0.9375
-6405, -2378, 5415, 13872, -53, 36, 3, 19, 1322, 1460, 0.7385275361228952, 0.012632489907303892, 2.2813590441502645, 0.00927734375, 0.6455078125, 0.712890625, -3.3125, 2.25, 0.1875
-6403, -2382, 5406, 13875, -33, 28, -28, 11, 1315, 1461, 0.7376508967925048, 0.011655713781244524, 2.2813195339313923, 0.00537109375, 0.64208984375, 0.71337890625, -2.0625, 1.75, -1.75
-6386, -2392, 5421, 13876, 112, -40, -72, -35, 1297, 1442, 0.7400103392508376, 0.01063302824084651, 2.2830717381561754, -0.01708984375, 0.63330078125, 0.7041015625, 7.0, -2.5, -4.5
-6384, -2379, 5421, 13879, -72, -29, -22, 112, 1383, 1409, 0.7393052261582743, 0.011843146073715635, 2.2839264146962015, 0.0546875, 0.67529296875, 0.68798828125, -4.5, -1.8125, -1.375
-6407, -2339, 5367, 13896, -331, -14, 71, 111, 1242, 1558, 0.7306988027644807, 0.014034560600983362, 2.282890006166593, 0.05419921875, 0.6064453125, 0.7607421875, -20.6875, -0.875, 4.4375
-6392, -2361, 5382, 13893, 162, 23, -76, -38, 1230, 1431, 0.7336674928567438, 0.011923975679324711, 2.283690228836394, -0.0185546875, 0.6005859375, 0.69873046875, 10.125, 1.4375, -4.75
-6383, -2379, 5424, 13878, 199, -12, -9, 27, 1455, 1405, 0.7396548555961245, 0.011963161077528733, 2.2840173272723057, 0.01318359375, 0.71044921875, 0.68603515625, 12.4375, -0.75, -0.5625
-6383, -2375, 5421, 13880, -42, 6, -17, 71, 1369, 1461, 0.739085928153322, 0.012198713471598283, 2.284225107635759, 0.03466796875, 0.66845703125, 0.71337890625, -2.625, 0.375, -1.0625
-6385, -2375, 5410, 13883, -52, 19, 1, 11, 1306, 1459, 0.73776264454523, 0.011703080352663991, 2.2839217042103024, 0.00537109375, 0.6376953125, 0.71240234375, -3.25, 1.1875, 0.0625
-6388, -2375, 5403, 13885, -3, 2, 18, -22, 1294, 1510, 0.7369463375692906, 0.011455436253533183, 2.283623861930453, -0.0107421875, 0.6318359375, 0.7373046875, -0.1875, 0.125, 1.125
-6383, -2378, 5413, 13883, 85, -11, -23, 31, 1298, 1491, 0.7383058644368, 0.011454810363698905, 2.28412613706653, 0.01513671875, 0.6337890625, 0.72802734375, 5.3125, -0.6875, -1.4375
-6378, -2383, 5426, 13879, 82, -11, -15, 26, 1334, 1461, 0.7401170942174202, 0.011424752754792603, 2.28447422405209, 0.0126953125, 0.6513671875, 0.71337890625, 5.125, -0.6875, -0.9375
-6378, -2383, 5427, 13879, 14, -5, 12, 55, 1358, 1441, 0.7402479877449514, 0.011472275672188458, 2.2845237321459613, 0.02685546875, 0.6630859375, 0.70361328125, 0.875, -0.3125, 0.75
-6381, -2376, 5419, 13881, -60, -7, 13, 32, 1323, 1456, 0.7388869039513527, 0.011901711764718192, 2.2843603754254733, 0.015625, 0.64599609375, 0.7109375, -3.75, -0.4375, 0.8125
-6381, -2372, 5414, 13884, -20, -15, 0, 13, 1282, 1447, 0.7380863765997517, 0.012024677495588066, 2.284594689826993, 0.00634765625, 0.6259765625, 0.70654296875, -1.25, -0.9375, 0.0
-6380, -2372, 5423, 13881, 44, -16, 4, 33, 1308, 1432, 0.7391614047791814, 0.012465203750727124, 2.284731851944082, 0.01611328125, 0.638671875, 0.69921875, 2.75, -1.0, 0.25
-6383, -2369, 5427, 13879, 6, -10, 21, 40, 1331, 1428, 0.7394875860357634, 0.013122264633752918, 2.2845558442579756, 0.01953125, 0.64990234375, 0.697265625, 0.375, -0.625, 1.3125
-6383, -2369, 5428, 13879, -7, 5, 10, 26, 1331, 1451, 0.739618497594858, 0.013169825799373144, 2.2846054250438743, 0.0126953125, 0.64990234375, 0.70849609375, -0.4375, 0.3125, 0.625
-6385, -2369, 5426, 13878, -17, 2, 13, 13, 1312, 1425, 0.7393528939218565, 0.013173216107631029, 2.284245643361406, 0.00634765625, 0.640625, 0.69580078125, -1.0625, 0.125, 0.8125
-6385, -2369, 5425, 13878, -12, 3, 6, 45, 1296, 1463, 0.7392220022604956, 0.013125640037445754, 2.2841960539461224, 0.02197265625, 0.6328125, 0.71435546875, -0.75, 0.1875, 0.375
-6385, -2369, 5425, 13878, 12, 1, 3, 21, 1324, 1447, 0.7392220022604956, 0.013125640037445754, 2.2841960539461224, 0.01025390625, 0.646484375, 0.70654296875, 0.75, 0.0625, 0.1875
-6385, -2369, 5426, 13878, -16, -5, 10, 28, 1338, 1449, 0.7393528939218565, 0.013173216107631029, 2.284245643361406, 0.013671875, 0.6533203125, 0.70751953125, -1.0, -0.3125, 0.625
-6388, -2373, 5414, 13881, -47, 47, -9, 27, 1317, 1459, 0.7381473729888549, 0.012256653517763129, 2.283718496802707, 0.01318359375, 0.64306640625, 0.71240234375, -2.9375, 2.9375, -0.5625
-6387, -2380, 5412, 13881, 11, 37, -18, 13, 1314, 1461, 0.7382859580735541, 0.011397131654272188, 2.2835026045603315, 0.00634765625, 0.6416015625, 0.71337890625, 0.6875, 2.3125, -1.125
-6367, -2392, 5437, 13878, 160, -58, -68, -34, 1326, 1435, 0.7419145663416266, 0.010588985379488602, 2.2854002068808517, -0.0166015625, 0.6474609375, 0.70068359375, 10.0, -3.625, -4.25
-6383, -2379, 5442, 13871, -97, 39, 51, 207, 1482, 1368, 0.741802494951504, 0.012943338646215354, 2.2840339705947352, 0.10107421875, 0.7236328125, 0.66796875, -6.0625, 2.4375, 3.1875
-6391, -2377, 5380, 13892, -198, 66, -8, -111, 1087, 1606, 0.7343076079335769, 0.01015007042732617, 2.2831146503877213, -0.05419921875, 0.53076171875, 0.7841796875, -12.375, 4.125, -0.5
-6375, -2390, 5412, 13884, 226, -30, -61, 20, 1271, 1437, 0.7388085733773274, 0.009825536750430477, 2.2844270178649007, 0.009765625, 0.62060546875, 0.70166015625, 14.125, -1.875, -3.8125
-6372, -2397, 5453, 13869, 161, -34, 26, 60, 1480, 1400, 0.7441031477015552, 0.011194902543866212, 2.284596556977068, 0.029296875, 0.72265625, 0.68359375, 10.0625, -2.125, 1.625
-6372, -2382, 5439, 13877, -101, -19, -26, 90, 1305, 1463, 0.7416219985258254, 0.011938304165645678, 2.285300928663778, 0.0439453125, 0.63720703125, 0.71435546875, -6.3125, -1.1875, -1.625
-6371, -2383, 5431, 13880, -21, 7, -10, -2, 1294, 1472, 0.7407097769708054, 0.011361344198682125, 2.285321123890687, -0.0009765625, 0.6318359375, 0.71875, -1.3125, 0.4375, -0.625
-6368, -2384, 5435, 13880, 43, -19, -10, 5, 1297, 1476, 0.7412532882809183, 0.01132631676560971, 2.285696007351425, 0.00244140625, 0.63330078125, 0.720703125, 2.6875, -1.1875, -0.625
-6360, -2390, 5450, 13877, 99, -10, -37, 40, 1345, 1457, 0.7433781703915874, 0.011146075842947707, 2.286447344706769, 0.01953125, 0.65673828125, 0.71142578125, 6.1875, -0.625, -2.3125
-6357, -2397, 5457, 13874, 39, 9, -15, 17, 1360, 1437, 0.7445799645251668, 0.010685609975293603, 2.286436744891463, 0.00830078125, 0.6640625, 0.70166015625, 2.4375, 0.5625, -0.9375
-6358, -2398, 5451, 13876, -26, 17, 2, 7, 1324, 1451, 0.7439253009570949, 0.010302919630347173, 2.2862944755183516, 0.00341796875, 0.646484375, 0.70849609375, -1.625, 1.0625, 0.125
-6362, -2393, 5447, 13876, -31, 0, 12, 45, 1324, 1457, 0.7431583472903829, 0.010792718247745782, 2.2859579909571726, 0.02197265625, 0.646484375, 0.71142578125, -1.9375, 0.0, 0.75
-6362, -2393, 5447, 13877, 5, -11, -6, 21, 1319, 1465, 0.7431882317436491, 0.010774887971642099, 2.2860830236092253, 0.01025390625, 0.64404296875, 0.71533203125, 0.3125, -0.6875, -0.375
-6361, -2391, 5450, 13876, 20, -13, -2, 38, 1317, 1447, 0.7434203871520307, 0.011101101356047971, 2.2862278873993716, 0.0185546875, 0.64306640625, 0.70654296875, 1.25, -0.8125, -0.125
-6362, -2389, 5457, 13873, 26, -12, 16, 33, 1342, 1441, 0.7441435227677231, 0.01173371924373562, 2.286186092259293, 0.01611328125, 0.6552734375, 0.70361328125, 1.625, -0.75, 1.0
-6365, -2386, 5455, 13873, -22, -7, 12, 29, 1331, 1440, 0.7437436002681539, 0.012070956410328834, 2.2859632570742057, 0.01416015625, 0.64990234375, 0.703125, -1.375, -0.4375, 0.75
-6365, -2386, 5455, 13873, -4, -7, 12, 23, 1333, 1423, 0.7437436002681539, 0.012070956410328834, 2.2859632570742057, 0.01123046875, 0.65087890625, 0.69482421875, -0.25, -0.4375, 0.75
-6365, -2386, 5456, 13873, 4, -10, 10, 31, 1333, 1445, 0.7438747175492294, 0.012118382824582852, 2.2860129789888406, 0.01513671875, 0.65087890625, 0.70556640625, 0.25, -0.625, 0.625
-6365, -2382, 5458, 13873, -5, -24, 10, 24, 1330, 1420, 0.7439011569824046, 0.012626715246798405, 2.286219126371086, 0.01171875, 0.6494140625, 0.693359375, -0.3125, -1.5, 0.625
-6368, -2376, 5457, 13873, -23, -16, 20, 34, 1320, 1437, 0.7434556656937966, 0.013321495672426537, 2.286125992556237, 0.0166015625, 0.64453125, 0.70166015625, -1.4375, -1.0, 1.25
-6370, -2371, 5455, 13874, -29, -22, 19, 16, 1339, 1448, 0.74295499586874, 0.013807079784138674, 2.286149098110153, 0.0078125, 0.65380859375, 0.70703125, -1.8125, -1.375, 1.1875
-6375, -2371, 5443, 13876, -68, 33, 7, 27, 1317, 1431, 0.7415069782734818, 0.013404957077700414, 2.285463396935583, 0.01318359375, 0.64306640625, 0.69873046875, -4.25, 2.0625, 0.4375
-6374, -2380, 5437, 13877, -13, 34, -13, -18, 1308, 1427, 0.7412682245386858, 0.0121311689607219, 2.285119326441982, -0.0087890625, 0.638671875, 0.69677734375, -0.8125, 2.125, -0.8125
-6357, -2389, 5459, 13875, 150, -47, -61, -15, 1300, 1433, 0.744400168282973, 0.011589548156572158, 2.2868745305358833, -0.00732421875, 0.634765625, 0.69970703125, 9.375, -2.9375, -3.8125
-6340, -2395, 5483, 13872, 107, -47, -72, 37, 1413, 1416, 0.747591507242217, 0.011465055584765127, 2.288688217546959, 0.01806640625, 0.68994140625, 0.69140625, 6.6875, -2.9375, -4.5
-6371, -2366, 5468, 13869, -215, 37, 121, 235, 1413, 1372, 0.7442293232391862, 0.015069920996601838, 2.286238425403925, 0.11474609375, 0.68994140625, 0.669921875, -13.4375, 2.3125, 7.5625
-6364, -2394, 5449, 13875, 52, 87, -55, -151, 1155, 1488, 0.7434758821021153, 0.010883173608663102, 2.285769965362543, -0.07373046875, 0.56396484375, 0.7265625, 3.25, 5.4375, -3.4375
-6354, -2407, 5495, 13859, 258, -25, -14, 73, 1382, 1429, 0.7496698559792905, 0.011597960427428054, 2.286393255882272, 0.03564453125, 0.6748046875, 0.69775390625, 16.125, -1.5625, -0.875
-6360, -2405, 5506, 13852, 23, -3, 43, 56, 1404, 1417, 0.7508659982828397, 0.012696875537724485, 2.2857184425813877, 0.02734375, 0.685546875, 0.69189453125, 1.4375, -0.1875, 2.6875
-6359, -2401, 5495, 13857, -43, 8, -28, 50, 1286, 1456, 0.7493210033030708, 0.01245805063795011, 2.2859660786071077, 0.0244140625, 0.6279296875, 0.7109375, -2.6875, 0.5, -1.75
-6365, -2399, 5492, 13856, 0, -6, 47, -12, 1317, 1461, 0.7488573809973016, 0.012785812886788008, 2.285338417625479, -0.005859375, 0.64306640625, 0.71337890625, 0.0, -0.375, 2.9375
-6360, -2400, 5493, 13858, 12, -16, -25, 7, 1335, 1459, 0.7490422778170245, 0.01248958394823612, 2.28594988289421, 0.00341796875, 0.65185546875, 0.71240234375, 0.75, -1.0, -1.5625
-6358, -2397, 5498, 13857, 17, -15, -9, 54, 1325, 1419, 0.7494659263983726, 0.012972234423598942, 2.2862916126310475, 0.0263671875, 0.64697265625, 0.69287109375, 1.0625, -0.9375, -0.5625
-6358, -2397, 5498, 13857, 6, 1, 15, 45, 1356, 1428, 0.7494659263983726, 0.012972234423598942, 2.2862916126310475, 0.02197265625, 0.662109375, 0.697265625, 0.375, 0.0625, 0.9375
-6358, -2397, 5498, 13857, -10, 4, 3, 31, 1350, 1447, 0.7494659263983726, 0.012972234423598942, 2.2862916126310475, 0.01513671875, 0.6591796875, 0.70654296875, -0.625, 0.25, 0.1875
-6358, -2392, 5496, 13859, -21, -14, -6, 45, 1311, 1434, 0.7489681393226411, 0.013358096180805454, 2.2865753196218743, 0.02197265625, 0.64013671875, 0.7001953125, -1.3125, -0.875, -0.375
-6357, -2391, 5499, 13858, 20, -7, -2, 36, 1334, 1443, 0.7492603687166486, 0.013580329906049102, 2.286695604832848, 0.017578125, 0.6513671875, 0.70458984375, 1.25, -0.4375, -0.125
-6356, -2389, 5503, 13858, 18, -21, 0, 28, 1351, 1446, 0.7496552220147616, 0.013935316613134853, 2.2870178447502996, 0.013671875, 0.65966796875, 0.7060546875, 1.125, -1.3125, 0.0
-6355, -2387, 5504, 13858, -10, -17, 0, 24, 1354, 1443, 0.7496558412268255, 0.014148185785474858, 2.2871896830882896, 0.01171875, 0.6611328125, 0.70458984375, -0.625, -1.0625, 0.0
-6354, -2383, 5500, 13861, -29, -16, -4, 25, 1336, 1442, 0.7489715230769014, 0.01427756328375218, 2.287538557649347, 0.01220703125, 0.65234375, 0.7041015625, -1.8125, -1.0, -0.25
-6354, -2374, 5498, 13863, -28, -36, 10, 31, 1332, 1449, 0.7482393351400765, 0.015077044560909296, 2.2879298701786706, 0.01513671875, 0.650390625, 0.70751953125, -1.75, -2.25, 0.625
-6354, -2367, 5500, 13864, -11, -40, 13, 34, 1337, 1442, 0.7481211523334855, 0.015877198660972265, 2.2883432969739443, 0.0166015625, 0.65283203125, 0.7041015625, -0.6875, -2.5, 0.8125
-6355, -2360, 5505, 13863, -6, -35, 17, 44, 1352, 1411, 0.7483508508574895, 0.01689570315191923, 2.2885905728890212, 0.021484375, 0.66015625, 0.68896484375, -0.375, -2.1875, 1.0625
-6357, -2352, 5504, 13863, -30, -34, 23, 37, 1341, 1436, 0.7477762492344409, 0.01775679916739683, 2.2886202669907734, 0.01806640625, 0.65478515625, 0.701171875, -1.875, -2.125, 1.4375
-6362, -2347, 5496, 13865, -62, 6, 13, 51, 1328, 1421, 0.7465558275956208, 0.018064147660410756, 2.288262390273793, 0.02490234375, 0.6484375, 0.69384765625, -3.875, 0.375, 0.8125
-6368, -2349, 5485, 13866, -51, 44, 15, 30, 1318, 1427, 0.7453345289064297, 0.017563754323003805, 2.287373769957926, 0.0146484375, 0.6435546875, 0.69677734375, -3.1875, 2.75, 0.9375
-6362, -2354, 5490, 13866, 57, -1, -32, 21, 1290, 1448, 0.7462073698871308, 0.017038931378177156, 2.287897508531807, 0.01025390625, 0.6298828125, 0.70703125, 3.5625, -0.0625, -2.0
-6340, -2363, 5515, 13865, 112, -76, -77, -25, 1378, 1361, 0.7497092318035753, 0.016407696968386905, 2.2902806802408624, -0.01220703125, 0.6728515625, 0.66455078125, 7.0, -4.75, -4.8125
-6364, -2338, 5504, 13862, -221, 39, 85, 247, 1500, 1346, 0.7470165851109499, 0.019507602295714813, 2.288397852083013, 0.12060546875, 0.732421875, 0.6572265625, -13.8125, 2.4375, 5.3125
-6360, -2367, 5459, 13877, -41, 131, -72, -175, 1083, 1541, 0.7432042173778319, 0.013950778070769205, 2.2875081875083225, -0.08544921875, 0.52880859375, 0.75244140625, -2.5625, 8.1875, -4.5
-6348, -2385, 5506, 13861, 291, -10, -30, 67, 1335, 1411, 0.7498000601257392, 0.014108909855161783, 2.288192776033516, 0.03271484375, 0.65185546875, 0.68896484375, 18.1875, -0.625, -1.875
-6352, -2388, 5533, 13848, 92, 6, 34, 106, 1478, 1408, 0.7531908748015129, 0.015472433395818719, 2.28757986273144, 0.0517578125, 0.7216796875, 0.6875, 5.75, 0.375, 2.125
-6354, -2382, 5514, 13855, -94, 27, -27, 69, 1291, 1459, 0.7505735045675624, 0.015150187813647875, 2.2875208791388966, 0.03369140625, 0.63037109375, 0.71240234375, -5.875, 1.6875, -1.6875
-6359, -2382, 5506, 13856, -3, 10, 25, 0, 1293, 1489, 0.7496163436054917, 0.014958805414464545, 2.2869042483922386, 0.0, 0.63134765625, 0.72705078125, -0.1875, 0.625, 1.5625
-6353, -2381, 5505, 13860, 23, -24, -28, 8, 1290, 1480, 0.7494681859645018, 0.014697581691936424, 2.287786470939085, 0.00390625, 0.6298828125, 0.72265625, 1.4375, -1.5, -1.75
-6346, -2388, 5516, 13857, 84, -7, -35, 26, 1344, 1455, 0.751145837146436, 0.014261043664792382, 2.2882513745568827, 0.0126953125, 0.65625, 0.71044921875, 5.25, -0.4375, -2.1875
-6345, -2385, 5525, 13855, 22, -21, 8, 53, 1376, 1424, 0.752080719984092, 0.014990757086485111, 2.288604074419004, 0.02587890625, 0.671875, 0.6953125, 1.375, -1.3125, 0.5
-6347, -2376, 5516, 13859, -77, -18, 4, 41, 1355, 1440, 0.7505133817289898, 0.01550578619536924, 2.2887568296446954, 0.02001953125, 0.66162109375, 0.703125, -4.8125, -1.125, 0.25
-6346, -2373, 5508, 13863, -36, -7, -13, 29, 1314, 1448, 0.7493919399154247, 0.015325468170155782, 2.289001899581776, 0.01416015625, 0.6416015625, 0.70703125, -2.25, -0.4375, -0.8125
-6345, -2370, 5517, 13861, 42, -28, 7, 49, 1320, 1429, 0.7503270304446867, 0.016055163560433253, 2.2893541513516653, 0.02392578125, 0.64453125, 0.69775390625, 2.625, -1.75, 0.4375
-6341, -2372, 5527, 13858, 53, -15, -10, 33, 1356, 1432, 0.7516189620429522, 0.016209678906105477, 2.289702012990736, 0.01611328125, 0.662109375, 0.69921875, 3.3125, -0.9375, -0.625
-6341, -2373, 5527, 13858, -7, -2, 3, 13, 1372, 1441, 0.7516776255456002, 0.01610641528027865, 2.2896748896335355, 0.00634765625, 0.669921875, 0.70361328125, -0.4375, -0.125, 0.1875
-6341, -2373, 5527, 13858, -14, -2, 14, 16, 1327, 1444, 0.7516776255456002, 0.01610641528027865, 2.2896748896335355, 0.0078125, 0.64794921875, 0.705078125, -0.875, -0.125, 0.875
-6343, -2371, 5530, 13856, 20, -5, 16, 45, 1326, 1426, 0.7519210243766553, 0.016572444253723995, 2.2894956523621532, 0.02197265625, 0.6474609375, 0.6962890625, 1.25, -0.3125, 1.0
-6344, -2374, 5542, 13850, 63, -6, 20, 36, 1355, 1422, 0.7535102079774962, 0.01697732106680363, 2.2892060596285546, 0.017578125, 0.66162109375, 0.6943359375, 3.9375, -0.375, 1.25
-6347, -2374, 5553, 13845, 43, -9, 30, 46, 1373, 1427, 0.7548482110539345, 0.017709920193987122, 2.2889376745243046, 0.0224609375, 0.67041015625, 0.69677734375, 2.6875, -0.5625, 1.875
-6352, -2371, 5554, 13842, 2, 5, 29, 54, 1351, 1442, 0.7547779451222627, 0.018326667620431447, 2.2883579116245256, 0.0263671875, 0.65966796875, 0.7041015625, 0.125, 0.3125, 1.8125
-6360, -2372, 5550, 13840, -19, 32, 30, 40, 1335, 1423, 0.7543520794210761, 0.01840039609585729, 2.2873366470894902, 0.01953125, 0.65185546875, 0.69482421875, -1.1875, 2.0, 1.875
-6364, -2376, 5549, 13838, 14, 27, 17, 40, 1321, 1425, 0.75444669416402, 0.018141281258502513, 2.2866575128296613, 0.01953125, 0.64501953125, 0.69580078125, 0.875, 1.6875, 1.0625
-6356, -2385, 5565, 13834, 118, -10, -29, 17, 1311, 1413, 0.7568616334801198, 0.017711328574594877, 2.2872698561015166, 0.00830078125, 0.64013671875, 0.68994140625, 7.375, -0.625, -1.8125
-6347, -2386, 5582, 13831, 66, -46, -27, 37, 1405, 1406, 0.7589571046676306, 0.018092397427679003, 2.288345139986014, 0.01806640625, 0.68603515625, 0.6865234375, 4.125, -2.875, -1.6875
-6371, -2362, 5563, 13832, -198, 32, 87, 188, 1369, 1360, 0.7553788531694956, 0.020644708148370685, 2.2865301698281244, 0.091796875, 0.66845703125, 0.6640625, -12.375, 2.0, 5.4375
-6365, -2386, 5542, 13838, 27, 84, -51, -111, 1185, 1480, 0.7541260436666096, 0.01681945052625362, 2.285963537995657, -0.05419921875, 0.57861328125, 0.72265625, 1.6875, 5.25, -3.1875
-6355, -2405, 5584, 13823, 243, 20, -41, 94, 1406, 1396, 0.7602024746601236, 0.01670501588384904, 2.2863920984785246, 0.0458984375, 0.6865234375, 0.681640625, 15.1875, 1.25, -2.5625
-6360, -2414, 5594, 13815, 47, 50, 21, 68, 1412, 1402, 0.7618779809490427, 0.016603860223738692, 2.2853243624064503, 0.033203125, 0.689453125, 0.6845703125, 2.9375, 3.125, 1.3125
-6366, -2413, 5575, 13820, -80, 59, -17, 69, 1306, 1447, 0.7595404485702723, 0.015965707875313154, 2.2845985863073097, 0.03369140625, 0.6376953125, 0.70654296875, -5.0, 3.6875, -1.0625
-6370, -2421, 5566, 13820, -2, 44, 16, -12, 1315, 1459, 0.7588798163997886, 0.01488084876377717, 2.283652723394712, -0.005859375, 0.64208984375, 0.71240234375, -0.125, 2.75, 1.0
-6368, -2427, 5567, 13820, 31, 26, -23, 32, 1328, 1427, 0.7593411699915273, 0.014227482845110854, 2.2836756035059684, 0.015625, 0.6484375, 0.69677734375, 1.9375, 1.625, -1.4375
-6370, -2428, 5564, 13820, -5, 18, -3, 37, 1359, 1455, 0.75903136494488, 0.014065073740086, 2.2833610195188094, 0.01806640625, 0.66357421875, 0.71044921875, -0.3125, 1.125, -0.1875
-6367, -2434, 5562, 13821, -2, 24, -26, 22, 1360, 1426, 0.7591146407263701, 0.013209816544011634, 2.2834234498898267, 0.0107421875, 0.6640625, 0.6962890625, -0.125, 1.5, -1.625
-6372, -2433, 5556, 13821, -31, 24, 11, 44, 1364, 1438, 0.758330633834831, 0.013235143281416086, 2.2828088110015097, 0.021484375, 0.666015625, 0.7021484375, -1.9375, 1.5, 0.6875
-6374, -2434, 5552, 13822, -17, 13, 5, 19, 1339, 1436, 0.7579196660766675, 0.013006845290346007, 2.2825688384503984, 0.00927734375, 0.65380859375, 0.701171875, -1.0625, 0.8125, 0.3125
-6375, -2437, 5548, 13822, -8, 21, 0, 14, 1341, 1426, 0.7575845609861724, 0.012549237971398947, 2.2822173790222493, 0.0068359375, 0.65478515625, 0.6962890625, -0.5, 1.3125, 0.0
-6377, -2444, 5548, 13821, 14, 25, 7, 2, 1351, 1424, 0.7579974921534883, 0.011929198907803867, 2.281768985106545, 0.0009765625, 0.65966796875, 0.6953125, 0.875, 1.5625, 0.4375
-6380, -2447, 5552, 13817, 16, 23, 16, 37, 1375, 1410, 0.7586223146561049, 0.012007353645066174, 2.281189420560074, 0.01806640625, 0.67138671875, 0.6884765625, 1.0, 1.4375, 1.0
-6385, -2452, 5553, 13813, 7, 40, 15, 40, 1351, 1408, 0.7589982134048643, 0.011820092363754758, 2.2802693460784287, 0.01953125, 0.65966796875, 0.6875, 0.4375, 2.5, 0.9375
-6391, -2456, 5554, 13809, 24, 31, 31, 21, 1330, 1414, 0.7593281492129357, 0.011777479527256893, 2.279309457057008, 0.01025390625, 0.6494140625, 0.6904296875, 1.5, 1.9375, 1.9375
-6397, -2462, 5559, 13803, 39, 39, 27, 41, 1347, 1409, 0.7602445122353152, 0.011756817636795312, 2.278249436057016, 0.02001953125, 0.65771484375, 0.68798828125, 2.4375, 2.4375, 1.6875
-6401, -2468, 5560, 13800, 15, 36, 17, 14, 1344, 1410, 0.7606985056225273, 0.011408278447499797, 2.27749553722603, 0.0068359375, 0.65625, 0.6884765625, 0.9375, 2.25, 1.0625
-6406, -2474, 5557, 13798, 5, 36, 18, 5, 1332, 1421, 0.7606701234005718, 0.010892144639414597, 2.2765963700178204, 0.00244140625, 0.650390625, 0.69384765625, 0.3125, 2.25, 1.125
-6411, -2484, 5545, 13799, -28, 81, -3, 12, 1332, 1432, 0.7597895179587756, 0.00947935919707515, 2.2755084246122426, 0.005859375, 0.650390625, 0.69921875, -1.75, 5.0625, -0.1875
-6412, -2503, 5536, 13799, 15, 104, -33, -4, 1322, 1440, 0.7597646355081676, 0.007137232519168697, 2.274475992107777, -0.001953125, 0.6455078125, 0.703125, 0.9375, 6.5, -2.0625
-6399, -2528, 5548, 13795, 131, 45, -68, -56, 1341, 1401, 0.762555624029558, 0.004678177016060938, 2.274779328964197, -0.02734375, 0.65478515625, 0.68408203125, 8.1875, 2.8125, -4.25
-6396, -2530, 5550, 13796, -9, 22, -45, 79, 1390, 1403, 0.7629285164828458, 0.004425063269441235, 2.275152897381989, 0.03857421875, 0.6787109375, 0.68505859375, -0.5625, 1.375, -2.8125
-6423, -2499, 5503, 13807, -294, 50, 71, 144, 1308, 1486, 0.7555804240991524, 0.006273996267237223, 2.273185822062339, 0.0703125, 0.638671875, 0.7255859375, -18.375, 3.125, 4.4375
-6415, -2535, 5501, 13805, 140, 125, -68, -86, 1180, 1419, 0.7573284577337263, 0.0021848099924016025, 2.2724107695949547, -0.0419921875, 0.576171875, 0.69287109375, 8.75, 7.8125, -4.25
-6401, -2569, 5546, 13788, 271, 57, -59, 10, 1446, 1349, 0.7646002624846296, 0.0005854219532618834, 2.272567645874178, 0.0048828125, 0.7060546875, 0.65869140625, 16.9375, 3.5625, -3.6875
-6397, -2579, 5543, 13788, -8, 64, -61, 47, 1397, 1404, 0.7647604993609718, -0.0007501319754285106, 2.2724140618407307, 0.02294921875, 0.68212890625, 0.685546875, -0.5, 4.0, -3.8125
-6393, -2592, 5525, 13795, -32, 89, -84, 11, 1318, 1469, 0.7633445558117591, -0.0032433551788798114, 2.272306945877934, 0.00537109375, 0.6435546875, 0.71728515625, -2.0, 5.5625, -5.25
-6387, -2602, 5507, 13803, -30, 54, -62, -56, 1307, 1485, 0.7617497457215446, -0.005529826749999163, 2.272545215698408, -0.02734375, 0.63818359375, 0.72509765625, -1.875, 3.375, -3.875
-6375, -2608, 5487, 13816, -39, 18, -94, -67, 1309, 1529, 0.7597138235161244, -0.007841838801332435, 2.2738271773000034, -0.03271484375, 0.63916015625, 0.74658203125, -2.4375, 1.125, -5.875
-6357, -2616, 5477, 13827, 9, -4, -116, -64, 1327, 1515, 0.7589658905475536, -0.010089322733203862, 2.2757080516850694, -0.03125, 0.64794921875, 0.73974609375, 0.5625, -0.25, -7.25
-6347, -2609, 5477, 13833, -17, -49, -61, 8, 1394, 1476, 0.7585744004239318, -0.009892878370788236, 2.2773186519724167, 0.00390625, 0.6806640625, 0.720703125, -1.0625, -3.0625, -3.8125
-6337, -2601, 5474, 13840, -53, -50, -51, -11, 1417, 1456, 0.7577599235639543, -0.009753724613524204, 2.278934549092934, -0.00537109375, 0.69189453125, 0.7109375, -3.3125, -3.125, -3.1875
-6330, -2591, 5474, 13845, -29, -59, -37, 3, 1353, 1423, 0.757201042349534, -0.009104549008017182, 2.280299404782091, 0.00146484375, 0.66064453125, 0.69482421875, -1.8125, -3.6875, -2.3125
-6322, -2583, 5487, 13845, 38, -75, -14, -1, 1379, 1423, 0.7583069760156755, -0.007993224442999597, 2.2816921233140866, -0.00048828125, 0.67333984375, 0.69482421875, 2.375, -4.6875, -0.875
-6313, -2580, 5508, 13841, 81, -73, -14, -14, 1399, 1390, 0.7606360609592829, -0.006987032519273644, 2.282915785671412, -0.0068359375, 0.68310546875, 0.6787109375, 5.0625, -4.5625, -0.875
-6307, -2578, 5527, 13837, 66, -64, 7, -21, 1408, 1392, 0.7628084168383386, -0.006057336715444116, 2.2838161897373106, -0.01025390625, 0.6875, 0.6796875, 4.125, -4.0, 0.4375
-6306, -2569, 5542, 13833, 41, -73, 34, -7, 1386, 1393, 0.764103648125238, -0.004389337388518346, 2.2843731558542455, -0.00341796875, 0.6767578125, 0.68017578125, 2.5625, -4.5625, 2.125
-6307, -2558, 5556, 13829, 45, -73, 40, 0, 1359, 1411, 0.7651767103062692, -0.00248022631777056, 2.284803308724106, 0.0, 0.66357421875, 0.68896484375, 2.8125, -4.5625, 2.5
-6304, -2553, 5575, 13823, 91, -75, 35, -22, 1354, 1400, 0.767157914139736, -0.0010827111333014667, 2.285345851694287, -0.0107421875, 0.6611328125, 0.68359375, 5.6875, -4.6875, 2.1875
-6303, -2546, 5593, 13818, 77, -78, 43, -22, 1390, 1422, 0.7689471188090017, 0.0005368218083722999, 2.2858875603274282, -0.0107421875, 0.6787109375, 0.6943359375, 4.8125, -4.875, 2.6875
-6304, -2535, 5600, 13816, 9, -75, 42, -19, 1390, 1433, 0.7691637656531647, 0.002077521388109238, 2.286225424275735, -0.00927734375, 0.6787109375, 0.69970703125, 0.5625, -4.6875, 2.625
-6309, -2522, 5599, 13817, -29, -53, 50, -2, 1369, 1443, 0.7683498477396797, 0.003558531463323561, 2.28631752622859, -0.0009765625, 0.66845703125, 0.70458984375, -1.8125, -3.3125, 3.125
-6314, -2512, 5597, 13817, -16, -37, 43, 4, 1348, 1451, 0.7675544737105777, 0.004702481077303, 2.286152135051249, 0.001953125, 0.658203125, 0.70849609375, -1.0, -2.3125, 2.6875
-6309, -2504, 5614, 13814, 89, -87, 18, 0, 1369, 1465, 0.7691640539498726, 0.006172621704501554, 2.287198841415186, 0.0, 0.66845703125, 0.71533203125, 5.5625, -5.4375, 1.125
-6286, -2490, 5651, 13812, 166, -210, -25, -44, 1403, 1429, 0.7728580896323626, 0.00842153549755547, 2.290780700525807, -0.021484375, 0.68505859375, 0.69775390625, 10.375, -13.125, -1.5625
-6313, -2431, 5652, 13810, -226, -138, 157, 259, 1533, 1365, 0.7697914028816772, 0.0157136678193123, 2.2903904522513816, 0.12646484375, 0.74853515625, 0.66650390625, -14.125, -8.625, 9.8125
-6324, -2425, 5618, 13820, -74, 7, 66, -101, 1152, 1527, 0.7653814106477884, 0.015011486934119142, 2.289306288979739, -0.04931640625, 0.5625, 0.74560546875, -4.625, 0.4375, 4.125
-6314, -2427, 5673, 13801, 289, -123, 44, 8, 1362, 1352, 0.7720805622351085, 0.017318212896717942, 2.290402619236531, 0.00390625, 0.6650390625, 0.66015625, 18.0625, -7.6875, 2.75
-6313, -2411, 5717, 13787, 112, -137, 73, 94, 1489, 1295, 0.7765462577878183, 0.021242934714055285, 2.291473428800333, 0.0458984375, 0.72705078125, 0.63232421875, 7.0, -8.5625, 4.5625
-6324, -2374, 5712, 13790, -115, -123, 83, 122, 1364, 1402, 0.773944614742656, 0.025224588950967006, 2.291876276207823, 0.0595703125, 0.666015625, 0.6845703125, -7.1875, -7.6875, 5.1875
-6332, -2351, 5716, 13789, -44, -85, 76, 82, 1382, 1389, 0.7732050789603228, 0.028135412910924962, 2.2920662913515253, 0.0400390625, 0.6748046875, 0.67822265625, -2.75, -5.3125, 4.75
-6339, -2331, 5700, 13796, -130, -50, 46, 61, 1332, 1404, 0.7702140749978149, 0.029611623283528028, 2.292177488799264, 0.02978515625, 0.650390625, 0.685546875, -8.125, -3.125, 2.875
-6343, -2322, 5690, 13799, -58, -34, 34, 23, 1299, 1387, 0.7685032104449107, 0.030182354395695877, 2.292004821730207, 0.01123046875, 0.63427734375, 0.67724609375, -3.625, -2.125, 2.125
-6352, -2312, 5698, 13794, -16, -34, 70, 77, 1387, 1348, 0.7689456604810438, 0.03205764993055193, 2.291476550833499, 0.03759765625, 0.67724609375, 0.658203125, -1.0, -2.125, 4.375
-6363, -2310, 5689, 13793, -99, 21, 62, 36, 1419, 1351, 0.7677390300469664, 0.03232085883153528, 2.2901912549721426, 0.017578125, 0.69287109375, 0.65966796875, -6.1875, 1.3125, 3.875
-6376, -2308, 5669, 13795, -143, 49, 52, 46, 1377, 1354, 0.7651890731350446, 0.0320928049511964, 2.2885659716853013, 0.0224609375, 0.67236328125, 0.6611328125, -8.9375, 3.0625, 3.25
-6396, -2306, 5656, 13792, -83, 76, 84, 95, 1351, 1395, 0.7635051838248383, 0.032575407801040165, 2.286218471247338, 0.04638671875, 0.65966796875, 0.68115234375, -5.1875, 4.75, 5.25
-6414, -2310, 5648, 13786, -41, 83, 79, 81, 1339, 1382, 0.7627192282454345, 0.03264390014937421, 2.2837324827216214, 0.03955078125, 0.65380859375, 0.6748046875, -2.5625, 5.1875, 4.9375
-6435, -2313, 5642, 13778, -35, 90, 85, 108, 1365, 1390, 0.7621182026459109, 0.033069886051493566, 2.2809313188653513, 0.052734375, 0.66650390625, 0.6787109375, -2.1875, 5.625, 5.3125
-6459, -2314, 5630, 13772, -63, 94, 105, 96, 1336, 1409, 0.7607062270094652, 0.03350230396261413, 2.2779211532504267, 0.046875, 0.65234375, 0.68798828125, -3.9375, 5.875, 6.5625
-6482, -2317, 5616, 13766, -57, 108, 89, 100, 1345, 1443, 0.7591377273945612, 0.03358675164694581, 2.274821887392744, 0.048828125, 0.65673828125, 0.70458984375, -3.5625, 6.75, 5.5625
-6500, -2322, 5598, 13764, -62, 87, 77, 33, 1321, 1449, 0.7572217756172748, 0.03298964423538404, 2.272295173586663, 0.01611328125, 0.64501953125, 0.70751953125, -3.875, 5.4375, 4.8125
-6519, -2329, 5574, 13764, -89, 108, 67, 36, 1339, 1488, 0.7547121969776994, 0.03189799177041091, 2.2695907394125174, 0.017578125, 0.65380859375, 0.7265625, -5.5625, 6.75, 4.1875
-6535, -2342, 5551, 13763, -74, 135, 42, 36, 1362, 1511, 0.7526301447469584, 0.030126054566336144, 2.266859387111655, 0.017578125, 0.6650390625, 0.73779296875, -4.625, 8.4375, 2.625
-6535, -2358, 5557, 13758, 127, 28, 16, -28, 1307, 1529, 0.7542198213461673, 0.02886480805098833, 2.2661175688780277, -0.013671875, 0.63818359375, 0.74658203125, 7.9375, 1.75, 1.0
-6543, -2342, 5556, 13757, -74, -54, 71, 68, 1393, 1407, 0.7532080918592761, 0.030805676642999765, 2.2658378709240976, 0.033203125, 0.68017578125, 0.68701171875, -4.625, -3.375, 4.4375
-6579, -2276, 5488, 13778, -486, -43, 133, 225, 1321, 1579, 0.7414600345135691, 0.035373971677017516, 2.2643140137928808, 0.10986328125, 0.64501953125, 0.77099609375, -30.375, -2.6875, 8.3125
-6571, -2285, 5470, 13788, 32, -16, -32, -115, 1146, 1551, 0.739835943036705, 0.0330701395098155, 2.26493632306838, -0.05615234375, 0.5595703125, 0.75732421875, 2.0, -1.0, -2.0
-6557, -2292, 5505, 13779, 159, -102, 4, -25, 1425, 1421, 0.7443884614897971, 0.033644354826113866, 2.266352723287633, -0.01220703125, 0.69580078125, 0.69384765625, 9.9375, -6.375, 0.25
-6556, -2269, 5502, 13785, -127, -99, 16, 92, 1438, 1421, 0.7428067223460093, 0.03571783202039703, 2.267625677883613, 0.044921875, 0.7021484375, 0.69384765625, -7.9375, -6.1875, 1.0
-6568, -2225, 5462, 13802, -319, -106, 63, 90, 1320, 1492, 0.7356417845693084, 0.038491499564954824, 2.2680581193503513, 0.0439453125, 0.64453125, 0.728515625, -19.9375, -6.625, 3.9375
-6574, -2189, 5429, 13818, -236, -95, 34, 84, 1277, 1525, 0.7297757429003602, 0.04056197946365046, 2.2689171232914727, 0.041015625, 0.62353515625, 0.74462890625, -14.75, -5.9375, 2.125
-6576, -2164, 5407, 13830, -148, -75, 10, 80, 1230, 1486, 0.7258310794637148, 0.041946491964517635, 2.2698186610241304, 0.0390625, 0.6005859375, 0.7255859375, -9.25, -4.6875, 0.625
-6583, -2135, 5408, 13831, -53, -120, 77, 113, 1265, 1463, 0.7243943131996508, 0.045252977248886654, 2.2702843934138692, 0.05517578125, 0.61767578125, 0.71435546875, -3.3125, -7.5, 4.8125
-6586, -2110, 5415, 13830, -69, -117, 59, 115, 1345, 1404, 0.7238708088872337, 0.04831263617985855, 2.2709697241339994, 0.05615234375, 0.65673828125, 0.685546875, -4.3125, -7.3125, 3.6875
-6599, -2082, 5400, 13834, -183, -59, 79, 138, 1322, 1419, 0.7205709940700253, 0.05092595565211065, 2.270563306353299, 0.0673828125, 0.6455078125, 0.69287109375, -11.4375, -3.6875, 4.9375
-6614, -2060, 5382, 13837, -170, -30, 81, 131, 1258, 1394, 0.7172206936216473, 0.052866583864400594, 2.269585855755595, 0.06396484375, 0.6142578125, 0.6806640625, -10.625, -1.875, 5.0625
-6625, -2044, 5371, 13839, -116, -25, 65, 114, 1266, 1418, 0.7150543739097279, 0.05438593732433734, 2.268953407848922, 0.0556640625, 0.6181640625, 0.6923828125, -7.25, -1.5625, 4.0625
-6634, -2037, 5370, 13836, -37, -14, 69, 98, 1272, 1418, 0.7145353174192991, 0.055465582581315384, 2.2681055501908203, 0.0478515625, 0.62109375, 0.6923828125, -2.3125, -0.875, 4.3125
-6647, -2035, 5374, 13828, -1, 9, 87, 111, 1306, 1447, 0.7148496156525997, 0.056512912770262866, 2.266490529863944, 0.05419921875, 0.6376953125, 0.70654296875, -0.0625, 0.5625, 5.4375
-6662, -2037, 5378, 13819, -8, 29, 92, 93, 1331, 1430, 0.7153859240579552, 0.057243767288955374, 2.2645156197500023, 0.04541015625, 0.64990234375, 0.6982421875, -0.5, 1.8125, 5.75
-6683, -2033, 5366, 13814, -73, 51, 112, 123, 1289, 1491, 0.7136801388295045, 0.057976503272673105, 2.261976400532178, 0.06005859375, 0.62939453125, 0.72802734375, -4.5625, 3.1875, 7.0
-6704, -2029, 5357, 13808, -35, 38, 119, 97, 1255, 1503, 0.7123359951185265, 0.058870459083467316, 2.259468328686184, 0.04736328125, 0.61279296875, 0.73388671875, -2.1875, 2.375, 7.4375
-6723, -2026, 5354, 13801, 3, 25, 112, 105, 1256, 1530, 0.7117780110962402, 0.05989463303261223, 2.2572532557034215, 0.05126953125, 0.61328125, 0.7470703125, 0.1875, 1.5625, 7.0
-6745, -2028, 5338, 13796, -60, 90, 100, 114, 1266, 1517, 0.7099128224484134, 0.05983795178184872, 2.254294951132722, 0.0556640625, 0.6181640625, 0.74072265625, -3.75, 5.625, 6.25
-6764, -2037, 5327, 13789, 8, 103, 75, 124, 1238, 1560, 0.7090126905041874, 0.05921929967620269, 2.2513650566033907, 0.060546875, 0.6044921875, 0.76171875, 0.5, 6.4375, 4.6875
-6755, -2067, 5366, 13775, 324, -3, 0, -1, 1193, 1490, 0.7153020552584164, 0.05795627076654899, 2.2514434760810436, -0.00048828125, 0.58251953125, 0.7275390625, 20.25, -0.1875, 0.0
-6781, -2057, 5377, 13759, -120, 45, 149, 244, 1506, 1288, 0.7159684506285224, 0.06082808777677451, 2.2485464462482265, 0.119140625, 0.7353515625, 0.62890625, -7.5, 2.8125, 9.3125
-6809, -2048, 5299, 13776, -256, 162, 50, 101, 1019, 1706, 0.7061513989838095, 0.058652130424884076, 2.2450554703632415, 0.04931640625, 0.49755859375, 0.8330078125, -16.0, 10.125, 3.125
-6800, -2097, 5347, 13755, 443, 88, -28, 26, 1117, 1452, 0.7145136186271378, 0.056023133671141714, 2.244228325209398, 0.0126953125, 0.54541015625, 0.708984375, 27.6875, 5.5, -1.75
-6795, -2122, 5416, 13726, 339, 4, 27, 191, 1469, 1394, 0.7240249133190074, 0.05721552059678185, 2.24384510972307, 0.09326171875, 0.71728515625, 0.6806640625, 21.1875, 0.25, 1.6875
-6804, -2102, 5421, 13723, -8, -50, 48, 223, 1267, 1475, 0.723513820535915, 0.05992913151261744, 2.2436560159446657, 0.10888671875, 0.61865234375, 0.72021484375, -0.5, -3.125, 3.0
-6810, -2072, 5414, 13727, -64, -89, 47, 181, 1244, 1559, 0.7210312326713809, 0.06282733752066867, 2.2441686359612483, 0.08837890625, 0.607421875, 0.76123046875, -4.0, -5.5625, 2.9375
-6803, -2056, 5403, 13737, -34, -101, -13, 61, 1223, 1588, 0.7188837633374349, 0.06347191292719316, 2.2457165451517285, 0.02978515625, 0.59716796875, 0.775390625, -2.125, -6.3125, -0.8125
-6788, -2052, 5407, 13744, 75, -102, -50, 35, 1211, 1570, 0.7192111065961011, 0.06337255338606336, 2.2478921151641553, 0.01708984375, 0.59130859375, 0.7666015625, 4.6875, -6.375, -3.125
-6771, -2048, 5428, 13745, 125, -126, -38, 66, 1272, 1517, 0.7215531616442551, 0.06414301878448915, 2.2503374201502724, 0.0322265625, 0.62109375, 0.74072265625, 7.8125, -7.875, -2.375
-6761, -2030, 5441, 13747, 14, -136, -11, 136, 1327, 1485, 0.7221537054432255, 0.06621094506708258, 2.252393879292157, 0.06640625, 0.64794921875, 0.72509765625, 0.875, -8.5, -0.6875
-6754, -2006, 5436, 13756, -97, -104, -26, 165, 1309, 1479, 0.7203080799516268, 0.0680032454842902, 2.254342518180993, 0.08056640625, 0.63916015625, 0.72216796875, -6.0625, -6.5, -1.625
-6741, -1984, 5427, 13769, -96, -116, -54, 138, 1250, 1464, 0.718116215718326, 0.06908987921237741, 2.256927144987429, 0.0673828125, 0.6103515625, 0.71484375, -6.0, -7.25, -3.375
-6725, -1969, 5440, 13774, 13, -117, -66, 171, 1276, 1421, 0.7189329457006121, 0.07056334290238653, 2.2596871269546046, 0.08349609375, 0.623046875, 0.69384765625, 0.8125, -7.3125, -4.125
-6714, -1953, 5454, 13776, 10, -113, -31, 180, 1307, 1430, 0.7197942720351624, 0.07243549533200906, 2.26182382616435, 0.087890625, 0.63818359375, 0.6982421875, 0.625, -7.0625, -1.9375
-6706, -1944, 5467, 13776, 13, -74, -21, 172, 1333, 1432, 0.7209000116046047, 0.07368703000884713, 2.2632794686244653, 0.083984375, 0.65087890625, 0.69921875, 0.8125, -4.625, -1.3125
-6702, -1938, 5469, 13778, -35, -39, -15, 153, 1321, 1423, 0.7208397011895572, 0.07421236078642582, 2.264059100387893, 0.07470703125, 0.64501953125, 0.69482421875, -2.1875, -2.4375, -0.9375
-6699, -1936, 5472, 13779, -12, -30, -2, 129, 1299, 1427, 0.7211182314004663, 0.07443134182270414, 2.2645959644140095, 0.06298828125, 0.63427734375, 0.69677734375, -0.75, -1.875, -0.125
-6697, -1935, 5477, 13778, 16, -26, 4, 132, 1290, 1431, 0.7216657540033097, 0.0747171581740715, 2.2648957365863978, 0.064453125, 0.6298828125, 0.69873046875, 1.0, -1.625, 0.25
-6697, -1936, 5485, 13774, 32, -9, 13, 141, 1310, 1442, 0.7226505064558455, 0.07507236944316661, 2.2647942651650754, 0.06884765625, 0.6396484375, 0.7041015625, 2.0, -0.5625, 0.8125
-6704, -1943, 5470, 13776, -62, 80, 0, 158, 1281, 1471, 0.7212151478141396, 0.07385851707697967, 2.263597861447424, 0.0771484375, 0.62548828125, 0.71826171875, -3.875, 5.0, 0.0
-6705, -1963, 5462, 13776, 3, 123, -44, 157, 1296, 1466, 0.7213140294395255, 0.07144045967133641, 2.2625823874460047, 0.07666015625, 0.6328125, 0.7158203125, 0.1875, 7.6875, -2.75
-6687, -1998, 5497, 13766, 283, 28, -81, 56, 1251, 1421, 0.7273997702524491, 0.06900220048131332, 2.263460434978737, 0.02734375, 0.61083984375, 0.69384765625, 17.6875, 1.75, -5.0625
-6700, -1995, 5507, 13756, -78, 64, 50, 296, 1460, 1298, 0.7283803129159571, 0.07049377524197452, 2.2619603991390598, 0.14453125, 0.712890625, 0.6337890625, -4.875, 4.0, 3.125
-6725, -1974, 5420, 13781, -393, 139, 19, 169, 1130, 1644, 0.7168155748247322, 0.06894122150677301, 2.2593817193823114, 0.08251953125, 0.5517578125, 0.802734375, -24.5625, 8.6875, 1.1875
-6712, -2023, 5442, 13772, 304, 106, -75, -5, 1119, 1447, 0.722086128125684, 0.0646112892229216, 2.2589951449493175, -0.00244140625, 0.54638671875, 0.70654296875, 19.0, 6.625, -4.6875
-6704, -2054, 5497, 13750, 268, 41, -20, 177, 1485, 1362, 0.7303186795602742, 0.06418900900573822, 2.2588591668474125, 0.08642578125, 0.72509765625, 0.6650390625, 16.75, 2.5625, -1.25
-6712, -2046, 5485, 13752, -89, 50, 1, 239, 1317, 1466, 0.7284349485466373, 0.06470670703423091, 2.2581560771758142, 0.11669921875, 0.64306640625, 0.7158203125, -5.5625, 3.125, 0.0625
-6719, -2044, 5463, 13757, -94, 67, -6, 163, 1284, 1528, 0.725668767785184, 0.06401879360431181, 2.2572096692296992, 0.07958984375, 0.626953125, 0.74609375, -5.875, 4.1875, -0.375
-6720, -2044, 5438, 13766, -87, 38, -27, 95, 1236, 1541, 0.7226826597216389, 0.06266802861221887, 2.2569568526656676, 0.04638671875, 0.603515625, 0.75244140625, -5.4375, 2.375, -1.6875
-6713, -2050, 5430, 13772, 36, 9, -53, 80, 1223, 1561, 0.7220859066985482, 0.06127458355521283, 2.2575975156409642, 0.0390625, 0.59716796875, 0.76220703125, 2.25, 0.5625, -3.3125
-6702, -2060, 5441, 13772, 102, -13, -53, 94, 1284, 1506, 0.7239762719333872, 0.06035103087246544, 2.25864048323193, 0.0458984375, 0.626953125, 0.7353515625, 6.375, -0.8125, -3.3125
-6699, -2061, 5445, 13772, 9, -7, -18, 128, 1336, 1485, 0.7245228798215263, 0.0603264065951198, 2.259022524736389, 0.0625, 0.65234375, 0.72509765625, 0.5625, -0.4375, -1.125
-6697, -2056, 5429, 13779, -92, -4, -22, 99, 1307, 1490, 0.7223309477168016, 0.059851886962204295, 2.2593247311295497, 0.04833984375, 0.63818359375, 0.7275390625, -5.75, -0.25, -1.375
-6695, -2051, 5419, 13785, -65, -7, -23, 115, 1287, 1485, 0.7208942688980395, 0.059693510254367026, 2.2598189314454675, 0.05615234375, 0.62841796875, 0.72509765625, -4.0625, -0.4375, -1.4375
-6690, -2051, 5424, 13785, 30, -25, -16, 118, 1284, 1471, 0.7214903416696415, 0.059740943245447015, 2.2604097820755253, 0.0576171875, 0.626953125, 0.71826171875, 1.875, -1.5625, -1.0
-6687, -2050, 5438, 13782, 50, -31, -6, 136, 1313, 1434, 0.7231380313039325, 0.06046705433240454, 2.2609903717805855, 0.06640625, 0.64111328125, 0.7001953125, 3.125, -1.9375, -0.375
-6685, -2048, 5447, 13780, 22, -26, 2, 138, 1336, 1444, 0.7241168729555693, 0.06107128672953981, 2.2613955812746016, 0.0673828125, 0.65234375, 0.705078125, 1.375, -1.625, 0.125
-6687, -2042, 5445, 13780, -23, -13, 12, 128, 1280, 1464, 0.7235322265434224, 0.06166995033771945, 2.261313997412984, 0.0625, 0.625, 0.71484375, -1.4375, -0.8125, 0.75
-6687, -2043, 5444, 13780, -6, 0, -2, 113, 1282, 1464, 0.7234589180755965, 0.06151716958885077, 2.261235150281379, 0.05517578125, 0.6259765625, 0.71484375, -0.375, 0.0, -0.125
-6685, -2042, 5445, 13781, 7, -17, -4, 100, 1274, 1462, 0.7235398408878821, 0.061573416206152594, 2.2615718731938323, 0.048828125, 0.6220703125, 0.7138671875, 0.4375, -1.0625, -0.25
-6684, -2039, 5448, 13781, 12, -25, 5, 120, 1277, 1464, 0.7237485310551943, 0.06199107304769911, 2.2618740483254647, 0.05859375, 0.62353515625, 0.71484375, 0.75, -1.5625, 0.3125
-6685, -2038, 5443, 13782, -27, 14, -2, 133, 1295, 1464, 0.7230782085873727, 0.06186988800086218, 2.2616963662747027, 0.06494140625, 0.63232421875, 0.71484375, -1.6875, 0.875, -0.125
-6685, -2048, 5431, 13786, -44, 67, -32, 110, 1299, 1469, 0.7222056802518995, 0.0601811845629066, 2.2613108897032665, 0.0537109375, 0.63427734375, 0.71728515625, -2.75, 4.1875, -2.0
-6670, -2065, 5439, 13787, 126, 22, -93, 85, 1223, 1495, 0.724090713496967, 0.05820680923046118, 2.2624038546588334, 0.04150390625, 0.59716796875, 0.72998046875, 7.875, 1.375, -5.8125
-6642, -2078, 5470, 13786, 173, -88, -109, 42, 1261, 1349, 0.7285472102309815, 0.05728480529916621, 2.2654155721738225, 0.0205078125, 0.61572265625, 0.65869140625, 10.8125, -5.5, -6.8125
-6668, -2028, 5438, 13794, -369, -29, 101, 340, 1419, 1416, 0.7220210621274945, 0.061777421003226626, 2.264328343900578, 0.166015625, 0.69287109375, 0.69140625, -23.0625, -1.8125, 6.3125
-6664, -2053, 5408, 13804, 7, 104, -62, -47, 1074, 1521, 0.7197922446179393, 0.057395762890751365, 2.263635339391128, -0.02294921875, 0.5244140625, 0.74267578125, 0.4375, 6.5, -3.875
-6650, -2077, 5457, 13788, 282, -15, -32, 98, 1357, 1416, 0.7269391359605503, 0.05703810107028723, 2.2644819913241965, 0.0478515625, 0.66259765625, 0.69140625, 17.625, -0.9375, -2.0
-6641, -2084, 5477, 13783, 52, -4, -48, 165, 1446, 1423, 0.72970820166209, 0.057020272649159716, 2.2653152728693713, 0.08056640625, 0.7060546875, 0.69482421875, 3.25, -0.25, -3.0
-6642, -2081, 5464, 13789, -54, 35, -36, 171, 1274, 1488, 0.7280249026792976, 0.0566321712885725, 2.265399810116595, 0.08349609375, 0.6220703125, 0.7265625, -3.375, 2.1875, -2.25
-6641, -2087, 5457, 13791, -5, 34, -18, 95, 1284, 1497, 0.727502981530698, 0.05559596009433458, 2.265193370777356, 0.04638671875, 0.626953125, 0.73095703125, -0.3125, 2.125, -1.125
